ISO-10303-21;
HEADER;
FILE_DESCRIPTION(('Open CASCADE Model'),'2;1');
FILE_NAME('Open CASCADE Shape Model','2026-10-07T00:17:03',('Author'),(
    'Open CASCADE'),'Open CASCADE STEP processor 7.9','Open CASCADE 7.9'
  ,'Unknown');
FILE_SCHEMA(('AUTOMOTIVE_DESIGN { 1 0 10303 214 1 1 1 1 }'));
ENDSEC;
DATA;
#1 = APPLICATION_PROTOCOL_DEFINITION('international standard',
  'automotive_design',2000,#2);
#2 = APPLICATION_CONTEXT(
  'core data for automotive mechanical design processes');
#3 = SHAPE_DEFINITION_REPRESENTATION(#4,#10);
#4 = PRODUCT_DEFINITION_SHAPE('','',#5);
#5 = PRODUCT_DEFINITION('design','',#6,#9);
#6 = PRODUCT_DEFINITION_FORMATION('','',#7);
#7 = PRODUCT('Open CASCADE STEP translator 7.9 1',
  'Open CASCADE STEP translator 7.9 1','',(#8));
#8 = PRODUCT_CONTEXT('',#2,'mechanical');
#9 = PRODUCT_DEFINITION_CONTEXT('part definition',#2,'design');
#10 = ADVANCED_BREP_SHAPE_REPRESENTATION('',(#11,#15),#11946);
#11 = AXIS2_PLACEMENT_3D('',#12,#13,#14);
#12 = CARTESIAN_POINT('',(0.,0.,0.));
#13 = DIRECTION('',(0.,0.,1.));
#14 = DIRECTION('',(1.,0.,-0.));
#15 = MANIFOLD_SOLID_BREP('',#16);
#16 = CLOSED_SHELL('',(#17,#428,#1253,#1302,#1489,#3497,#3544,#3572,
    #6476,#6521,#6549,#6633,#7171,#7199,#7372,#7379,#7566,#7591,#7640,
    #7733,#7782,#7809,#7902,#7929,#7978,#8071,#8120,#8147,#8240,#8267,
    #8316,#8409,#8458,#8485,#8578,#8605,#8660,#8715,#8770,#8825,#8857,
    #8862,#8867,#8899,#8904,#8909,#8941,#8946,#8951,#8978,#9005,#9032,
    #9059,#9086,#9113,#9140,#9167,#9194,#9221,#9248,#9275,#9302,#9329,
    #9356,#9383,#9410,#9437,#9464,#9491,#9518,#9545,#9572,#9599,#9626,
    #9653,#9680,#9707,#9734,#9761,#9788,#9815,#9842,#9869,#9896,#9923,
    #9950,#9977,#10004,#10031,#10058,#10085,#10110,#10135,#10142,#10167,
    #10192,#10199,#10224,#10249,#10256,#10281,#10306,#10313,#10338,
    #10363,#10370,#10395,#10420,#10427,#10434,#10479,#10506,#10553,
    #10598,#10625,#10672,#10717,#10744,#10791,#10836,#10863,#10910,
    #10955,#10982,#11029,#11074,#11101,#11148,#11193,#11220,#11227,
    #11282,#11324,#11331,#11338,#11345,#11352,#11359,#11366,#11421,
    #11476,#11531,#11586,#11639,#11692,#11745,#11798,#11851,#11906,
    #11910,#11914,#11918,#11922,#11926,#11930,#11934,#11938,#11942));
#17 = ADVANCED_FACE('',(#18),#32,.F.);
#18 = FACE_BOUND('',#19,.F.);
#19 = EDGE_LOOP('',(#20,#55,#83,#111,#140,#163,#192,#215,#244,#267,#295,
    #323,#349,#376,#402));
#20 = ORIENTED_EDGE('',*,*,#21,.F.);
#21 = EDGE_CURVE('',#22,#24,#26,.T.);
#22 = VERTEX_POINT('',#23);
#23 = CARTESIAN_POINT('',(0.,1.,206.));
#24 = VERTEX_POINT('',#25);
#25 = CARTESIAN_POINT('',(0.,6.25,206.));
#26 = SURFACE_CURVE('',#27,(#31,#43),.PCURVE_S1.);
#27 = LINE('',#28,#29);
#28 = CARTESIAN_POINT('',(0.,0.,206.));
#29 = VECTOR('',#30,1.);
#30 = DIRECTION('',(0.,1.,0.));
#31 = PCURVE('',#32,#37);
#32 = PLANE('',#33);
#33 = AXIS2_PLACEMENT_3D('',#34,#35,#36);
#34 = CARTESIAN_POINT('',(0.,0.,0.));
#35 = DIRECTION('',(1.,0.,0.));
#36 = DIRECTION('',(0.,0.,1.));
#37 = DEFINITIONAL_REPRESENTATION('',(#38),#42);
#38 = LINE('',#39,#40);
#39 = CARTESIAN_POINT('',(206.,0.));
#40 = VECTOR('',#41,1.);
#41 = DIRECTION('',(0.,-1.));
#42 = ( GEOMETRIC_REPRESENTATION_CONTEXT(2) 
PARAMETRIC_REPRESENTATION_CONTEXT() REPRESENTATION_CONTEXT('2D SPACE',''
  ) );
#43 = PCURVE('',#44,#49);
#44 = PLANE('',#45);
#45 = AXIS2_PLACEMENT_3D('',#46,#47,#48);
#46 = CARTESIAN_POINT('',(0.,0.,206.));
#47 = DIRECTION('',(0.,0.,1.));
#48 = DIRECTION('',(1.,0.,0.));
#49 = DEFINITIONAL_REPRESENTATION('',(#50),#54);
#50 = LINE('',#51,#52);
#51 = CARTESIAN_POINT('',(0.,0.));
#52 = VECTOR('',#53,1.);
#53 = DIRECTION('',(0.,1.));
#54 = ( GEOMETRIC_REPRESENTATION_CONTEXT(2) 
PARAMETRIC_REPRESENTATION_CONTEXT() REPRESENTATION_CONTEXT('2D SPACE',''
  ) );
#55 = ORIENTED_EDGE('',*,*,#56,.F.);
#56 = EDGE_CURVE('',#57,#22,#59,.T.);
#57 = VERTEX_POINT('',#58);
#58 = CARTESIAN_POINT('',(0.,-4.107825191113E-15,205.));
#59 = SURFACE_CURVE('',#60,(#64,#71),.PCURVE_S1.);
#60 = LINE('',#61,#62);
#61 = CARTESIAN_POINT('',(0.,-51.,154.));
#62 = VECTOR('',#63,1.);
#63 = DIRECTION('',(-0.,0.707106781187,0.707106781187));
#64 = PCURVE('',#32,#65);
#65 = DEFINITIONAL_REPRESENTATION('',(#66),#70);
#66 = LINE('',#67,#68);
#67 = CARTESIAN_POINT('',(154.,51.));
#68 = VECTOR('',#69,1.);
#69 = DIRECTION('',(0.707106781187,-0.707106781187));
#70 = ( GEOMETRIC_REPRESENTATION_CONTEXT(2) 
PARAMETRIC_REPRESENTATION_CONTEXT() REPRESENTATION_CONTEXT('2D SPACE',''
  ) );
#71 = PCURVE('',#72,#77);
#72 = PLANE('',#73);
#73 = AXIS2_PLACEMENT_3D('',#74,#75,#76);
#74 = CARTESIAN_POINT('',(0.,0.5,205.5));
#75 = DIRECTION('',(0.,0.707106781187,-0.707106781187));
#76 = DIRECTION('',(-1.,-0.,-0.));
#77 = DEFINITIONAL_REPRESENTATION('',(#78),#82);
#78 = LINE('',#79,#80);
#79 = CARTESIAN_POINT('',(-0.,-72.83199846221));
#80 = VECTOR('',#81,1.);
#81 = DIRECTION('',(-0.,1.));
#82 = ( GEOMETRIC_REPRESENTATION_CONTEXT(2) 
PARAMETRIC_REPRESENTATION_CONTEXT() REPRESENTATION_CONTEXT('2D SPACE',''
  ) );
#83 = ORIENTED_EDGE('',*,*,#84,.F.);
#84 = EDGE_CURVE('',#85,#57,#87,.T.);
#85 = VERTEX_POINT('',#86);
#86 = CARTESIAN_POINT('',(0.,4.357625371654E-15,185.63245553203));
#87 = SURFACE_CURVE('',#88,(#92,#99),.PCURVE_S1.);
#88 = LINE('',#89,#90);
#89 = CARTESIAN_POINT('',(0.,0.,0.));
#90 = VECTOR('',#91,1.);
#91 = DIRECTION('',(0.,0.,1.));
#92 = PCURVE('',#32,#93);
#93 = DEFINITIONAL_REPRESENTATION('',(#94),#98);
#94 = LINE('',#95,#96);
#95 = CARTESIAN_POINT('',(0.,0.));
#96 = VECTOR('',#97,1.);
#97 = DIRECTION('',(1.,0.));
#98 = ( GEOMETRIC_REPRESENTATION_CONTEXT(2) 
PARAMETRIC_REPRESENTATION_CONTEXT() REPRESENTATION_CONTEXT('2D SPACE',''
  ) );
#99 = PCURVE('',#100,#105);
#100 = PLANE('',#101);
#101 = AXIS2_PLACEMENT_3D('',#102,#103,#104);
#102 = CARTESIAN_POINT('',(0.,0.,0.));
#103 = DIRECTION('',(0.,1.,0.));
#104 = DIRECTION('',(0.,0.,1.));
#105 = DEFINITIONAL_REPRESENTATION('',(#106),#110);
#106 = LINE('',#107,#108);
#107 = CARTESIAN_POINT('',(0.,0.));
#108 = VECTOR('',#109,1.);
#109 = DIRECTION('',(1.,0.));
#110 = ( GEOMETRIC_REPRESENTATION_CONTEXT(2) 
PARAMETRIC_REPRESENTATION_CONTEXT() REPRESENTATION_CONTEXT('2D SPACE',''
  ) );
#111 = ORIENTED_EDGE('',*,*,#112,.F.);
#112 = EDGE_CURVE('',#113,#85,#115,.T.);
#113 = VERTEX_POINT('',#114);
#114 = CARTESIAN_POINT('',(0.,4.218847493576E-15,184.36754446796));
#115 = SURFACE_CURVE('',#116,(#121,#128),.PCURVE_S1.);
#116 = CIRCLE('',#117,0.7);
#117 = AXIS2_PLACEMENT_3D('',#118,#119,#120);
#118 = CARTESIAN_POINT('',(0.,-0.3,185.));
#119 = DIRECTION('',(1.,-0.,0.));
#120 = DIRECTION('',(0.,0.428571428571,-0.903507902905));
#121 = PCURVE('',#32,#122);
#122 = DEFINITIONAL_REPRESENTATION('',(#123),#127);
#123 = CIRCLE('',#124,0.7);
#124 = AXIS2_PLACEMENT_2D('',#125,#126);
#125 = CARTESIAN_POINT('',(185.,0.3));
#126 = DIRECTION('',(-0.903507902905,-0.428571428571));
#127 = ( GEOMETRIC_REPRESENTATION_CONTEXT(2) 
PARAMETRIC_REPRESENTATION_CONTEXT() REPRESENTATION_CONTEXT('2D SPACE',''
  ) );
#128 = PCURVE('',#129,#134);
#129 = CYLINDRICAL_SURFACE('',#130,0.7);
#130 = AXIS2_PLACEMENT_3D('',#131,#132,#133);
#131 = CARTESIAN_POINT('',(-1.,-0.3,185.));
#132 = DIRECTION('',(-1.,-0.,-0.));
#133 = DIRECTION('',(0.,1.,0.));
#134 = DEFINITIONAL_REPRESENTATION('',(#135),#139);
#135 = LINE('',#136,#137);
#136 = CARTESIAN_POINT('',(-5.155300024458,-1.));
#137 = VECTOR('',#138,1.);
#138 = DIRECTION('',(-1.,-0.));
#139 = ( GEOMETRIC_REPRESENTATION_CONTEXT(2) 
PARAMETRIC_REPRESENTATION_CONTEXT() REPRESENTATION_CONTEXT('2D SPACE',''
  ) );
#140 = ORIENTED_EDGE('',*,*,#141,.F.);
#141 = EDGE_CURVE('',#142,#113,#144,.T.);
#142 = VERTEX_POINT('',#143);
#143 = CARTESIAN_POINT('',(0.,4.357625371654E-15,130.63245553203));
#144 = SURFACE_CURVE('',#145,(#149,#156),.PCURVE_S1.);
#145 = LINE('',#146,#147);
#146 = CARTESIAN_POINT('',(0.,0.,0.));
#147 = VECTOR('',#148,1.);
#148 = DIRECTION('',(0.,0.,1.));
#149 = PCURVE('',#32,#150);
#150 = DEFINITIONAL_REPRESENTATION('',(#151),#155);
#151 = LINE('',#152,#153);
#152 = CARTESIAN_POINT('',(0.,0.));
#153 = VECTOR('',#154,1.);
#154 = DIRECTION('',(1.,0.));
#155 = ( GEOMETRIC_REPRESENTATION_CONTEXT(2) 
PARAMETRIC_REPRESENTATION_CONTEXT() REPRESENTATION_CONTEXT('2D SPACE',''
  ) );
#156 = PCURVE('',#100,#157);
#157 = DEFINITIONAL_REPRESENTATION('',(#158),#162);
#158 = LINE('',#159,#160);
#159 = CARTESIAN_POINT('',(0.,0.));
#160 = VECTOR('',#161,1.);
#161 = DIRECTION('',(1.,0.));
#162 = ( GEOMETRIC_REPRESENTATION_CONTEXT(2) 
PARAMETRIC_REPRESENTATION_CONTEXT() REPRESENTATION_CONTEXT('2D SPACE',''
  ) );
#163 = ORIENTED_EDGE('',*,*,#164,.F.);
#164 = EDGE_CURVE('',#165,#142,#167,.T.);
#165 = VERTEX_POINT('',#166);
#166 = CARTESIAN_POINT('',(0.,4.218847493576E-15,129.36754446796));
#167 = SURFACE_CURVE('',#168,(#173,#180),.PCURVE_S1.);
#168 = CIRCLE('',#169,0.7);
#169 = AXIS2_PLACEMENT_3D('',#170,#171,#172);
#170 = CARTESIAN_POINT('',(0.,-0.3,130.));
#171 = DIRECTION('',(1.,-0.,0.));
#172 = DIRECTION('',(0.,0.428571428571,-0.903507902905));
#173 = PCURVE('',#32,#174);
#174 = DEFINITIONAL_REPRESENTATION('',(#175),#179);
#175 = CIRCLE('',#176,0.7);
#176 = AXIS2_PLACEMENT_2D('',#177,#178);
#177 = CARTESIAN_POINT('',(130.,0.3));
#178 = DIRECTION('',(-0.903507902905,-0.428571428571));
#179 = ( GEOMETRIC_REPRESENTATION_CONTEXT(2) 
PARAMETRIC_REPRESENTATION_CONTEXT() REPRESENTATION_CONTEXT('2D SPACE',''
  ) );
#180 = PCURVE('',#181,#186);
#181 = CYLINDRICAL_SURFACE('',#182,0.7);
#182 = AXIS2_PLACEMENT_3D('',#183,#184,#185);
#183 = CARTESIAN_POINT('',(-1.,-0.3,130.));
#184 = DIRECTION('',(-1.,-0.,-0.));
#185 = DIRECTION('',(0.,1.,0.));
#186 = DEFINITIONAL_REPRESENTATION('',(#187),#191);
#187 = LINE('',#188,#189);
#188 = CARTESIAN_POINT('',(-5.155300024458,-1.));
#189 = VECTOR('',#190,1.);
#190 = DIRECTION('',(-1.,-0.));
#191 = ( GEOMETRIC_REPRESENTATION_CONTEXT(2) 
PARAMETRIC_REPRESENTATION_CONTEXT() REPRESENTATION_CONTEXT('2D SPACE',''
  ) );
#192 = ORIENTED_EDGE('',*,*,#193,.F.);
#193 = EDGE_CURVE('',#194,#165,#196,.T.);
#194 = VERTEX_POINT('',#195);
#195 = CARTESIAN_POINT('',(0.,4.357625371654E-15,80.632455532034));
#196 = SURFACE_CURVE('',#197,(#201,#208),.PCURVE_S1.);
#197 = LINE('',#198,#199);
#198 = CARTESIAN_POINT('',(0.,0.,0.));
#199 = VECTOR('',#200,1.);
#200 = DIRECTION('',(0.,0.,1.));
#201 = PCURVE('',#32,#202);
#202 = DEFINITIONAL_REPRESENTATION('',(#203),#207);
#203 = LINE('',#204,#205);
#204 = CARTESIAN_POINT('',(0.,0.));
#205 = VECTOR('',#206,1.);
#206 = DIRECTION('',(1.,0.));
#207 = ( GEOMETRIC_REPRESENTATION_CONTEXT(2) 
PARAMETRIC_REPRESENTATION_CONTEXT() REPRESENTATION_CONTEXT('2D SPACE',''
  ) );
#208 = PCURVE('',#100,#209);
#209 = DEFINITIONAL_REPRESENTATION('',(#210),#214);
#210 = LINE('',#211,#212);
#211 = CARTESIAN_POINT('',(0.,0.));
#212 = VECTOR('',#213,1.);
#213 = DIRECTION('',(1.,0.));
#214 = ( GEOMETRIC_REPRESENTATION_CONTEXT(2) 
PARAMETRIC_REPRESENTATION_CONTEXT() REPRESENTATION_CONTEXT('2D SPACE',''
  ) );
#215 = ORIENTED_EDGE('',*,*,#216,.F.);
#216 = EDGE_CURVE('',#217,#194,#219,.T.);
#217 = VERTEX_POINT('',#218);
#218 = CARTESIAN_POINT('',(0.,4.218847493576E-15,79.367544467966));
#219 = SURFACE_CURVE('',#220,(#225,#232),.PCURVE_S1.);
#220 = CIRCLE('',#221,0.7);
#221 = AXIS2_PLACEMENT_3D('',#222,#223,#224);
#222 = CARTESIAN_POINT('',(0.,-0.3,80.));
#223 = DIRECTION('',(1.,-0.,0.));
#224 = DIRECTION('',(0.,0.428571428571,-0.903507902905));
#225 = PCURVE('',#32,#226);
#226 = DEFINITIONAL_REPRESENTATION('',(#227),#231);
#227 = CIRCLE('',#228,0.7);
#228 = AXIS2_PLACEMENT_2D('',#229,#230);
#229 = CARTESIAN_POINT('',(80.,0.3));
#230 = DIRECTION('',(-0.903507902905,-0.428571428571));
#231 = ( GEOMETRIC_REPRESENTATION_CONTEXT(2) 
PARAMETRIC_REPRESENTATION_CONTEXT() REPRESENTATION_CONTEXT('2D SPACE',''
  ) );
#232 = PCURVE('',#233,#238);
#233 = CYLINDRICAL_SURFACE('',#234,0.7);
#234 = AXIS2_PLACEMENT_3D('',#235,#236,#237);
#235 = CARTESIAN_POINT('',(-1.,-0.3,80.));
#236 = DIRECTION('',(-1.,-0.,-0.));
#237 = DIRECTION('',(0.,1.,0.));
#238 = DEFINITIONAL_REPRESENTATION('',(#239),#243);
#239 = LINE('',#240,#241);
#240 = CARTESIAN_POINT('',(-5.155300024458,-1.));
#241 = VECTOR('',#242,1.);
#242 = DIRECTION('',(-1.,-0.));
#243 = ( GEOMETRIC_REPRESENTATION_CONTEXT(2) 
PARAMETRIC_REPRESENTATION_CONTEXT() REPRESENTATION_CONTEXT('2D SPACE',''
  ) );
#244 = ORIENTED_EDGE('',*,*,#245,.F.);
#245 = EDGE_CURVE('',#246,#217,#248,.T.);
#246 = VERTEX_POINT('',#247);
#247 = CARTESIAN_POINT('',(0.,0.,0.));
#248 = SURFACE_CURVE('',#249,(#253,#260),.PCURVE_S1.);
#249 = LINE('',#250,#251);
#250 = CARTESIAN_POINT('',(0.,0.,0.));
#251 = VECTOR('',#252,1.);
#252 = DIRECTION('',(0.,0.,1.));
#253 = PCURVE('',#32,#254);
#254 = DEFINITIONAL_REPRESENTATION('',(#255),#259);
#255 = LINE('',#256,#257);
#256 = CARTESIAN_POINT('',(0.,0.));
#257 = VECTOR('',#258,1.);
#258 = DIRECTION('',(1.,0.));
#259 = ( GEOMETRIC_REPRESENTATION_CONTEXT(2) 
PARAMETRIC_REPRESENTATION_CONTEXT() REPRESENTATION_CONTEXT('2D SPACE',''
  ) );
#260 = PCURVE('',#100,#261);
#261 = DEFINITIONAL_REPRESENTATION('',(#262),#266);
#262 = LINE('',#263,#264);
#263 = CARTESIAN_POINT('',(0.,0.));
#264 = VECTOR('',#265,1.);
#265 = DIRECTION('',(1.,0.));
#266 = ( GEOMETRIC_REPRESENTATION_CONTEXT(2) 
PARAMETRIC_REPRESENTATION_CONTEXT() REPRESENTATION_CONTEXT('2D SPACE',''
  ) );
#267 = ORIENTED_EDGE('',*,*,#268,.F.);
#268 = EDGE_CURVE('',#269,#246,#271,.T.);
#269 = VERTEX_POINT('',#270);
#270 = CARTESIAN_POINT('',(0.,6.25,0.));
#271 = SURFACE_CURVE('',#272,(#276,#283),.PCURVE_S1.);
#272 = LINE('',#273,#274);
#273 = CARTESIAN_POINT('',(0.,6.25,0.));
#274 = VECTOR('',#275,1.);
#275 = DIRECTION('',(0.,-1.,0.));
#276 = PCURVE('',#32,#277);
#277 = DEFINITIONAL_REPRESENTATION('',(#278),#282);
#278 = LINE('',#279,#280);
#279 = CARTESIAN_POINT('',(0.,-6.25));
#280 = VECTOR('',#281,1.);
#281 = DIRECTION('',(0.,1.));
#282 = ( GEOMETRIC_REPRESENTATION_CONTEXT(2) 
PARAMETRIC_REPRESENTATION_CONTEXT() REPRESENTATION_CONTEXT('2D SPACE',''
  ) );
#283 = PCURVE('',#284,#289);
#284 = PLANE('',#285);
#285 = AXIS2_PLACEMENT_3D('',#286,#287,#288);
#286 = CARTESIAN_POINT('',(0.,0.,0.));
#287 = DIRECTION('',(0.,0.,1.));
#288 = DIRECTION('',(1.,0.,0.));
#289 = DEFINITIONAL_REPRESENTATION('',(#290),#294);
#290 = LINE('',#291,#292);
#291 = CARTESIAN_POINT('',(0.,6.25));
#292 = VECTOR('',#293,1.);
#293 = DIRECTION('',(0.,-1.));
#294 = ( GEOMETRIC_REPRESENTATION_CONTEXT(2) 
PARAMETRIC_REPRESENTATION_CONTEXT() REPRESENTATION_CONTEXT('2D SPACE',''
  ) );
#295 = ORIENTED_EDGE('',*,*,#296,.T.);
#296 = EDGE_CURVE('',#269,#297,#299,.T.);
#297 = VERTEX_POINT('',#298);
#298 = CARTESIAN_POINT('',(0.,6.25,12.));
#299 = SURFACE_CURVE('',#300,(#304,#311),.PCURVE_S1.);
#300 = LINE('',#301,#302);
#301 = CARTESIAN_POINT('',(0.,6.25,0.));
#302 = VECTOR('',#303,1.);
#303 = DIRECTION('',(0.,0.,1.));
#304 = PCURVE('',#32,#305);
#305 = DEFINITIONAL_REPRESENTATION('',(#306),#310);
#306 = LINE('',#307,#308);
#307 = CARTESIAN_POINT('',(0.,-6.25));
#308 = VECTOR('',#309,1.);
#309 = DIRECTION('',(1.,0.));
#310 = ( GEOMETRIC_REPRESENTATION_CONTEXT(2) 
PARAMETRIC_REPRESENTATION_CONTEXT() REPRESENTATION_CONTEXT('2D SPACE',''
  ) );
#311 = PCURVE('',#312,#317);
#312 = PLANE('',#313);
#313 = AXIS2_PLACEMENT_3D('',#314,#315,#316);
#314 = CARTESIAN_POINT('',(0.,6.25,0.));
#315 = DIRECTION('',(0.,1.,0.));
#316 = DIRECTION('',(0.,0.,1.));
#317 = DEFINITIONAL_REPRESENTATION('',(#318),#322);
#318 = LINE('',#319,#320);
#319 = CARTESIAN_POINT('',(0.,0.));
#320 = VECTOR('',#321,1.);
#321 = DIRECTION('',(1.,0.));
#322 = ( GEOMETRIC_REPRESENTATION_CONTEXT(2) 
PARAMETRIC_REPRESENTATION_CONTEXT() REPRESENTATION_CONTEXT('2D SPACE',''
  ) );
#323 = ORIENTED_EDGE('',*,*,#324,.T.);
#324 = EDGE_CURVE('',#297,#325,#327,.T.);
#325 = VERTEX_POINT('',#326);
#326 = CARTESIAN_POINT('',(0.,2.5,12.));
#327 = SURFACE_CURVE('',#328,(#332,#338),.PCURVE_S1.);
#328 = LINE('',#329,#330);
#329 = CARTESIAN_POINT('',(0.,1.25,12.));
#330 = VECTOR('',#331,1.);
#331 = DIRECTION('',(0.,-1.,0.));
#332 = PCURVE('',#32,#333);
#333 = DEFINITIONAL_REPRESENTATION('',(#334),#337);
#334 = B_SPLINE_CURVE_WITH_KNOTS('',1,(#335,#336),.UNSPECIFIED.,.F.,.F.,
  (2,2),(-5.,-1.25),.PIECEWISE_BEZIER_KNOTS.);
#335 = CARTESIAN_POINT('',(12.,-6.25));
#336 = CARTESIAN_POINT('',(12.,-2.5));
#337 = ( GEOMETRIC_REPRESENTATION_CONTEXT(2) 
PARAMETRIC_REPRESENTATION_CONTEXT() REPRESENTATION_CONTEXT('2D SPACE',''
  ) );
#338 = PCURVE('',#339,#344);
#339 = PLANE('',#340);
#340 = AXIS2_PLACEMENT_3D('',#341,#342,#343);
#341 = CARTESIAN_POINT('',(-1.,2.5,12.));
#342 = DIRECTION('',(0.,0.,1.));
#343 = DIRECTION('',(1.,0.,0.));
#344 = DEFINITIONAL_REPRESENTATION('',(#345),#348);
#345 = B_SPLINE_CURVE_WITH_KNOTS('',1,(#346,#347),.UNSPECIFIED.,.F.,.F.,
  (2,2),(-5.,-1.25),.PIECEWISE_BEZIER_KNOTS.);
#346 = CARTESIAN_POINT('',(1.,3.75));
#347 = CARTESIAN_POINT('',(1.,0.));
#348 = ( GEOMETRIC_REPRESENTATION_CONTEXT(2) 
PARAMETRIC_REPRESENTATION_CONTEXT() REPRESENTATION_CONTEXT('2D SPACE',''
  ) );
#349 = ORIENTED_EDGE('',*,*,#350,.T.);
#350 = EDGE_CURVE('',#325,#351,#353,.T.);
#351 = VERTEX_POINT('',#352);
#352 = CARTESIAN_POINT('',(0.,2.5,20.));
#353 = SURFACE_CURVE('',#354,(#358,#364),.PCURVE_S1.);
#354 = LINE('',#355,#356);
#355 = CARTESIAN_POINT('',(0.,2.5,6.));
#356 = VECTOR('',#357,1.);
#357 = DIRECTION('',(0.,0.,1.));
#358 = PCURVE('',#32,#359);
#359 = DEFINITIONAL_REPRESENTATION('',(#360),#363);
#360 = B_SPLINE_CURVE_WITH_KNOTS('',1,(#361,#362),.UNSPECIFIED.,.F.,.F.,
  (2,2),(6.,14.),.PIECEWISE_BEZIER_KNOTS.);
#361 = CARTESIAN_POINT('',(12.,-2.5));
#362 = CARTESIAN_POINT('',(20.,-2.5));
#363 = ( GEOMETRIC_REPRESENTATION_CONTEXT(2) 
PARAMETRIC_REPRESENTATION_CONTEXT() REPRESENTATION_CONTEXT('2D SPACE',''
  ) );
#364 = PCURVE('',#365,#370);
#365 = PLANE('',#366);
#366 = AXIS2_PLACEMENT_3D('',#367,#368,#369);
#367 = CARTESIAN_POINT('',(-1.,2.5,12.));
#368 = DIRECTION('',(0.,1.,0.));
#369 = DIRECTION('',(0.,0.,1.));
#370 = DEFINITIONAL_REPRESENTATION('',(#371),#375);
#371 = LINE('',#372,#373);
#372 = CARTESIAN_POINT('',(-6.,1.));
#373 = VECTOR('',#374,1.);
#374 = DIRECTION('',(1.,0.));
#375 = ( GEOMETRIC_REPRESENTATION_CONTEXT(2) 
PARAMETRIC_REPRESENTATION_CONTEXT() REPRESENTATION_CONTEXT('2D SPACE',''
  ) );
#376 = ORIENTED_EDGE('',*,*,#377,.F.);
#377 = EDGE_CURVE('',#378,#351,#380,.T.);
#378 = VERTEX_POINT('',#379);
#379 = CARTESIAN_POINT('',(0.,6.25,20.));
#380 = SURFACE_CURVE('',#381,(#385,#391),.PCURVE_S1.);
#381 = LINE('',#382,#383);
#382 = CARTESIAN_POINT('',(0.,1.25,20.));
#383 = VECTOR('',#384,1.);
#384 = DIRECTION('',(0.,-1.,0.));
#385 = PCURVE('',#32,#386);
#386 = DEFINITIONAL_REPRESENTATION('',(#387),#390);
#387 = B_SPLINE_CURVE_WITH_KNOTS('',1,(#388,#389),.UNSPECIFIED.,.F.,.F.,
  (2,2),(-5.,-1.25),.PIECEWISE_BEZIER_KNOTS.);
#388 = CARTESIAN_POINT('',(20.,-6.25));
#389 = CARTESIAN_POINT('',(20.,-2.5));
#390 = ( GEOMETRIC_REPRESENTATION_CONTEXT(2) 
PARAMETRIC_REPRESENTATION_CONTEXT() REPRESENTATION_CONTEXT('2D SPACE',''
  ) );
#391 = PCURVE('',#392,#397);
#392 = PLANE('',#393);
#393 = AXIS2_PLACEMENT_3D('',#394,#395,#396);
#394 = CARTESIAN_POINT('',(-1.,2.5,20.));
#395 = DIRECTION('',(0.,0.,1.));
#396 = DIRECTION('',(1.,0.,0.));
#397 = DEFINITIONAL_REPRESENTATION('',(#398),#401);
#398 = B_SPLINE_CURVE_WITH_KNOTS('',1,(#399,#400),.UNSPECIFIED.,.F.,.F.,
  (2,2),(-5.,-1.25),.PIECEWISE_BEZIER_KNOTS.);
#399 = CARTESIAN_POINT('',(1.,3.75));
#400 = CARTESIAN_POINT('',(1.,0.));
#401 = ( GEOMETRIC_REPRESENTATION_CONTEXT(2) 
PARAMETRIC_REPRESENTATION_CONTEXT() REPRESENTATION_CONTEXT('2D SPACE',''
  ) );
#402 = ORIENTED_EDGE('',*,*,#403,.T.);
#403 = EDGE_CURVE('',#378,#24,#404,.T.);
#404 = SURFACE_CURVE('',#405,(#409,#416),.PCURVE_S1.);
#405 = LINE('',#406,#407);
#406 = CARTESIAN_POINT('',(0.,6.25,0.));
#407 = VECTOR('',#408,1.);
#408 = DIRECTION('',(0.,0.,1.));
#409 = PCURVE('',#32,#410);
#410 = DEFINITIONAL_REPRESENTATION('',(#411),#415);
#411 = LINE('',#412,#413);
#412 = CARTESIAN_POINT('',(0.,-6.25));
#413 = VECTOR('',#414,1.);
#414 = DIRECTION('',(1.,0.));
#415 = ( GEOMETRIC_REPRESENTATION_CONTEXT(2) 
PARAMETRIC_REPRESENTATION_CONTEXT() REPRESENTATION_CONTEXT('2D SPACE',''
  ) );
#416 = PCURVE('',#417,#422);
#417 = PLANE('',#418);
#418 = AXIS2_PLACEMENT_3D('',#419,#420,#421);
#419 = CARTESIAN_POINT('',(0.,6.25,0.));
#420 = DIRECTION('',(0.,1.,0.));
#421 = DIRECTION('',(0.,0.,1.));
#422 = DEFINITIONAL_REPRESENTATION('',(#423),#427);
#423 = LINE('',#424,#425);
#424 = CARTESIAN_POINT('',(0.,0.));
#425 = VECTOR('',#426,1.);
#426 = DIRECTION('',(1.,0.));
#427 = ( GEOMETRIC_REPRESENTATION_CONTEXT(2) 
PARAMETRIC_REPRESENTATION_CONTEXT() REPRESENTATION_CONTEXT('2D SPACE',''
  ) );
#428 = ADVANCED_FACE('',(#429),#44,.T.);
#429 = FACE_BOUND('',#430,.T.);
#430 = EDGE_LOOP('',(#431,#432,#455,#483,#511,#539,#562,#590,#618,#646,
    #669,#697,#725,#753,#776,#804,#832,#860,#883,#911,#939,#967,#990,
    #1018,#1046,#1074,#1097,#1125,#1153,#1181,#1204,#1232));
#431 = ORIENTED_EDGE('',*,*,#21,.F.);
#432 = ORIENTED_EDGE('',*,*,#433,.T.);
#433 = EDGE_CURVE('',#22,#434,#436,.T.);
#434 = VERTEX_POINT('',#435);
#435 = CARTESIAN_POINT('',(250.,1.,206.));
#436 = SURFACE_CURVE('',#437,(#441,#448),.PCURVE_S1.);
#437 = LINE('',#438,#439);
#438 = CARTESIAN_POINT('',(0.,1.,206.));
#439 = VECTOR('',#440,1.);
#440 = DIRECTION('',(1.,0.,0.));
#441 = PCURVE('',#44,#442);
#442 = DEFINITIONAL_REPRESENTATION('',(#443),#447);
#443 = LINE('',#444,#445);
#444 = CARTESIAN_POINT('',(0.,1.));
#445 = VECTOR('',#446,1.);
#446 = DIRECTION('',(1.,0.));
#447 = ( GEOMETRIC_REPRESENTATION_CONTEXT(2) 
PARAMETRIC_REPRESENTATION_CONTEXT() REPRESENTATION_CONTEXT('2D SPACE',''
  ) );
#448 = PCURVE('',#72,#449);
#449 = DEFINITIONAL_REPRESENTATION('',(#450),#454);
#450 = LINE('',#451,#452);
#451 = CARTESIAN_POINT('',(-0.,0.707106781187));
#452 = VECTOR('',#453,1.);
#453 = DIRECTION('',(-1.,0.));
#454 = ( GEOMETRIC_REPRESENTATION_CONTEXT(2) 
PARAMETRIC_REPRESENTATION_CONTEXT() REPRESENTATION_CONTEXT('2D SPACE',''
  ) );
#455 = ORIENTED_EDGE('',*,*,#456,.T.);
#456 = EDGE_CURVE('',#434,#457,#459,.T.);
#457 = VERTEX_POINT('',#458);
#458 = CARTESIAN_POINT('',(250.,6.25,206.));
#459 = SURFACE_CURVE('',#460,(#464,#471),.PCURVE_S1.);
#460 = LINE('',#461,#462);
#461 = CARTESIAN_POINT('',(250.,0.,206.));
#462 = VECTOR('',#463,1.);
#463 = DIRECTION('',(0.,1.,0.));
#464 = PCURVE('',#44,#465);
#465 = DEFINITIONAL_REPRESENTATION('',(#466),#470);
#466 = LINE('',#467,#468);
#467 = CARTESIAN_POINT('',(250.,0.));
#468 = VECTOR('',#469,1.);
#469 = DIRECTION('',(0.,1.));
#470 = ( GEOMETRIC_REPRESENTATION_CONTEXT(2) 
PARAMETRIC_REPRESENTATION_CONTEXT() REPRESENTATION_CONTEXT('2D SPACE',''
  ) );
#471 = PCURVE('',#472,#477);
#472 = PLANE('',#473);
#473 = AXIS2_PLACEMENT_3D('',#474,#475,#476);
#474 = CARTESIAN_POINT('',(250.,0.,0.));
#475 = DIRECTION('',(1.,0.,0.));
#476 = DIRECTION('',(0.,0.,1.));
#477 = DEFINITIONAL_REPRESENTATION('',(#478),#482);
#478 = LINE('',#479,#480);
#479 = CARTESIAN_POINT('',(206.,0.));
#480 = VECTOR('',#481,1.);
#481 = DIRECTION('',(0.,-1.));
#482 = ( GEOMETRIC_REPRESENTATION_CONTEXT(2) 
PARAMETRIC_REPRESENTATION_CONTEXT() REPRESENTATION_CONTEXT('2D SPACE',''
  ) );
#483 = ORIENTED_EDGE('',*,*,#484,.F.);
#484 = EDGE_CURVE('',#485,#457,#487,.T.);
#485 = VERTEX_POINT('',#486);
#486 = CARTESIAN_POINT('',(242.5,6.25,206.));
#487 = SURFACE_CURVE('',#488,(#492,#499),.PCURVE_S1.);
#488 = LINE('',#489,#490);
#489 = CARTESIAN_POINT('',(242.5,6.25,206.));
#490 = VECTOR('',#491,1.);
#491 = DIRECTION('',(1.,0.,0.));
#492 = PCURVE('',#44,#493);
#493 = DEFINITIONAL_REPRESENTATION('',(#494),#498);
#494 = LINE('',#495,#496);
#495 = CARTESIAN_POINT('',(242.5,6.25));
#496 = VECTOR('',#497,1.);
#497 = DIRECTION('',(1.,0.));
#498 = ( GEOMETRIC_REPRESENTATION_CONTEXT(2) 
PARAMETRIC_REPRESENTATION_CONTEXT() REPRESENTATION_CONTEXT('2D SPACE',''
  ) );
#499 = PCURVE('',#500,#505);
#500 = PLANE('',#501);
#501 = AXIS2_PLACEMENT_3D('',#502,#503,#504);
#502 = CARTESIAN_POINT('',(242.5,6.25,0.));
#503 = DIRECTION('',(0.,1.,0.));
#504 = DIRECTION('',(0.,0.,1.));
#505 = DEFINITIONAL_REPRESENTATION('',(#506),#510);
#506 = LINE('',#507,#508);
#507 = CARTESIAN_POINT('',(206.,0.));
#508 = VECTOR('',#509,1.);
#509 = DIRECTION('',(0.,1.));
#510 = ( GEOMETRIC_REPRESENTATION_CONTEXT(2) 
PARAMETRIC_REPRESENTATION_CONTEXT() REPRESENTATION_CONTEXT('2D SPACE',''
  ) );
#511 = ORIENTED_EDGE('',*,*,#512,.F.);
#512 = EDGE_CURVE('',#513,#485,#515,.T.);
#513 = VERTEX_POINT('',#514);
#514 = CARTESIAN_POINT('',(242.5,2.5,206.));
#515 = SURFACE_CURVE('',#516,(#520,#527),.PCURVE_S1.);
#516 = LINE('',#517,#518);
#517 = CARTESIAN_POINT('',(242.5,2.5,206.));
#518 = VECTOR('',#519,1.);
#519 = DIRECTION('',(0.,1.,0.));
#520 = PCURVE('',#44,#521);
#521 = DEFINITIONAL_REPRESENTATION('',(#522),#526);
#522 = LINE('',#523,#524);
#523 = CARTESIAN_POINT('',(242.5,2.5));
#524 = VECTOR('',#525,1.);
#525 = DIRECTION('',(0.,1.));
#526 = ( GEOMETRIC_REPRESENTATION_CONTEXT(2) 
PARAMETRIC_REPRESENTATION_CONTEXT() REPRESENTATION_CONTEXT('2D SPACE',''
  ) );
#527 = PCURVE('',#528,#533);
#528 = PLANE('',#529);
#529 = AXIS2_PLACEMENT_3D('',#530,#531,#532);
#530 = CARTESIAN_POINT('',(242.5,2.5,0.));
#531 = DIRECTION('',(1.,0.,0.));
#532 = DIRECTION('',(0.,0.,1.));
#533 = DEFINITIONAL_REPRESENTATION('',(#534),#538);
#534 = LINE('',#535,#536);
#535 = CARTESIAN_POINT('',(206.,0.));
#536 = VECTOR('',#537,1.);
#537 = DIRECTION('',(0.,-1.));
#538 = ( GEOMETRIC_REPRESENTATION_CONTEXT(2) 
PARAMETRIC_REPRESENTATION_CONTEXT() REPRESENTATION_CONTEXT('2D SPACE',''
  ) );
#539 = ORIENTED_EDGE('',*,*,#540,.F.);
#540 = EDGE_CURVE('',#541,#513,#543,.T.);
#541 = VERTEX_POINT('',#542);
#542 = CARTESIAN_POINT('',(210.1,2.5,206.));
#543 = SURFACE_CURVE('',#544,(#548,#555),.PCURVE_S1.);
#544 = LINE('',#545,#546);
#545 = CARTESIAN_POINT('',(0.,2.5,206.));
#546 = VECTOR('',#547,1.);
#547 = DIRECTION('',(1.,0.,0.));
#548 = PCURVE('',#44,#549);
#549 = DEFINITIONAL_REPRESENTATION('',(#550),#554);
#550 = LINE('',#551,#552);
#551 = CARTESIAN_POINT('',(0.,2.5));
#552 = VECTOR('',#553,1.);
#553 = DIRECTION('',(1.,0.));
#554 = ( GEOMETRIC_REPRESENTATION_CONTEXT(2) 
PARAMETRIC_REPRESENTATION_CONTEXT() REPRESENTATION_CONTEXT('2D SPACE',''
  ) );
#555 = PCURVE('',#365,#556);
#556 = DEFINITIONAL_REPRESENTATION('',(#557),#561);
#557 = LINE('',#558,#559);
#558 = CARTESIAN_POINT('',(194.,1.));
#559 = VECTOR('',#560,1.);
#560 = DIRECTION('',(0.,1.));
#561 = ( GEOMETRIC_REPRESENTATION_CONTEXT(2) 
PARAMETRIC_REPRESENTATION_CONTEXT() REPRESENTATION_CONTEXT('2D SPACE',''
  ) );
#562 = ORIENTED_EDGE('',*,*,#563,.T.);
#563 = EDGE_CURVE('',#541,#564,#566,.T.);
#564 = VERTEX_POINT('',#565);
#565 = CARTESIAN_POINT('',(210.1,6.25,206.));
#566 = SURFACE_CURVE('',#567,(#571,#578),.PCURVE_S1.);
#567 = LINE('',#568,#569);
#568 = CARTESIAN_POINT('',(210.1,2.5,206.));
#569 = VECTOR('',#570,1.);
#570 = DIRECTION('',(0.,1.,0.));
#571 = PCURVE('',#44,#572);
#572 = DEFINITIONAL_REPRESENTATION('',(#573),#577);
#573 = LINE('',#574,#575);
#574 = CARTESIAN_POINT('',(210.1,2.5));
#575 = VECTOR('',#576,1.);
#576 = DIRECTION('',(0.,1.));
#577 = ( GEOMETRIC_REPRESENTATION_CONTEXT(2) 
PARAMETRIC_REPRESENTATION_CONTEXT() REPRESENTATION_CONTEXT('2D SPACE',''
  ) );
#578 = PCURVE('',#579,#584);
#579 = PLANE('',#580);
#580 = AXIS2_PLACEMENT_3D('',#581,#582,#583);
#581 = CARTESIAN_POINT('',(210.8,2.5,205.3));
#582 = DIRECTION('',(0.707106781187,0.,0.707106781187));
#583 = DIRECTION('',(-0.,1.,0.));
#584 = DEFINITIONAL_REPRESENTATION('',(#585),#589);
#585 = LINE('',#586,#587);
#586 = CARTESIAN_POINT('',(0.,0.989949493661));
#587 = VECTOR('',#588,1.);
#588 = DIRECTION('',(1.,0.));
#589 = ( GEOMETRIC_REPRESENTATION_CONTEXT(2) 
PARAMETRIC_REPRESENTATION_CONTEXT() REPRESENTATION_CONTEXT('2D SPACE',''
  ) );
#590 = ORIENTED_EDGE('',*,*,#591,.F.);
#591 = EDGE_CURVE('',#592,#564,#594,.T.);
#592 = VERTEX_POINT('',#593);
#593 = CARTESIAN_POINT('',(209.9,6.25,206.));
#594 = SURFACE_CURVE('',#595,(#599,#606),.PCURVE_S1.);
#595 = LINE('',#596,#597);
#596 = CARTESIAN_POINT('',(208.5,6.25,206.));
#597 = VECTOR('',#598,1.);
#598 = DIRECTION('',(1.,0.,0.));
#599 = PCURVE('',#44,#600);
#600 = DEFINITIONAL_REPRESENTATION('',(#601),#605);
#601 = LINE('',#602,#603);
#602 = CARTESIAN_POINT('',(208.5,6.25));
#603 = VECTOR('',#604,1.);
#604 = DIRECTION('',(1.,0.));
#605 = ( GEOMETRIC_REPRESENTATION_CONTEXT(2) 
PARAMETRIC_REPRESENTATION_CONTEXT() REPRESENTATION_CONTEXT('2D SPACE',''
  ) );
#606 = PCURVE('',#607,#612);
#607 = PLANE('',#608);
#608 = AXIS2_PLACEMENT_3D('',#609,#610,#611);
#609 = CARTESIAN_POINT('',(208.5,6.25,0.));
#610 = DIRECTION('',(0.,1.,0.));
#611 = DIRECTION('',(0.,0.,1.));
#612 = DEFINITIONAL_REPRESENTATION('',(#613),#617);
#613 = LINE('',#614,#615);
#614 = CARTESIAN_POINT('',(206.,0.));
#615 = VECTOR('',#616,1.);
#616 = DIRECTION('',(0.,1.));
#617 = ( GEOMETRIC_REPRESENTATION_CONTEXT(2) 
PARAMETRIC_REPRESENTATION_CONTEXT() REPRESENTATION_CONTEXT('2D SPACE',''
  ) );
#618 = ORIENTED_EDGE('',*,*,#619,.F.);
#619 = EDGE_CURVE('',#620,#592,#622,.T.);
#620 = VERTEX_POINT('',#621);
#621 = CARTESIAN_POINT('',(209.9,2.5,206.));
#622 = SURFACE_CURVE('',#623,(#627,#634),.PCURVE_S1.);
#623 = LINE('',#624,#625);
#624 = CARTESIAN_POINT('',(209.9,2.5,206.));
#625 = VECTOR('',#626,1.);
#626 = DIRECTION('',(0.,1.,0.));
#627 = PCURVE('',#44,#628);
#628 = DEFINITIONAL_REPRESENTATION('',(#629),#633);
#629 = LINE('',#630,#631);
#630 = CARTESIAN_POINT('',(209.9,2.5));
#631 = VECTOR('',#632,1.);
#632 = DIRECTION('',(0.,1.));
#633 = ( GEOMETRIC_REPRESENTATION_CONTEXT(2) 
PARAMETRIC_REPRESENTATION_CONTEXT() REPRESENTATION_CONTEXT('2D SPACE',''
  ) );
#634 = PCURVE('',#635,#640);
#635 = PLANE('',#636);
#636 = AXIS2_PLACEMENT_3D('',#637,#638,#639);
#637 = CARTESIAN_POINT('',(209.2,2.5,205.3));
#638 = DIRECTION('',(0.707106781187,0.,-0.707106781187));
#639 = DIRECTION('',(0.,1.,0.));
#640 = DEFINITIONAL_REPRESENTATION('',(#641),#645);
#641 = LINE('',#642,#643);
#642 = CARTESIAN_POINT('',(0.,0.989949493661));
#643 = VECTOR('',#644,1.);
#644 = DIRECTION('',(1.,0.));
#645 = ( GEOMETRIC_REPRESENTATION_CONTEXT(2) 
PARAMETRIC_REPRESENTATION_CONTEXT() REPRESENTATION_CONTEXT('2D SPACE',''
  ) );
#646 = ORIENTED_EDGE('',*,*,#647,.F.);
#647 = EDGE_CURVE('',#648,#620,#650,.T.);
#648 = VERTEX_POINT('',#649);
#649 = CARTESIAN_POINT('',(176.1,2.5,206.));
#650 = SURFACE_CURVE('',#651,(#655,#662),.PCURVE_S1.);
#651 = LINE('',#652,#653);
#652 = CARTESIAN_POINT('',(0.,2.5,206.));
#653 = VECTOR('',#654,1.);
#654 = DIRECTION('',(1.,0.,0.));
#655 = PCURVE('',#44,#656);
#656 = DEFINITIONAL_REPRESENTATION('',(#657),#661);
#657 = LINE('',#658,#659);
#658 = CARTESIAN_POINT('',(0.,2.5));
#659 = VECTOR('',#660,1.);
#660 = DIRECTION('',(1.,0.));
#661 = ( GEOMETRIC_REPRESENTATION_CONTEXT(2) 
PARAMETRIC_REPRESENTATION_CONTEXT() REPRESENTATION_CONTEXT('2D SPACE',''
  ) );
#662 = PCURVE('',#365,#663);
#663 = DEFINITIONAL_REPRESENTATION('',(#664),#668);
#664 = LINE('',#665,#666);
#665 = CARTESIAN_POINT('',(194.,1.));
#666 = VECTOR('',#667,1.);
#667 = DIRECTION('',(0.,1.));
#668 = ( GEOMETRIC_REPRESENTATION_CONTEXT(2) 
PARAMETRIC_REPRESENTATION_CONTEXT() REPRESENTATION_CONTEXT('2D SPACE',''
  ) );
#669 = ORIENTED_EDGE('',*,*,#670,.T.);
#670 = EDGE_CURVE('',#648,#671,#673,.T.);
#671 = VERTEX_POINT('',#672);
#672 = CARTESIAN_POINT('',(176.1,6.25,206.));
#673 = SURFACE_CURVE('',#674,(#678,#685),.PCURVE_S1.);
#674 = LINE('',#675,#676);
#675 = CARTESIAN_POINT('',(176.1,2.5,206.));
#676 = VECTOR('',#677,1.);
#677 = DIRECTION('',(0.,1.,0.));
#678 = PCURVE('',#44,#679);
#679 = DEFINITIONAL_REPRESENTATION('',(#680),#684);
#680 = LINE('',#681,#682);
#681 = CARTESIAN_POINT('',(176.1,2.5));
#682 = VECTOR('',#683,1.);
#683 = DIRECTION('',(0.,1.));
#684 = ( GEOMETRIC_REPRESENTATION_CONTEXT(2) 
PARAMETRIC_REPRESENTATION_CONTEXT() REPRESENTATION_CONTEXT('2D SPACE',''
  ) );
#685 = PCURVE('',#686,#691);
#686 = PLANE('',#687);
#687 = AXIS2_PLACEMENT_3D('',#688,#689,#690);
#688 = CARTESIAN_POINT('',(176.8,2.5,205.3));
#689 = DIRECTION('',(0.707106781187,0.,0.707106781187));
#690 = DIRECTION('',(-0.,1.,0.));
#691 = DEFINITIONAL_REPRESENTATION('',(#692),#696);
#692 = LINE('',#693,#694);
#693 = CARTESIAN_POINT('',(0.,0.989949493661));
#694 = VECTOR('',#695,1.);
#695 = DIRECTION('',(1.,0.));
#696 = ( GEOMETRIC_REPRESENTATION_CONTEXT(2) 
PARAMETRIC_REPRESENTATION_CONTEXT() REPRESENTATION_CONTEXT('2D SPACE',''
  ) );
#697 = ORIENTED_EDGE('',*,*,#698,.F.);
#698 = EDGE_CURVE('',#699,#671,#701,.T.);
#699 = VERTEX_POINT('',#700);
#700 = CARTESIAN_POINT('',(175.9,6.25,206.));
#701 = SURFACE_CURVE('',#702,(#706,#713),.PCURVE_S1.);
#702 = LINE('',#703,#704);
#703 = CARTESIAN_POINT('',(174.5,6.25,206.));
#704 = VECTOR('',#705,1.);
#705 = DIRECTION('',(1.,0.,0.));
#706 = PCURVE('',#44,#707);
#707 = DEFINITIONAL_REPRESENTATION('',(#708),#712);
#708 = LINE('',#709,#710);
#709 = CARTESIAN_POINT('',(174.5,6.25));
#710 = VECTOR('',#711,1.);
#711 = DIRECTION('',(1.,0.));
#712 = ( GEOMETRIC_REPRESENTATION_CONTEXT(2) 
PARAMETRIC_REPRESENTATION_CONTEXT() REPRESENTATION_CONTEXT('2D SPACE',''
  ) );
#713 = PCURVE('',#714,#719);
#714 = PLANE('',#715);
#715 = AXIS2_PLACEMENT_3D('',#716,#717,#718);
#716 = CARTESIAN_POINT('',(174.5,6.25,0.));
#717 = DIRECTION('',(0.,1.,0.));
#718 = DIRECTION('',(0.,0.,1.));
#719 = DEFINITIONAL_REPRESENTATION('',(#720),#724);
#720 = LINE('',#721,#722);
#721 = CARTESIAN_POINT('',(206.,0.));
#722 = VECTOR('',#723,1.);
#723 = DIRECTION('',(0.,1.));
#724 = ( GEOMETRIC_REPRESENTATION_CONTEXT(2) 
PARAMETRIC_REPRESENTATION_CONTEXT() REPRESENTATION_CONTEXT('2D SPACE',''
  ) );
#725 = ORIENTED_EDGE('',*,*,#726,.F.);
#726 = EDGE_CURVE('',#727,#699,#729,.T.);
#727 = VERTEX_POINT('',#728);
#728 = CARTESIAN_POINT('',(175.9,2.5,206.));
#729 = SURFACE_CURVE('',#730,(#734,#741),.PCURVE_S1.);
#730 = LINE('',#731,#732);
#731 = CARTESIAN_POINT('',(175.9,2.5,206.));
#732 = VECTOR('',#733,1.);
#733 = DIRECTION('',(0.,1.,0.));
#734 = PCURVE('',#44,#735);
#735 = DEFINITIONAL_REPRESENTATION('',(#736),#740);
#736 = LINE('',#737,#738);
#737 = CARTESIAN_POINT('',(175.9,2.5));
#738 = VECTOR('',#739,1.);
#739 = DIRECTION('',(0.,1.));
#740 = ( GEOMETRIC_REPRESENTATION_CONTEXT(2) 
PARAMETRIC_REPRESENTATION_CONTEXT() REPRESENTATION_CONTEXT('2D SPACE',''
  ) );
#741 = PCURVE('',#742,#747);
#742 = PLANE('',#743);
#743 = AXIS2_PLACEMENT_3D('',#744,#745,#746);
#744 = CARTESIAN_POINT('',(175.2,2.5,205.3));
#745 = DIRECTION('',(0.707106781187,0.,-0.707106781187));
#746 = DIRECTION('',(0.,1.,0.));
#747 = DEFINITIONAL_REPRESENTATION('',(#748),#752);
#748 = LINE('',#749,#750);
#749 = CARTESIAN_POINT('',(0.,0.989949493661));
#750 = VECTOR('',#751,1.);
#751 = DIRECTION('',(1.,0.));
#752 = ( GEOMETRIC_REPRESENTATION_CONTEXT(2) 
PARAMETRIC_REPRESENTATION_CONTEXT() REPRESENTATION_CONTEXT('2D SPACE',''
  ) );
#753 = ORIENTED_EDGE('',*,*,#754,.F.);
#754 = EDGE_CURVE('',#755,#727,#757,.T.);
#755 = VERTEX_POINT('',#756);
#756 = CARTESIAN_POINT('',(142.1,2.5,206.));
#757 = SURFACE_CURVE('',#758,(#762,#769),.PCURVE_S1.);
#758 = LINE('',#759,#760);
#759 = CARTESIAN_POINT('',(0.,2.5,206.));
#760 = VECTOR('',#761,1.);
#761 = DIRECTION('',(1.,0.,0.));
#762 = PCURVE('',#44,#763);
#763 = DEFINITIONAL_REPRESENTATION('',(#764),#768);
#764 = LINE('',#765,#766);
#765 = CARTESIAN_POINT('',(0.,2.5));
#766 = VECTOR('',#767,1.);
#767 = DIRECTION('',(1.,0.));
#768 = ( GEOMETRIC_REPRESENTATION_CONTEXT(2) 
PARAMETRIC_REPRESENTATION_CONTEXT() REPRESENTATION_CONTEXT('2D SPACE',''
  ) );
#769 = PCURVE('',#365,#770);
#770 = DEFINITIONAL_REPRESENTATION('',(#771),#775);
#771 = LINE('',#772,#773);
#772 = CARTESIAN_POINT('',(194.,1.));
#773 = VECTOR('',#774,1.);
#774 = DIRECTION('',(0.,1.));
#775 = ( GEOMETRIC_REPRESENTATION_CONTEXT(2) 
PARAMETRIC_REPRESENTATION_CONTEXT() REPRESENTATION_CONTEXT('2D SPACE',''
  ) );
#776 = ORIENTED_EDGE('',*,*,#777,.T.);
#777 = EDGE_CURVE('',#755,#778,#780,.T.);
#778 = VERTEX_POINT('',#779);
#779 = CARTESIAN_POINT('',(142.1,6.25,206.));
#780 = SURFACE_CURVE('',#781,(#785,#792),.PCURVE_S1.);
#781 = LINE('',#782,#783);
#782 = CARTESIAN_POINT('',(142.1,2.5,206.));
#783 = VECTOR('',#784,1.);
#784 = DIRECTION('',(0.,1.,0.));
#785 = PCURVE('',#44,#786);
#786 = DEFINITIONAL_REPRESENTATION('',(#787),#791);
#787 = LINE('',#788,#789);
#788 = CARTESIAN_POINT('',(142.1,2.5));
#789 = VECTOR('',#790,1.);
#790 = DIRECTION('',(0.,1.));
#791 = ( GEOMETRIC_REPRESENTATION_CONTEXT(2) 
PARAMETRIC_REPRESENTATION_CONTEXT() REPRESENTATION_CONTEXT('2D SPACE',''
  ) );
#792 = PCURVE('',#793,#798);
#793 = PLANE('',#794);
#794 = AXIS2_PLACEMENT_3D('',#795,#796,#797);
#795 = CARTESIAN_POINT('',(142.8,2.5,205.3));
#796 = DIRECTION('',(0.707106781187,0.,0.707106781187));
#797 = DIRECTION('',(-0.,1.,0.));
#798 = DEFINITIONAL_REPRESENTATION('',(#799),#803);
#799 = LINE('',#800,#801);
#800 = CARTESIAN_POINT('',(0.,0.989949493661));
#801 = VECTOR('',#802,1.);
#802 = DIRECTION('',(1.,0.));
#803 = ( GEOMETRIC_REPRESENTATION_CONTEXT(2) 
PARAMETRIC_REPRESENTATION_CONTEXT() REPRESENTATION_CONTEXT('2D SPACE',''
  ) );
#804 = ORIENTED_EDGE('',*,*,#805,.F.);
#805 = EDGE_CURVE('',#806,#778,#808,.T.);
#806 = VERTEX_POINT('',#807);
#807 = CARTESIAN_POINT('',(141.9,6.25,206.));
#808 = SURFACE_CURVE('',#809,(#813,#820),.PCURVE_S1.);
#809 = LINE('',#810,#811);
#810 = CARTESIAN_POINT('',(140.5,6.25,206.));
#811 = VECTOR('',#812,1.);
#812 = DIRECTION('',(1.,0.,0.));
#813 = PCURVE('',#44,#814);
#814 = DEFINITIONAL_REPRESENTATION('',(#815),#819);
#815 = LINE('',#816,#817);
#816 = CARTESIAN_POINT('',(140.5,6.25));
#817 = VECTOR('',#818,1.);
#818 = DIRECTION('',(1.,0.));
#819 = ( GEOMETRIC_REPRESENTATION_CONTEXT(2) 
PARAMETRIC_REPRESENTATION_CONTEXT() REPRESENTATION_CONTEXT('2D SPACE',''
  ) );
#820 = PCURVE('',#821,#826);
#821 = PLANE('',#822);
#822 = AXIS2_PLACEMENT_3D('',#823,#824,#825);
#823 = CARTESIAN_POINT('',(140.5,6.25,0.));
#824 = DIRECTION('',(0.,1.,0.));
#825 = DIRECTION('',(0.,0.,1.));
#826 = DEFINITIONAL_REPRESENTATION('',(#827),#831);
#827 = LINE('',#828,#829);
#828 = CARTESIAN_POINT('',(206.,0.));
#829 = VECTOR('',#830,1.);
#830 = DIRECTION('',(0.,1.));
#831 = ( GEOMETRIC_REPRESENTATION_CONTEXT(2) 
PARAMETRIC_REPRESENTATION_CONTEXT() REPRESENTATION_CONTEXT('2D SPACE',''
  ) );
#832 = ORIENTED_EDGE('',*,*,#833,.F.);
#833 = EDGE_CURVE('',#834,#806,#836,.T.);
#834 = VERTEX_POINT('',#835);
#835 = CARTESIAN_POINT('',(141.9,2.5,206.));
#836 = SURFACE_CURVE('',#837,(#841,#848),.PCURVE_S1.);
#837 = LINE('',#838,#839);
#838 = CARTESIAN_POINT('',(141.9,2.5,206.));
#839 = VECTOR('',#840,1.);
#840 = DIRECTION('',(0.,1.,0.));
#841 = PCURVE('',#44,#842);
#842 = DEFINITIONAL_REPRESENTATION('',(#843),#847);
#843 = LINE('',#844,#845);
#844 = CARTESIAN_POINT('',(141.9,2.5));
#845 = VECTOR('',#846,1.);
#846 = DIRECTION('',(0.,1.));
#847 = ( GEOMETRIC_REPRESENTATION_CONTEXT(2) 
PARAMETRIC_REPRESENTATION_CONTEXT() REPRESENTATION_CONTEXT('2D SPACE',''
  ) );
#848 = PCURVE('',#849,#854);
#849 = PLANE('',#850);
#850 = AXIS2_PLACEMENT_3D('',#851,#852,#853);
#851 = CARTESIAN_POINT('',(141.2,2.5,205.3));
#852 = DIRECTION('',(0.707106781187,0.,-0.707106781187));
#853 = DIRECTION('',(0.,1.,0.));
#854 = DEFINITIONAL_REPRESENTATION('',(#855),#859);
#855 = LINE('',#856,#857);
#856 = CARTESIAN_POINT('',(0.,0.989949493661));
#857 = VECTOR('',#858,1.);
#858 = DIRECTION('',(1.,0.));
#859 = ( GEOMETRIC_REPRESENTATION_CONTEXT(2) 
PARAMETRIC_REPRESENTATION_CONTEXT() REPRESENTATION_CONTEXT('2D SPACE',''
  ) );
#860 = ORIENTED_EDGE('',*,*,#861,.F.);
#861 = EDGE_CURVE('',#862,#834,#864,.T.);
#862 = VERTEX_POINT('',#863);
#863 = CARTESIAN_POINT('',(108.1,2.5,206.));
#864 = SURFACE_CURVE('',#865,(#869,#876),.PCURVE_S1.);
#865 = LINE('',#866,#867);
#866 = CARTESIAN_POINT('',(0.,2.5,206.));
#867 = VECTOR('',#868,1.);
#868 = DIRECTION('',(1.,0.,0.));
#869 = PCURVE('',#44,#870);
#870 = DEFINITIONAL_REPRESENTATION('',(#871),#875);
#871 = LINE('',#872,#873);
#872 = CARTESIAN_POINT('',(0.,2.5));
#873 = VECTOR('',#874,1.);
#874 = DIRECTION('',(1.,0.));
#875 = ( GEOMETRIC_REPRESENTATION_CONTEXT(2) 
PARAMETRIC_REPRESENTATION_CONTEXT() REPRESENTATION_CONTEXT('2D SPACE',''
  ) );
#876 = PCURVE('',#365,#877);
#877 = DEFINITIONAL_REPRESENTATION('',(#878),#882);
#878 = LINE('',#879,#880);
#879 = CARTESIAN_POINT('',(194.,1.));
#880 = VECTOR('',#881,1.);
#881 = DIRECTION('',(0.,1.));
#882 = ( GEOMETRIC_REPRESENTATION_CONTEXT(2) 
PARAMETRIC_REPRESENTATION_CONTEXT() REPRESENTATION_CONTEXT('2D SPACE',''
  ) );
#883 = ORIENTED_EDGE('',*,*,#884,.T.);
#884 = EDGE_CURVE('',#862,#885,#887,.T.);
#885 = VERTEX_POINT('',#886);
#886 = CARTESIAN_POINT('',(108.1,6.25,206.));
#887 = SURFACE_CURVE('',#888,(#892,#899),.PCURVE_S1.);
#888 = LINE('',#889,#890);
#889 = CARTESIAN_POINT('',(108.1,2.5,206.));
#890 = VECTOR('',#891,1.);
#891 = DIRECTION('',(0.,1.,0.));
#892 = PCURVE('',#44,#893);
#893 = DEFINITIONAL_REPRESENTATION('',(#894),#898);
#894 = LINE('',#895,#896);
#895 = CARTESIAN_POINT('',(108.1,2.5));
#896 = VECTOR('',#897,1.);
#897 = DIRECTION('',(0.,1.));
#898 = ( GEOMETRIC_REPRESENTATION_CONTEXT(2) 
PARAMETRIC_REPRESENTATION_CONTEXT() REPRESENTATION_CONTEXT('2D SPACE',''
  ) );
#899 = PCURVE('',#900,#905);
#900 = PLANE('',#901);
#901 = AXIS2_PLACEMENT_3D('',#902,#903,#904);
#902 = CARTESIAN_POINT('',(108.8,2.5,205.3));
#903 = DIRECTION('',(0.707106781187,0.,0.707106781187));
#904 = DIRECTION('',(-0.,1.,0.));
#905 = DEFINITIONAL_REPRESENTATION('',(#906),#910);
#906 = LINE('',#907,#908);
#907 = CARTESIAN_POINT('',(0.,0.989949493661));
#908 = VECTOR('',#909,1.);
#909 = DIRECTION('',(1.,0.));
#910 = ( GEOMETRIC_REPRESENTATION_CONTEXT(2) 
PARAMETRIC_REPRESENTATION_CONTEXT() REPRESENTATION_CONTEXT('2D SPACE',''
  ) );
#911 = ORIENTED_EDGE('',*,*,#912,.F.);
#912 = EDGE_CURVE('',#913,#885,#915,.T.);
#913 = VERTEX_POINT('',#914);
#914 = CARTESIAN_POINT('',(107.9,6.25,206.));
#915 = SURFACE_CURVE('',#916,(#920,#927),.PCURVE_S1.);
#916 = LINE('',#917,#918);
#917 = CARTESIAN_POINT('',(106.5,6.25,206.));
#918 = VECTOR('',#919,1.);
#919 = DIRECTION('',(1.,0.,0.));
#920 = PCURVE('',#44,#921);
#921 = DEFINITIONAL_REPRESENTATION('',(#922),#926);
#922 = LINE('',#923,#924);
#923 = CARTESIAN_POINT('',(106.5,6.25));
#924 = VECTOR('',#925,1.);
#925 = DIRECTION('',(1.,0.));
#926 = ( GEOMETRIC_REPRESENTATION_CONTEXT(2) 
PARAMETRIC_REPRESENTATION_CONTEXT() REPRESENTATION_CONTEXT('2D SPACE',''
  ) );
#927 = PCURVE('',#928,#933);
#928 = PLANE('',#929);
#929 = AXIS2_PLACEMENT_3D('',#930,#931,#932);
#930 = CARTESIAN_POINT('',(106.5,6.25,0.));
#931 = DIRECTION('',(0.,1.,0.));
#932 = DIRECTION('',(0.,0.,1.));
#933 = DEFINITIONAL_REPRESENTATION('',(#934),#938);
#934 = LINE('',#935,#936);
#935 = CARTESIAN_POINT('',(206.,0.));
#936 = VECTOR('',#937,1.);
#937 = DIRECTION('',(0.,1.));
#938 = ( GEOMETRIC_REPRESENTATION_CONTEXT(2) 
PARAMETRIC_REPRESENTATION_CONTEXT() REPRESENTATION_CONTEXT('2D SPACE',''
  ) );
#939 = ORIENTED_EDGE('',*,*,#940,.F.);
#940 = EDGE_CURVE('',#941,#913,#943,.T.);
#941 = VERTEX_POINT('',#942);
#942 = CARTESIAN_POINT('',(107.9,2.5,206.));
#943 = SURFACE_CURVE('',#944,(#948,#955),.PCURVE_S1.);
#944 = LINE('',#945,#946);
#945 = CARTESIAN_POINT('',(107.9,2.5,206.));
#946 = VECTOR('',#947,1.);
#947 = DIRECTION('',(0.,1.,0.));
#948 = PCURVE('',#44,#949);
#949 = DEFINITIONAL_REPRESENTATION('',(#950),#954);
#950 = LINE('',#951,#952);
#951 = CARTESIAN_POINT('',(107.9,2.5));
#952 = VECTOR('',#953,1.);
#953 = DIRECTION('',(0.,1.));
#954 = ( GEOMETRIC_REPRESENTATION_CONTEXT(2) 
PARAMETRIC_REPRESENTATION_CONTEXT() REPRESENTATION_CONTEXT('2D SPACE',''
  ) );
#955 = PCURVE('',#956,#961);
#956 = PLANE('',#957);
#957 = AXIS2_PLACEMENT_3D('',#958,#959,#960);
#958 = CARTESIAN_POINT('',(107.2,2.5,205.3));
#959 = DIRECTION('',(0.707106781187,0.,-0.707106781187));
#960 = DIRECTION('',(0.,1.,0.));
#961 = DEFINITIONAL_REPRESENTATION('',(#962),#966);
#962 = LINE('',#963,#964);
#963 = CARTESIAN_POINT('',(0.,0.989949493661));
#964 = VECTOR('',#965,1.);
#965 = DIRECTION('',(1.,0.));
#966 = ( GEOMETRIC_REPRESENTATION_CONTEXT(2) 
PARAMETRIC_REPRESENTATION_CONTEXT() REPRESENTATION_CONTEXT('2D SPACE',''
  ) );
#967 = ORIENTED_EDGE('',*,*,#968,.F.);
#968 = EDGE_CURVE('',#969,#941,#971,.T.);
#969 = VERTEX_POINT('',#970);
#970 = CARTESIAN_POINT('',(74.1,2.5,206.));
#971 = SURFACE_CURVE('',#972,(#976,#983),.PCURVE_S1.);
#972 = LINE('',#973,#974);
#973 = CARTESIAN_POINT('',(0.,2.5,206.));
#974 = VECTOR('',#975,1.);
#975 = DIRECTION('',(1.,0.,0.));
#976 = PCURVE('',#44,#977);
#977 = DEFINITIONAL_REPRESENTATION('',(#978),#982);
#978 = LINE('',#979,#980);
#979 = CARTESIAN_POINT('',(0.,2.5));
#980 = VECTOR('',#981,1.);
#981 = DIRECTION('',(1.,0.));
#982 = ( GEOMETRIC_REPRESENTATION_CONTEXT(2) 
PARAMETRIC_REPRESENTATION_CONTEXT() REPRESENTATION_CONTEXT('2D SPACE',''
  ) );
#983 = PCURVE('',#365,#984);
#984 = DEFINITIONAL_REPRESENTATION('',(#985),#989);
#985 = LINE('',#986,#987);
#986 = CARTESIAN_POINT('',(194.,1.));
#987 = VECTOR('',#988,1.);
#988 = DIRECTION('',(0.,1.));
#989 = ( GEOMETRIC_REPRESENTATION_CONTEXT(2) 
PARAMETRIC_REPRESENTATION_CONTEXT() REPRESENTATION_CONTEXT('2D SPACE',''
  ) );
#990 = ORIENTED_EDGE('',*,*,#991,.T.);
#991 = EDGE_CURVE('',#969,#992,#994,.T.);
#992 = VERTEX_POINT('',#993);
#993 = CARTESIAN_POINT('',(74.1,6.25,206.));
#994 = SURFACE_CURVE('',#995,(#999,#1006),.PCURVE_S1.);
#995 = LINE('',#996,#997);
#996 = CARTESIAN_POINT('',(74.1,2.5,206.));
#997 = VECTOR('',#998,1.);
#998 = DIRECTION('',(0.,1.,0.));
#999 = PCURVE('',#44,#1000);
#1000 = DEFINITIONAL_REPRESENTATION('',(#1001),#1005);
#1001 = LINE('',#1002,#1003);
#1002 = CARTESIAN_POINT('',(74.1,2.5));
#1003 = VECTOR('',#1004,1.);
#1004 = DIRECTION('',(0.,1.));
#1005 = ( GEOMETRIC_REPRESENTATION_CONTEXT(2) 
PARAMETRIC_REPRESENTATION_CONTEXT() REPRESENTATION_CONTEXT('2D SPACE',''
  ) );
#1006 = PCURVE('',#1007,#1012);
#1007 = PLANE('',#1008);
#1008 = AXIS2_PLACEMENT_3D('',#1009,#1010,#1011);
#1009 = CARTESIAN_POINT('',(74.8,2.5,205.3));
#1010 = DIRECTION('',(0.707106781187,0.,0.707106781187));
#1011 = DIRECTION('',(-0.,1.,0.));
#1012 = DEFINITIONAL_REPRESENTATION('',(#1013),#1017);
#1013 = LINE('',#1014,#1015);
#1014 = CARTESIAN_POINT('',(0.,0.989949493661));
#1015 = VECTOR('',#1016,1.);
#1016 = DIRECTION('',(1.,0.));
#1017 = ( GEOMETRIC_REPRESENTATION_CONTEXT(2) 
PARAMETRIC_REPRESENTATION_CONTEXT() REPRESENTATION_CONTEXT('2D SPACE',''
  ) );
#1018 = ORIENTED_EDGE('',*,*,#1019,.F.);
#1019 = EDGE_CURVE('',#1020,#992,#1022,.T.);
#1020 = VERTEX_POINT('',#1021);
#1021 = CARTESIAN_POINT('',(73.9,6.25,206.));
#1022 = SURFACE_CURVE('',#1023,(#1027,#1034),.PCURVE_S1.);
#1023 = LINE('',#1024,#1025);
#1024 = CARTESIAN_POINT('',(72.5,6.25,206.));
#1025 = VECTOR('',#1026,1.);
#1026 = DIRECTION('',(1.,0.,0.));
#1027 = PCURVE('',#44,#1028);
#1028 = DEFINITIONAL_REPRESENTATION('',(#1029),#1033);
#1029 = LINE('',#1030,#1031);
#1030 = CARTESIAN_POINT('',(72.5,6.25));
#1031 = VECTOR('',#1032,1.);
#1032 = DIRECTION('',(1.,0.));
#1033 = ( GEOMETRIC_REPRESENTATION_CONTEXT(2) 
PARAMETRIC_REPRESENTATION_CONTEXT() REPRESENTATION_CONTEXT('2D SPACE',''
  ) );
#1034 = PCURVE('',#1035,#1040);
#1035 = PLANE('',#1036);
#1036 = AXIS2_PLACEMENT_3D('',#1037,#1038,#1039);
#1037 = CARTESIAN_POINT('',(72.5,6.25,0.));
#1038 = DIRECTION('',(0.,1.,0.));
#1039 = DIRECTION('',(0.,0.,1.));
#1040 = DEFINITIONAL_REPRESENTATION('',(#1041),#1045);
#1041 = LINE('',#1042,#1043);
#1042 = CARTESIAN_POINT('',(206.,0.));
#1043 = VECTOR('',#1044,1.);
#1044 = DIRECTION('',(0.,1.));
#1045 = ( GEOMETRIC_REPRESENTATION_CONTEXT(2) 
PARAMETRIC_REPRESENTATION_CONTEXT() REPRESENTATION_CONTEXT('2D SPACE',''
  ) );
#1046 = ORIENTED_EDGE('',*,*,#1047,.F.);
#1047 = EDGE_CURVE('',#1048,#1020,#1050,.T.);
#1048 = VERTEX_POINT('',#1049);
#1049 = CARTESIAN_POINT('',(73.9,2.5,206.));
#1050 = SURFACE_CURVE('',#1051,(#1055,#1062),.PCURVE_S1.);
#1051 = LINE('',#1052,#1053);
#1052 = CARTESIAN_POINT('',(73.9,2.5,206.));
#1053 = VECTOR('',#1054,1.);
#1054 = DIRECTION('',(0.,1.,0.));
#1055 = PCURVE('',#44,#1056);
#1056 = DEFINITIONAL_REPRESENTATION('',(#1057),#1061);
#1057 = LINE('',#1058,#1059);
#1058 = CARTESIAN_POINT('',(73.9,2.5));
#1059 = VECTOR('',#1060,1.);
#1060 = DIRECTION('',(0.,1.));
#1061 = ( GEOMETRIC_REPRESENTATION_CONTEXT(2) 
PARAMETRIC_REPRESENTATION_CONTEXT() REPRESENTATION_CONTEXT('2D SPACE',''
  ) );
#1062 = PCURVE('',#1063,#1068);
#1063 = PLANE('',#1064);
#1064 = AXIS2_PLACEMENT_3D('',#1065,#1066,#1067);
#1065 = CARTESIAN_POINT('',(73.2,2.5,205.3));
#1066 = DIRECTION('',(0.707106781187,0.,-0.707106781187));
#1067 = DIRECTION('',(0.,1.,0.));
#1068 = DEFINITIONAL_REPRESENTATION('',(#1069),#1073);
#1069 = LINE('',#1070,#1071);
#1070 = CARTESIAN_POINT('',(0.,0.989949493661));
#1071 = VECTOR('',#1072,1.);
#1072 = DIRECTION('',(1.,0.));
#1073 = ( GEOMETRIC_REPRESENTATION_CONTEXT(2) 
PARAMETRIC_REPRESENTATION_CONTEXT() REPRESENTATION_CONTEXT('2D SPACE',''
  ) );
#1074 = ORIENTED_EDGE('',*,*,#1075,.F.);
#1075 = EDGE_CURVE('',#1076,#1048,#1078,.T.);
#1076 = VERTEX_POINT('',#1077);
#1077 = CARTESIAN_POINT('',(40.1,2.5,206.));
#1078 = SURFACE_CURVE('',#1079,(#1083,#1090),.PCURVE_S1.);
#1079 = LINE('',#1080,#1081);
#1080 = CARTESIAN_POINT('',(0.,2.5,206.));
#1081 = VECTOR('',#1082,1.);
#1082 = DIRECTION('',(1.,0.,0.));
#1083 = PCURVE('',#44,#1084);
#1084 = DEFINITIONAL_REPRESENTATION('',(#1085),#1089);
#1085 = LINE('',#1086,#1087);
#1086 = CARTESIAN_POINT('',(0.,2.5));
#1087 = VECTOR('',#1088,1.);
#1088 = DIRECTION('',(1.,0.));
#1089 = ( GEOMETRIC_REPRESENTATION_CONTEXT(2) 
PARAMETRIC_REPRESENTATION_CONTEXT() REPRESENTATION_CONTEXT('2D SPACE',''
  ) );
#1090 = PCURVE('',#365,#1091);
#1091 = DEFINITIONAL_REPRESENTATION('',(#1092),#1096);
#1092 = LINE('',#1093,#1094);
#1093 = CARTESIAN_POINT('',(194.,1.));
#1094 = VECTOR('',#1095,1.);
#1095 = DIRECTION('',(0.,1.));
#1096 = ( GEOMETRIC_REPRESENTATION_CONTEXT(2) 
PARAMETRIC_REPRESENTATION_CONTEXT() REPRESENTATION_CONTEXT('2D SPACE',''
  ) );
#1097 = ORIENTED_EDGE('',*,*,#1098,.T.);
#1098 = EDGE_CURVE('',#1076,#1099,#1101,.T.);
#1099 = VERTEX_POINT('',#1100);
#1100 = CARTESIAN_POINT('',(40.1,6.25,206.));
#1101 = SURFACE_CURVE('',#1102,(#1106,#1113),.PCURVE_S1.);
#1102 = LINE('',#1103,#1104);
#1103 = CARTESIAN_POINT('',(40.1,2.5,206.));
#1104 = VECTOR('',#1105,1.);
#1105 = DIRECTION('',(0.,1.,0.));
#1106 = PCURVE('',#44,#1107);
#1107 = DEFINITIONAL_REPRESENTATION('',(#1108),#1112);
#1108 = LINE('',#1109,#1110);
#1109 = CARTESIAN_POINT('',(40.1,2.5));
#1110 = VECTOR('',#1111,1.);
#1111 = DIRECTION('',(0.,1.));
#1112 = ( GEOMETRIC_REPRESENTATION_CONTEXT(2) 
PARAMETRIC_REPRESENTATION_CONTEXT() REPRESENTATION_CONTEXT('2D SPACE',''
  ) );
#1113 = PCURVE('',#1114,#1119);
#1114 = PLANE('',#1115);
#1115 = AXIS2_PLACEMENT_3D('',#1116,#1117,#1118);
#1116 = CARTESIAN_POINT('',(40.8,2.5,205.3));
#1117 = DIRECTION('',(0.707106781187,0.,0.707106781187));
#1118 = DIRECTION('',(-0.,1.,0.));
#1119 = DEFINITIONAL_REPRESENTATION('',(#1120),#1124);
#1120 = LINE('',#1121,#1122);
#1121 = CARTESIAN_POINT('',(0.,0.989949493661));
#1122 = VECTOR('',#1123,1.);
#1123 = DIRECTION('',(1.,0.));
#1124 = ( GEOMETRIC_REPRESENTATION_CONTEXT(2) 
PARAMETRIC_REPRESENTATION_CONTEXT() REPRESENTATION_CONTEXT('2D SPACE',''
  ) );
#1125 = ORIENTED_EDGE('',*,*,#1126,.F.);
#1126 = EDGE_CURVE('',#1127,#1099,#1129,.T.);
#1127 = VERTEX_POINT('',#1128);
#1128 = CARTESIAN_POINT('',(39.9,6.25,206.));
#1129 = SURFACE_CURVE('',#1130,(#1134,#1141),.PCURVE_S1.);
#1130 = LINE('',#1131,#1132);
#1131 = CARTESIAN_POINT('',(38.5,6.25,206.));
#1132 = VECTOR('',#1133,1.);
#1133 = DIRECTION('',(1.,0.,0.));
#1134 = PCURVE('',#44,#1135);
#1135 = DEFINITIONAL_REPRESENTATION('',(#1136),#1140);
#1136 = LINE('',#1137,#1138);
#1137 = CARTESIAN_POINT('',(38.5,6.25));
#1138 = VECTOR('',#1139,1.);
#1139 = DIRECTION('',(1.,0.));
#1140 = ( GEOMETRIC_REPRESENTATION_CONTEXT(2) 
PARAMETRIC_REPRESENTATION_CONTEXT() REPRESENTATION_CONTEXT('2D SPACE',''
  ) );
#1141 = PCURVE('',#1142,#1147);
#1142 = PLANE('',#1143);
#1143 = AXIS2_PLACEMENT_3D('',#1144,#1145,#1146);
#1144 = CARTESIAN_POINT('',(38.5,6.25,0.));
#1145 = DIRECTION('',(0.,1.,0.));
#1146 = DIRECTION('',(0.,0.,1.));
#1147 = DEFINITIONAL_REPRESENTATION('',(#1148),#1152);
#1148 = LINE('',#1149,#1150);
#1149 = CARTESIAN_POINT('',(206.,0.));
#1150 = VECTOR('',#1151,1.);
#1151 = DIRECTION('',(0.,1.));
#1152 = ( GEOMETRIC_REPRESENTATION_CONTEXT(2) 
PARAMETRIC_REPRESENTATION_CONTEXT() REPRESENTATION_CONTEXT('2D SPACE',''
  ) );
#1153 = ORIENTED_EDGE('',*,*,#1154,.F.);
#1154 = EDGE_CURVE('',#1155,#1127,#1157,.T.);
#1155 = VERTEX_POINT('',#1156);
#1156 = CARTESIAN_POINT('',(39.9,2.5,206.));
#1157 = SURFACE_CURVE('',#1158,(#1162,#1169),.PCURVE_S1.);
#1158 = LINE('',#1159,#1160);
#1159 = CARTESIAN_POINT('',(39.9,2.5,206.));
#1160 = VECTOR('',#1161,1.);
#1161 = DIRECTION('',(0.,1.,0.));
#1162 = PCURVE('',#44,#1163);
#1163 = DEFINITIONAL_REPRESENTATION('',(#1164),#1168);
#1164 = LINE('',#1165,#1166);
#1165 = CARTESIAN_POINT('',(39.9,2.5));
#1166 = VECTOR('',#1167,1.);
#1167 = DIRECTION('',(0.,1.));
#1168 = ( GEOMETRIC_REPRESENTATION_CONTEXT(2) 
PARAMETRIC_REPRESENTATION_CONTEXT() REPRESENTATION_CONTEXT('2D SPACE',''
  ) );
#1169 = PCURVE('',#1170,#1175);
#1170 = PLANE('',#1171);
#1171 = AXIS2_PLACEMENT_3D('',#1172,#1173,#1174);
#1172 = CARTESIAN_POINT('',(39.2,2.5,205.3));
#1173 = DIRECTION('',(0.707106781187,0.,-0.707106781187));
#1174 = DIRECTION('',(0.,1.,0.));
#1175 = DEFINITIONAL_REPRESENTATION('',(#1176),#1180);
#1176 = LINE('',#1177,#1178);
#1177 = CARTESIAN_POINT('',(0.,0.989949493661));
#1178 = VECTOR('',#1179,1.);
#1179 = DIRECTION('',(1.,0.));
#1180 = ( GEOMETRIC_REPRESENTATION_CONTEXT(2) 
PARAMETRIC_REPRESENTATION_CONTEXT() REPRESENTATION_CONTEXT('2D SPACE',''
  ) );
#1181 = ORIENTED_EDGE('',*,*,#1182,.F.);
#1182 = EDGE_CURVE('',#1183,#1155,#1185,.T.);
#1183 = VERTEX_POINT('',#1184);
#1184 = CARTESIAN_POINT('',(7.5,2.5,206.));
#1185 = SURFACE_CURVE('',#1186,(#1190,#1197),.PCURVE_S1.);
#1186 = LINE('',#1187,#1188);
#1187 = CARTESIAN_POINT('',(0.,2.5,206.));
#1188 = VECTOR('',#1189,1.);
#1189 = DIRECTION('',(1.,0.,0.));
#1190 = PCURVE('',#44,#1191);
#1191 = DEFINITIONAL_REPRESENTATION('',(#1192),#1196);
#1192 = LINE('',#1193,#1194);
#1193 = CARTESIAN_POINT('',(0.,2.5));
#1194 = VECTOR('',#1195,1.);
#1195 = DIRECTION('',(1.,0.));
#1196 = ( GEOMETRIC_REPRESENTATION_CONTEXT(2) 
PARAMETRIC_REPRESENTATION_CONTEXT() REPRESENTATION_CONTEXT('2D SPACE',''
  ) );
#1197 = PCURVE('',#365,#1198);
#1198 = DEFINITIONAL_REPRESENTATION('',(#1199),#1203);
#1199 = LINE('',#1200,#1201);
#1200 = CARTESIAN_POINT('',(194.,1.));
#1201 = VECTOR('',#1202,1.);
#1202 = DIRECTION('',(0.,1.));
#1203 = ( GEOMETRIC_REPRESENTATION_CONTEXT(2) 
PARAMETRIC_REPRESENTATION_CONTEXT() REPRESENTATION_CONTEXT('2D SPACE',''
  ) );
#1204 = ORIENTED_EDGE('',*,*,#1205,.T.);
#1205 = EDGE_CURVE('',#1183,#1206,#1208,.T.);
#1206 = VERTEX_POINT('',#1207);
#1207 = CARTESIAN_POINT('',(7.5,6.25,206.));
#1208 = SURFACE_CURVE('',#1209,(#1213,#1220),.PCURVE_S1.);
#1209 = LINE('',#1210,#1211);
#1210 = CARTESIAN_POINT('',(7.5,2.5,206.));
#1211 = VECTOR('',#1212,1.);
#1212 = DIRECTION('',(0.,1.,0.));
#1213 = PCURVE('',#44,#1214);
#1214 = DEFINITIONAL_REPRESENTATION('',(#1215),#1219);
#1215 = LINE('',#1216,#1217);
#1216 = CARTESIAN_POINT('',(7.5,2.5));
#1217 = VECTOR('',#1218,1.);
#1218 = DIRECTION('',(0.,1.));
#1219 = ( GEOMETRIC_REPRESENTATION_CONTEXT(2) 
PARAMETRIC_REPRESENTATION_CONTEXT() REPRESENTATION_CONTEXT('2D SPACE',''
  ) );
#1220 = PCURVE('',#1221,#1226);
#1221 = PLANE('',#1222);
#1222 = AXIS2_PLACEMENT_3D('',#1223,#1224,#1225);
#1223 = CARTESIAN_POINT('',(7.5,2.5,0.));
#1224 = DIRECTION('',(1.,0.,0.));
#1225 = DIRECTION('',(0.,0.,1.));
#1226 = DEFINITIONAL_REPRESENTATION('',(#1227),#1231);
#1227 = LINE('',#1228,#1229);
#1228 = CARTESIAN_POINT('',(206.,0.));
#1229 = VECTOR('',#1230,1.);
#1230 = DIRECTION('',(0.,-1.));
#1231 = ( GEOMETRIC_REPRESENTATION_CONTEXT(2) 
PARAMETRIC_REPRESENTATION_CONTEXT() REPRESENTATION_CONTEXT('2D SPACE',''
  ) );
#1232 = ORIENTED_EDGE('',*,*,#1233,.F.);
#1233 = EDGE_CURVE('',#24,#1206,#1234,.T.);
#1234 = SURFACE_CURVE('',#1235,(#1239,#1246),.PCURVE_S1.);
#1235 = LINE('',#1236,#1237);
#1236 = CARTESIAN_POINT('',(0.,6.25,206.));
#1237 = VECTOR('',#1238,1.);
#1238 = DIRECTION('',(1.,0.,0.));
#1239 = PCURVE('',#44,#1240);
#1240 = DEFINITIONAL_REPRESENTATION('',(#1241),#1245);
#1241 = LINE('',#1242,#1243);
#1242 = CARTESIAN_POINT('',(0.,6.25));
#1243 = VECTOR('',#1244,1.);
#1244 = DIRECTION('',(1.,0.));
#1245 = ( GEOMETRIC_REPRESENTATION_CONTEXT(2) 
PARAMETRIC_REPRESENTATION_CONTEXT() REPRESENTATION_CONTEXT('2D SPACE',''
  ) );
#1246 = PCURVE('',#417,#1247);
#1247 = DEFINITIONAL_REPRESENTATION('',(#1248),#1252);
#1248 = LINE('',#1249,#1250);
#1249 = CARTESIAN_POINT('',(206.,0.));
#1250 = VECTOR('',#1251,1.);
#1251 = DIRECTION('',(0.,1.));
#1252 = ( GEOMETRIC_REPRESENTATION_CONTEXT(2) 
PARAMETRIC_REPRESENTATION_CONTEXT() REPRESENTATION_CONTEXT('2D SPACE',''
  ) );
#1253 = ADVANCED_FACE('',(#1254),#72,.F.);
#1254 = FACE_BOUND('',#1255,.T.);
#1255 = EDGE_LOOP('',(#1256,#1257,#1280,#1301));
#1256 = ORIENTED_EDGE('',*,*,#56,.F.);
#1257 = ORIENTED_EDGE('',*,*,#1258,.T.);
#1258 = EDGE_CURVE('',#57,#1259,#1261,.T.);
#1259 = VERTEX_POINT('',#1260);
#1260 = CARTESIAN_POINT('',(250.,-4.107825191113E-15,205.));
#1261 = SURFACE_CURVE('',#1262,(#1266,#1273),.PCURVE_S1.);
#1262 = LINE('',#1263,#1264);
#1263 = CARTESIAN_POINT('',(0.,0.,205.));
#1264 = VECTOR('',#1265,1.);
#1265 = DIRECTION('',(1.,0.,0.));
#1266 = PCURVE('',#72,#1267);
#1267 = DEFINITIONAL_REPRESENTATION('',(#1268),#1272);
#1268 = LINE('',#1269,#1270);
#1269 = CARTESIAN_POINT('',(-0.,-0.707106781187));
#1270 = VECTOR('',#1271,1.);
#1271 = DIRECTION('',(-1.,0.));
#1272 = ( GEOMETRIC_REPRESENTATION_CONTEXT(2) 
PARAMETRIC_REPRESENTATION_CONTEXT() REPRESENTATION_CONTEXT('2D SPACE',''
  ) );
#1273 = PCURVE('',#100,#1274);
#1274 = DEFINITIONAL_REPRESENTATION('',(#1275),#1279);
#1275 = LINE('',#1276,#1277);
#1276 = CARTESIAN_POINT('',(205.,0.));
#1277 = VECTOR('',#1278,1.);
#1278 = DIRECTION('',(0.,1.));
#1279 = ( GEOMETRIC_REPRESENTATION_CONTEXT(2) 
PARAMETRIC_REPRESENTATION_CONTEXT() REPRESENTATION_CONTEXT('2D SPACE',''
  ) );
#1280 = ORIENTED_EDGE('',*,*,#1281,.T.);
#1281 = EDGE_CURVE('',#1259,#434,#1282,.T.);
#1282 = SURFACE_CURVE('',#1283,(#1287,#1294),.PCURVE_S1.);
#1283 = LINE('',#1284,#1285);
#1284 = CARTESIAN_POINT('',(250.,-51.,154.));
#1285 = VECTOR('',#1286,1.);
#1286 = DIRECTION('',(-0.,0.707106781187,0.707106781187));
#1287 = PCURVE('',#72,#1288);
#1288 = DEFINITIONAL_REPRESENTATION('',(#1289),#1293);
#1289 = LINE('',#1290,#1291);
#1290 = CARTESIAN_POINT('',(-250.,-72.83199846221));
#1291 = VECTOR('',#1292,1.);
#1292 = DIRECTION('',(-0.,1.));
#1293 = ( GEOMETRIC_REPRESENTATION_CONTEXT(2) 
PARAMETRIC_REPRESENTATION_CONTEXT() REPRESENTATION_CONTEXT('2D SPACE',''
  ) );
#1294 = PCURVE('',#472,#1295);
#1295 = DEFINITIONAL_REPRESENTATION('',(#1296),#1300);
#1296 = LINE('',#1297,#1298);
#1297 = CARTESIAN_POINT('',(154.,51.));
#1298 = VECTOR('',#1299,1.);
#1299 = DIRECTION('',(0.707106781187,-0.707106781187));
#1300 = ( GEOMETRIC_REPRESENTATION_CONTEXT(2) 
PARAMETRIC_REPRESENTATION_CONTEXT() REPRESENTATION_CONTEXT('2D SPACE',''
  ) );
#1301 = ORIENTED_EDGE('',*,*,#433,.F.);
#1302 = ADVANCED_FACE('',(#1303,#1349,#1384,#1419,#1454),#417,.T.);
#1303 = FACE_BOUND('',#1304,.T.);
#1304 = EDGE_LOOP('',(#1305,#1328,#1347,#1348));
#1305 = ORIENTED_EDGE('',*,*,#1306,.F.);
#1306 = EDGE_CURVE('',#1307,#1206,#1309,.T.);
#1307 = VERTEX_POINT('',#1308);
#1308 = CARTESIAN_POINT('',(7.5,6.25,20.));
#1309 = SURFACE_CURVE('',#1310,(#1314,#1321),.PCURVE_S1.);
#1310 = LINE('',#1311,#1312);
#1311 = CARTESIAN_POINT('',(7.5,6.25,0.));
#1312 = VECTOR('',#1313,1.);
#1313 = DIRECTION('',(0.,0.,1.));
#1314 = PCURVE('',#417,#1315);
#1315 = DEFINITIONAL_REPRESENTATION('',(#1316),#1320);
#1316 = LINE('',#1317,#1318);
#1317 = CARTESIAN_POINT('',(0.,7.5));
#1318 = VECTOR('',#1319,1.);
#1319 = DIRECTION('',(1.,0.));
#1320 = ( GEOMETRIC_REPRESENTATION_CONTEXT(2) 
PARAMETRIC_REPRESENTATION_CONTEXT() REPRESENTATION_CONTEXT('2D SPACE',''
  ) );
#1321 = PCURVE('',#1221,#1322);
#1322 = DEFINITIONAL_REPRESENTATION('',(#1323),#1327);
#1323 = LINE('',#1324,#1325);
#1324 = CARTESIAN_POINT('',(0.,-3.75));
#1325 = VECTOR('',#1326,1.);
#1326 = DIRECTION('',(1.,0.));
#1327 = ( GEOMETRIC_REPRESENTATION_CONTEXT(2) 
PARAMETRIC_REPRESENTATION_CONTEXT() REPRESENTATION_CONTEXT('2D SPACE',''
  ) );
#1328 = ORIENTED_EDGE('',*,*,#1329,.F.);
#1329 = EDGE_CURVE('',#378,#1307,#1330,.T.);
#1330 = SURFACE_CURVE('',#1331,(#1335,#1341),.PCURVE_S1.);
#1331 = LINE('',#1332,#1333);
#1332 = CARTESIAN_POINT('',(-0.5,6.25,20.));
#1333 = VECTOR('',#1334,1.);
#1334 = DIRECTION('',(1.,0.,0.));
#1335 = PCURVE('',#417,#1336);
#1336 = DEFINITIONAL_REPRESENTATION('',(#1337),#1340);
#1337 = B_SPLINE_CURVE_WITH_KNOTS('',1,(#1338,#1339),.UNSPECIFIED.,.F.,
  .F.,(2,2),(0.5,8.),.PIECEWISE_BEZIER_KNOTS.);
#1338 = CARTESIAN_POINT('',(20.,0.));
#1339 = CARTESIAN_POINT('',(20.,7.5));
#1340 = ( GEOMETRIC_REPRESENTATION_CONTEXT(2) 
PARAMETRIC_REPRESENTATION_CONTEXT() REPRESENTATION_CONTEXT('2D SPACE',''
  ) );
#1341 = PCURVE('',#392,#1342);
#1342 = DEFINITIONAL_REPRESENTATION('',(#1343),#1346);
#1343 = B_SPLINE_CURVE_WITH_KNOTS('',1,(#1344,#1345),.UNSPECIFIED.,.F.,
  .F.,(2,2),(0.5,8.),.PIECEWISE_BEZIER_KNOTS.);
#1344 = CARTESIAN_POINT('',(1.,3.75));
#1345 = CARTESIAN_POINT('',(8.5,3.75));
#1346 = ( GEOMETRIC_REPRESENTATION_CONTEXT(2) 
PARAMETRIC_REPRESENTATION_CONTEXT() REPRESENTATION_CONTEXT('2D SPACE',''
  ) );
#1347 = ORIENTED_EDGE('',*,*,#403,.T.);
#1348 = ORIENTED_EDGE('',*,*,#1233,.T.);
#1349 = FACE_BOUND('',#1350,.T.);
#1350 = EDGE_LOOP('',(#1351));
#1351 = ORIENTED_EDGE('',*,*,#1352,.T.);
#1352 = EDGE_CURVE('',#1353,#1353,#1355,.T.);
#1353 = VERTEX_POINT('',#1354);
#1354 = CARTESIAN_POINT('',(5.75,6.25,45.));
#1355 = SURFACE_CURVE('',#1356,(#1361,#1372),.PCURVE_S1.);
#1356 = CIRCLE('',#1357,2.);
#1357 = AXIS2_PLACEMENT_3D('',#1358,#1359,#1360);
#1358 = CARTESIAN_POINT('',(3.75,6.25,45.));
#1359 = DIRECTION('',(0.,-1.,0.));
#1360 = DIRECTION('',(1.,0.,0.));
#1361 = PCURVE('',#417,#1362);
#1362 = DEFINITIONAL_REPRESENTATION('',(#1363),#1371);
#1363 = ( BOUNDED_CURVE() B_SPLINE_CURVE(2,(#1364,#1365,#1366,#1367,
#1368,#1369,#1370),.UNSPECIFIED.,.T.,.F.) B_SPLINE_CURVE_WITH_KNOTS((1,2
    ,2,2,2,1),(-2.094395102393,0.,2.094395102393,4.188790204786,
6.28318530718,8.377580409573),.UNSPECIFIED.) CURVE() 
GEOMETRIC_REPRESENTATION_ITEM() RATIONAL_B_SPLINE_CURVE((1.,0.5,1.,0.5,
1.,0.5,1.)) REPRESENTATION_ITEM('') );
#1364 = CARTESIAN_POINT('',(45.,5.75));
#1365 = CARTESIAN_POINT('',(48.464101615138,5.75));
#1366 = CARTESIAN_POINT('',(46.732050807569,2.75));
#1367 = CARTESIAN_POINT('',(45.,-0.25));
#1368 = CARTESIAN_POINT('',(43.267949192431,2.75));
#1369 = CARTESIAN_POINT('',(41.535898384862,5.75));
#1370 = CARTESIAN_POINT('',(45.,5.75));
#1371 = ( GEOMETRIC_REPRESENTATION_CONTEXT(2) 
PARAMETRIC_REPRESENTATION_CONTEXT() REPRESENTATION_CONTEXT('2D SPACE',''
  ) );
#1372 = PCURVE('',#1373,#1378);
#1373 = CYLINDRICAL_SURFACE('',#1374,2.);
#1374 = AXIS2_PLACEMENT_3D('',#1375,#1376,#1377);
#1375 = CARTESIAN_POINT('',(3.75,6.25,45.));
#1376 = DIRECTION('',(0.,-1.,0.));
#1377 = DIRECTION('',(1.,0.,0.));
#1378 = DEFINITIONAL_REPRESENTATION('',(#1379),#1383);
#1379 = LINE('',#1380,#1381);
#1380 = CARTESIAN_POINT('',(0.,0.));
#1381 = VECTOR('',#1382,1.);
#1382 = DIRECTION('',(1.,0.));
#1383 = ( GEOMETRIC_REPRESENTATION_CONTEXT(2) 
PARAMETRIC_REPRESENTATION_CONTEXT() REPRESENTATION_CONTEXT('2D SPACE',''
  ) );
#1384 = FACE_BOUND('',#1385,.T.);
#1385 = EDGE_LOOP('',(#1386));
#1386 = ORIENTED_EDGE('',*,*,#1387,.T.);
#1387 = EDGE_CURVE('',#1388,#1388,#1390,.T.);
#1388 = VERTEX_POINT('',#1389);
#1389 = CARTESIAN_POINT('',(5.75,6.25,105.));
#1390 = SURFACE_CURVE('',#1391,(#1396,#1407),.PCURVE_S1.);
#1391 = CIRCLE('',#1392,2.);
#1392 = AXIS2_PLACEMENT_3D('',#1393,#1394,#1395);
#1393 = CARTESIAN_POINT('',(3.75,6.25,105.));
#1394 = DIRECTION('',(0.,-1.,0.));
#1395 = DIRECTION('',(1.,0.,0.));
#1396 = PCURVE('',#417,#1397);
#1397 = DEFINITIONAL_REPRESENTATION('',(#1398),#1406);
#1398 = ( BOUNDED_CURVE() B_SPLINE_CURVE(2,(#1399,#1400,#1401,#1402,
#1403,#1404,#1405),.UNSPECIFIED.,.T.,.F.) B_SPLINE_CURVE_WITH_KNOTS((1,2
    ,2,2,2,1),(-2.094395102393,0.,2.094395102393,4.188790204786,
6.28318530718,8.377580409573),.UNSPECIFIED.) CURVE() 
GEOMETRIC_REPRESENTATION_ITEM() RATIONAL_B_SPLINE_CURVE((1.,0.5,1.,0.5,
1.,0.5,1.)) REPRESENTATION_ITEM('') );
#1399 = CARTESIAN_POINT('',(105.,5.75));
#1400 = CARTESIAN_POINT('',(108.46410161513,5.75));
#1401 = CARTESIAN_POINT('',(106.73205080756,2.75));
#1402 = CARTESIAN_POINT('',(105.,-0.25));
#1403 = CARTESIAN_POINT('',(103.26794919243,2.75));
#1404 = CARTESIAN_POINT('',(101.53589838486,5.75));
#1405 = CARTESIAN_POINT('',(105.,5.75));
#1406 = ( GEOMETRIC_REPRESENTATION_CONTEXT(2) 
PARAMETRIC_REPRESENTATION_CONTEXT() REPRESENTATION_CONTEXT('2D SPACE',''
  ) );
#1407 = PCURVE('',#1408,#1413);
#1408 = CYLINDRICAL_SURFACE('',#1409,2.);
#1409 = AXIS2_PLACEMENT_3D('',#1410,#1411,#1412);
#1410 = CARTESIAN_POINT('',(3.75,6.25,105.));
#1411 = DIRECTION('',(0.,-1.,0.));
#1412 = DIRECTION('',(1.,0.,0.));
#1413 = DEFINITIONAL_REPRESENTATION('',(#1414),#1418);
#1414 = LINE('',#1415,#1416);
#1415 = CARTESIAN_POINT('',(0.,0.));
#1416 = VECTOR('',#1417,1.);
#1417 = DIRECTION('',(1.,0.));
#1418 = ( GEOMETRIC_REPRESENTATION_CONTEXT(2) 
PARAMETRIC_REPRESENTATION_CONTEXT() REPRESENTATION_CONTEXT('2D SPACE',''
  ) );
#1419 = FACE_BOUND('',#1420,.T.);
#1420 = EDGE_LOOP('',(#1421));
#1421 = ORIENTED_EDGE('',*,*,#1422,.T.);
#1422 = EDGE_CURVE('',#1423,#1423,#1425,.T.);
#1423 = VERTEX_POINT('',#1424);
#1424 = CARTESIAN_POINT('',(5.75,6.25,165.));
#1425 = SURFACE_CURVE('',#1426,(#1431,#1442),.PCURVE_S1.);
#1426 = CIRCLE('',#1427,2.);
#1427 = AXIS2_PLACEMENT_3D('',#1428,#1429,#1430);
#1428 = CARTESIAN_POINT('',(3.75,6.25,165.));
#1429 = DIRECTION('',(0.,-1.,0.));
#1430 = DIRECTION('',(1.,0.,0.));
#1431 = PCURVE('',#417,#1432);
#1432 = DEFINITIONAL_REPRESENTATION('',(#1433),#1441);
#1433 = ( BOUNDED_CURVE() B_SPLINE_CURVE(2,(#1434,#1435,#1436,#1437,
#1438,#1439,#1440),.UNSPECIFIED.,.T.,.F.) B_SPLINE_CURVE_WITH_KNOTS((1,2
    ,2,2,2,1),(-2.094395102393,0.,2.094395102393,4.188790204786,
6.28318530718,8.377580409573),.UNSPECIFIED.) CURVE() 
GEOMETRIC_REPRESENTATION_ITEM() RATIONAL_B_SPLINE_CURVE((1.,0.5,1.,0.5,
1.,0.5,1.)) REPRESENTATION_ITEM('') );
#1434 = CARTESIAN_POINT('',(165.,5.75));
#1435 = CARTESIAN_POINT('',(168.46410161513,5.75));
#1436 = CARTESIAN_POINT('',(166.73205080756,2.75));
#1437 = CARTESIAN_POINT('',(165.,-0.25));
#1438 = CARTESIAN_POINT('',(163.26794919243,2.75));
#1439 = CARTESIAN_POINT('',(161.53589838486,5.75));
#1440 = CARTESIAN_POINT('',(165.,5.75));
#1441 = ( GEOMETRIC_REPRESENTATION_CONTEXT(2) 
PARAMETRIC_REPRESENTATION_CONTEXT() REPRESENTATION_CONTEXT('2D SPACE',''
  ) );
#1442 = PCURVE('',#1443,#1448);
#1443 = CYLINDRICAL_SURFACE('',#1444,2.);
#1444 = AXIS2_PLACEMENT_3D('',#1445,#1446,#1447);
#1445 = CARTESIAN_POINT('',(3.75,6.25,165.));
#1446 = DIRECTION('',(0.,-1.,0.));
#1447 = DIRECTION('',(1.,0.,0.));
#1448 = DEFINITIONAL_REPRESENTATION('',(#1449),#1453);
#1449 = LINE('',#1450,#1451);
#1450 = CARTESIAN_POINT('',(0.,0.));
#1451 = VECTOR('',#1452,1.);
#1452 = DIRECTION('',(1.,0.));
#1453 = ( GEOMETRIC_REPRESENTATION_CONTEXT(2) 
PARAMETRIC_REPRESENTATION_CONTEXT() REPRESENTATION_CONTEXT('2D SPACE',''
  ) );
#1454 = FACE_BOUND('',#1455,.T.);
#1455 = EDGE_LOOP('',(#1456));
#1456 = ORIENTED_EDGE('',*,*,#1457,.T.);
#1457 = EDGE_CURVE('',#1458,#1458,#1460,.T.);
#1458 = VERTEX_POINT('',#1459);
#1459 = CARTESIAN_POINT('',(5.75,6.25,198.));
#1460 = SURFACE_CURVE('',#1461,(#1466,#1477),.PCURVE_S1.);
#1461 = CIRCLE('',#1462,2.);
#1462 = AXIS2_PLACEMENT_3D('',#1463,#1464,#1465);
#1463 = CARTESIAN_POINT('',(3.75,6.25,198.));
#1464 = DIRECTION('',(0.,-1.,0.));
#1465 = DIRECTION('',(1.,0.,0.));
#1466 = PCURVE('',#417,#1467);
#1467 = DEFINITIONAL_REPRESENTATION('',(#1468),#1476);
#1468 = ( BOUNDED_CURVE() B_SPLINE_CURVE(2,(#1469,#1470,#1471,#1472,
#1473,#1474,#1475),.UNSPECIFIED.,.T.,.F.) B_SPLINE_CURVE_WITH_KNOTS((1,2
    ,2,2,2,1),(-2.094395102393,0.,2.094395102393,4.188790204786,
6.28318530718,8.377580409573),.UNSPECIFIED.) CURVE() 
GEOMETRIC_REPRESENTATION_ITEM() RATIONAL_B_SPLINE_CURVE((1.,0.5,1.,0.5,
1.,0.5,1.)) REPRESENTATION_ITEM('') );
#1469 = CARTESIAN_POINT('',(198.,5.75));
#1470 = CARTESIAN_POINT('',(201.46410161513,5.75));
#1471 = CARTESIAN_POINT('',(199.73205080756,2.75));
#1472 = CARTESIAN_POINT('',(198.,-0.25));
#1473 = CARTESIAN_POINT('',(196.26794919243,2.75));
#1474 = CARTESIAN_POINT('',(194.53589838486,5.75));
#1475 = CARTESIAN_POINT('',(198.,5.75));
#1476 = ( GEOMETRIC_REPRESENTATION_CONTEXT(2) 
PARAMETRIC_REPRESENTATION_CONTEXT() REPRESENTATION_CONTEXT('2D SPACE',''
  ) );
#1477 = PCURVE('',#1478,#1483);
#1478 = CYLINDRICAL_SURFACE('',#1479,2.);
#1479 = AXIS2_PLACEMENT_3D('',#1480,#1481,#1482);
#1480 = CARTESIAN_POINT('',(3.75,6.25,198.));
#1481 = DIRECTION('',(0.,-1.,0.));
#1482 = DIRECTION('',(1.,0.,0.));
#1483 = DEFINITIONAL_REPRESENTATION('',(#1484),#1488);
#1484 = LINE('',#1485,#1486);
#1485 = CARTESIAN_POINT('',(0.,0.));
#1486 = VECTOR('',#1487,1.);
#1487 = DIRECTION('',(1.,0.));
#1488 = ( GEOMETRIC_REPRESENTATION_CONTEXT(2) 
PARAMETRIC_REPRESENTATION_CONTEXT() REPRESENTATION_CONTEXT('2D SPACE',''
  ) );
#1489 = ADVANCED_FACE('',(#1490,#2027,#2062,#2097,#2132,#2167,#2202,
    #2237,#2272,#2307,#2342,#2377,#2412,#2447,#2482,#2517,#2552,#2587,
    #2622,#2657,#2692,#2727,#2762,#2797,#2832,#2867,#2902,#2937,#2972,
    #3007,#3042,#3077,#3112,#3147,#3182,#3217,#3252,#3287,#3322,#3357,
    #3392,#3427,#3462),#100,.F.);
#1490 = FACE_BOUND('',#1491,.F.);
#1491 = EDGE_LOOP('',(#1492,#1515,#1541,#1567,#1588,#1611,#1637,#1663,
    #1684,#1707,#1733,#1759,#1780,#1803,#1824,#1825,#1846,#1872,#1891,
    #1892,#1913,#1939,#1958,#1959,#1980,#2006,#2025,#2026));
#1492 = ORIENTED_EDGE('',*,*,#1493,.F.);
#1493 = EDGE_CURVE('',#1494,#1259,#1496,.T.);
#1494 = VERTEX_POINT('',#1495);
#1495 = CARTESIAN_POINT('',(250.,4.357625371654E-15,185.63245553203));
#1496 = SURFACE_CURVE('',#1497,(#1501,#1508),.PCURVE_S1.);
#1497 = LINE('',#1498,#1499);
#1498 = CARTESIAN_POINT('',(250.,0.,0.));
#1499 = VECTOR('',#1500,1.);
#1500 = DIRECTION('',(0.,0.,1.));
#1501 = PCURVE('',#100,#1502);
#1502 = DEFINITIONAL_REPRESENTATION('',(#1503),#1507);
#1503 = LINE('',#1504,#1505);
#1504 = CARTESIAN_POINT('',(0.,250.));
#1505 = VECTOR('',#1506,1.);
#1506 = DIRECTION('',(1.,0.));
#1507 = ( GEOMETRIC_REPRESENTATION_CONTEXT(2) 
PARAMETRIC_REPRESENTATION_CONTEXT() REPRESENTATION_CONTEXT('2D SPACE',''
  ) );
#1508 = PCURVE('',#472,#1509);
#1509 = DEFINITIONAL_REPRESENTATION('',(#1510),#1514);
#1510 = LINE('',#1511,#1512);
#1511 = CARTESIAN_POINT('',(0.,0.));
#1512 = VECTOR('',#1513,1.);
#1513 = DIRECTION('',(1.,0.));
#1514 = ( GEOMETRIC_REPRESENTATION_CONTEXT(2) 
PARAMETRIC_REPRESENTATION_CONTEXT() REPRESENTATION_CONTEXT('2D SPACE',''
  ) );
#1515 = ORIENTED_EDGE('',*,*,#1516,.T.);
#1516 = EDGE_CURVE('',#1494,#1517,#1519,.T.);
#1517 = VERTEX_POINT('',#1518);
#1518 = CARTESIAN_POINT('',(243.5,-2.775557561563E-16,185.63245553203));
#1519 = SURFACE_CURVE('',#1520,(#1524,#1530),.PCURVE_S1.);
#1520 = LINE('',#1521,#1522);
#1521 = CARTESIAN_POINT('',(-1.,0.,185.63245553203));
#1522 = VECTOR('',#1523,1.);
#1523 = DIRECTION('',(-1.,-0.,-0.));
#1524 = PCURVE('',#100,#1525);
#1525 = DEFINITIONAL_REPRESENTATION('',(#1526),#1529);
#1526 = B_SPLINE_CURVE_WITH_KNOTS('',1,(#1527,#1528),.UNSPECIFIED.,.F.,
  .F.,(2,2),(-251.0000006,-244.4999994),.PIECEWISE_BEZIER_KNOTS.);
#1527 = CARTESIAN_POINT('',(185.63245553203,250.0000006));
#1528 = CARTESIAN_POINT('',(185.63245553203,243.4999994));
#1529 = ( GEOMETRIC_REPRESENTATION_CONTEXT(2) 
PARAMETRIC_REPRESENTATION_CONTEXT() REPRESENTATION_CONTEXT('2D SPACE',''
  ) );
#1530 = PCURVE('',#1531,#1536);
#1531 = CYLINDRICAL_SURFACE('',#1532,0.7);
#1532 = AXIS2_PLACEMENT_3D('',#1533,#1534,#1535);
#1533 = CARTESIAN_POINT('',(-1.,-0.3,185.));
#1534 = DIRECTION('',(-1.,-0.,-0.));
#1535 = DIRECTION('',(0.,1.,0.));
#1536 = DEFINITIONAL_REPRESENTATION('',(#1537),#1540);
#1537 = B_SPLINE_CURVE_WITH_KNOTS('',1,(#1538,#1539),.UNSPECIFIED.,.F.,
  .F.,(2,2),(-251.,-244.5),.PIECEWISE_BEZIER_KNOTS.);
#1538 = CARTESIAN_POINT('',(-7.411070589901,-251.));
#1539 = CARTESIAN_POINT('',(-7.411070589901,-244.5));
#1540 = ( GEOMETRIC_REPRESENTATION_CONTEXT(2) 
PARAMETRIC_REPRESENTATION_CONTEXT() REPRESENTATION_CONTEXT('2D SPACE',''
  ) );
#1541 = ORIENTED_EDGE('',*,*,#1542,.T.);
#1542 = EDGE_CURVE('',#1517,#1543,#1545,.T.);
#1543 = VERTEX_POINT('',#1544);
#1544 = CARTESIAN_POINT('',(243.5,0.,184.36754446796));
#1545 = SURFACE_CURVE('',#1546,(#1550,#1556),.PCURVE_S1.);
#1546 = LINE('',#1547,#1548);
#1547 = CARTESIAN_POINT('',(243.5,0.,91.25));
#1548 = VECTOR('',#1549,1.);
#1549 = DIRECTION('',(0.,0.,-1.));
#1550 = PCURVE('',#100,#1551);
#1551 = DEFINITIONAL_REPRESENTATION('',(#1552),#1555);
#1552 = B_SPLINE_CURVE_WITH_KNOTS('',1,(#1553,#1554),.UNSPECIFIED.,.F.,
  .F.,(2,2),(-94.45,-93.05),.PIECEWISE_BEZIER_KNOTS.);
#1553 = CARTESIAN_POINT('',(185.7,243.5));
#1554 = CARTESIAN_POINT('',(184.3,243.5));
#1555 = ( GEOMETRIC_REPRESENTATION_CONTEXT(2) 
PARAMETRIC_REPRESENTATION_CONTEXT() REPRESENTATION_CONTEXT('2D SPACE',''
  ) );
#1556 = PCURVE('',#1557,#1562);
#1557 = PLANE('',#1558);
#1558 = AXIS2_PLACEMENT_3D('',#1559,#1560,#1561);
#1559 = CARTESIAN_POINT('',(243.5,-2.5,182.5));
#1560 = DIRECTION('',(1.,0.,0.));
#1561 = DIRECTION('',(0.,0.,1.));
#1562 = DEFINITIONAL_REPRESENTATION('',(#1563),#1566);
#1563 = B_SPLINE_CURVE_WITH_KNOTS('',1,(#1564,#1565),.UNSPECIFIED.,.F.,
  .F.,(2,2),(-94.45,-93.05),.PIECEWISE_BEZIER_KNOTS.);
#1564 = CARTESIAN_POINT('',(3.2,-2.5));
#1565 = CARTESIAN_POINT('',(1.8,-2.5));
#1566 = ( GEOMETRIC_REPRESENTATION_CONTEXT(2) 
PARAMETRIC_REPRESENTATION_CONTEXT() REPRESENTATION_CONTEXT('2D SPACE',''
  ) );
#1567 = ORIENTED_EDGE('',*,*,#1568,.F.);
#1568 = EDGE_CURVE('',#1569,#1543,#1571,.T.);
#1569 = VERTEX_POINT('',#1570);
#1570 = CARTESIAN_POINT('',(250.,4.218847493576E-15,184.36754446796));
#1571 = SURFACE_CURVE('',#1572,(#1576,#1582),.PCURVE_S1.);
#1572 = LINE('',#1573,#1574);
#1573 = CARTESIAN_POINT('',(-1.,0.,184.36754446796));
#1574 = VECTOR('',#1575,1.);
#1575 = DIRECTION('',(-1.,-0.,-0.));
#1576 = PCURVE('',#100,#1577);
#1577 = DEFINITIONAL_REPRESENTATION('',(#1578),#1581);
#1578 = B_SPLINE_CURVE_WITH_KNOTS('',1,(#1579,#1580),.UNSPECIFIED.,.F.,
  .F.,(2,2),(-251.0000006,-244.4999994),.PIECEWISE_BEZIER_KNOTS.);
#1579 = CARTESIAN_POINT('',(184.36754446796,250.0000006));
#1580 = CARTESIAN_POINT('',(184.36754446796,243.4999994));
#1581 = ( GEOMETRIC_REPRESENTATION_CONTEXT(2) 
PARAMETRIC_REPRESENTATION_CONTEXT() REPRESENTATION_CONTEXT('2D SPACE',''
  ) );
#1582 = PCURVE('',#1531,#1583);
#1583 = DEFINITIONAL_REPRESENTATION('',(#1584),#1587);
#1584 = B_SPLINE_CURVE_WITH_KNOTS('',1,(#1585,#1586),.UNSPECIFIED.,.F.,
  .F.,(2,2),(-251.,-244.5),.PIECEWISE_BEZIER_KNOTS.);
#1585 = CARTESIAN_POINT('',(-5.155300024458,-251.));
#1586 = CARTESIAN_POINT('',(-5.155300024458,-244.5));
#1587 = ( GEOMETRIC_REPRESENTATION_CONTEXT(2) 
PARAMETRIC_REPRESENTATION_CONTEXT() REPRESENTATION_CONTEXT('2D SPACE',''
  ) );
#1588 = ORIENTED_EDGE('',*,*,#1589,.F.);
#1589 = EDGE_CURVE('',#1590,#1569,#1592,.T.);
#1590 = VERTEX_POINT('',#1591);
#1591 = CARTESIAN_POINT('',(250.,4.357625371654E-15,130.63245553203));
#1592 = SURFACE_CURVE('',#1593,(#1597,#1604),.PCURVE_S1.);
#1593 = LINE('',#1594,#1595);
#1594 = CARTESIAN_POINT('',(250.,0.,0.));
#1595 = VECTOR('',#1596,1.);
#1596 = DIRECTION('',(0.,0.,1.));
#1597 = PCURVE('',#100,#1598);
#1598 = DEFINITIONAL_REPRESENTATION('',(#1599),#1603);
#1599 = LINE('',#1600,#1601);
#1600 = CARTESIAN_POINT('',(0.,250.));
#1601 = VECTOR('',#1602,1.);
#1602 = DIRECTION('',(1.,0.));
#1603 = ( GEOMETRIC_REPRESENTATION_CONTEXT(2) 
PARAMETRIC_REPRESENTATION_CONTEXT() REPRESENTATION_CONTEXT('2D SPACE',''
  ) );
#1604 = PCURVE('',#472,#1605);
#1605 = DEFINITIONAL_REPRESENTATION('',(#1606),#1610);
#1606 = LINE('',#1607,#1608);
#1607 = CARTESIAN_POINT('',(0.,0.));
#1608 = VECTOR('',#1609,1.);
#1609 = DIRECTION('',(1.,0.));
#1610 = ( GEOMETRIC_REPRESENTATION_CONTEXT(2) 
PARAMETRIC_REPRESENTATION_CONTEXT() REPRESENTATION_CONTEXT('2D SPACE',''
  ) );
#1611 = ORIENTED_EDGE('',*,*,#1612,.T.);
#1612 = EDGE_CURVE('',#1590,#1613,#1615,.T.);
#1613 = VERTEX_POINT('',#1614);
#1614 = CARTESIAN_POINT('',(243.5,-2.775557561563E-16,130.63245553203));
#1615 = SURFACE_CURVE('',#1616,(#1620,#1626),.PCURVE_S1.);
#1616 = LINE('',#1617,#1618);
#1617 = CARTESIAN_POINT('',(-1.,0.,130.63245553203));
#1618 = VECTOR('',#1619,1.);
#1619 = DIRECTION('',(-1.,-0.,-0.));
#1620 = PCURVE('',#100,#1621);
#1621 = DEFINITIONAL_REPRESENTATION('',(#1622),#1625);
#1622 = B_SPLINE_CURVE_WITH_KNOTS('',1,(#1623,#1624),.UNSPECIFIED.,.F.,
  .F.,(2,2),(-251.0000006,-244.4999994),.PIECEWISE_BEZIER_KNOTS.);
#1623 = CARTESIAN_POINT('',(130.63245553203,250.0000006));
#1624 = CARTESIAN_POINT('',(130.63245553203,243.4999994));
#1625 = ( GEOMETRIC_REPRESENTATION_CONTEXT(2) 
PARAMETRIC_REPRESENTATION_CONTEXT() REPRESENTATION_CONTEXT('2D SPACE',''
  ) );
#1626 = PCURVE('',#1627,#1632);
#1627 = CYLINDRICAL_SURFACE('',#1628,0.7);
#1628 = AXIS2_PLACEMENT_3D('',#1629,#1630,#1631);
#1629 = CARTESIAN_POINT('',(-1.,-0.3,130.));
#1630 = DIRECTION('',(-1.,-0.,-0.));
#1631 = DIRECTION('',(0.,1.,0.));
#1632 = DEFINITIONAL_REPRESENTATION('',(#1633),#1636);
#1633 = B_SPLINE_CURVE_WITH_KNOTS('',1,(#1634,#1635),.UNSPECIFIED.,.F.,
  .F.,(2,2),(-251.,-244.5),.PIECEWISE_BEZIER_KNOTS.);
#1634 = CARTESIAN_POINT('',(-7.411070589901,-251.));
#1635 = CARTESIAN_POINT('',(-7.411070589901,-244.5));
#1636 = ( GEOMETRIC_REPRESENTATION_CONTEXT(2) 
PARAMETRIC_REPRESENTATION_CONTEXT() REPRESENTATION_CONTEXT('2D SPACE',''
  ) );
#1637 = ORIENTED_EDGE('',*,*,#1638,.T.);
#1638 = EDGE_CURVE('',#1613,#1639,#1641,.T.);
#1639 = VERTEX_POINT('',#1640);
#1640 = CARTESIAN_POINT('',(243.5,0.,129.36754446796));
#1641 = SURFACE_CURVE('',#1642,(#1646,#1652),.PCURVE_S1.);
#1642 = LINE('',#1643,#1644);
#1643 = CARTESIAN_POINT('',(243.5,0.,63.75));
#1644 = VECTOR('',#1645,1.);
#1645 = DIRECTION('',(0.,0.,-1.));
#1646 = PCURVE('',#100,#1647);
#1647 = DEFINITIONAL_REPRESENTATION('',(#1648),#1651);
#1648 = B_SPLINE_CURVE_WITH_KNOTS('',1,(#1649,#1650),.UNSPECIFIED.,.F.,
  .F.,(2,2),(-66.95,-65.55),.PIECEWISE_BEZIER_KNOTS.);
#1649 = CARTESIAN_POINT('',(130.7,243.5));
#1650 = CARTESIAN_POINT('',(129.3,243.5));
#1651 = ( GEOMETRIC_REPRESENTATION_CONTEXT(2) 
PARAMETRIC_REPRESENTATION_CONTEXT() REPRESENTATION_CONTEXT('2D SPACE',''
  ) );
#1652 = PCURVE('',#1653,#1658);
#1653 = PLANE('',#1654);
#1654 = AXIS2_PLACEMENT_3D('',#1655,#1656,#1657);
#1655 = CARTESIAN_POINT('',(243.5,-2.5,127.5));
#1656 = DIRECTION('',(1.,0.,0.));
#1657 = DIRECTION('',(0.,0.,1.));
#1658 = DEFINITIONAL_REPRESENTATION('',(#1659),#1662);
#1659 = B_SPLINE_CURVE_WITH_KNOTS('',1,(#1660,#1661),.UNSPECIFIED.,.F.,
  .F.,(2,2),(-66.95,-65.55),.PIECEWISE_BEZIER_KNOTS.);
#1660 = CARTESIAN_POINT('',(3.2,-2.5));
#1661 = CARTESIAN_POINT('',(1.8,-2.5));
#1662 = ( GEOMETRIC_REPRESENTATION_CONTEXT(2) 
PARAMETRIC_REPRESENTATION_CONTEXT() REPRESENTATION_CONTEXT('2D SPACE',''
  ) );
#1663 = ORIENTED_EDGE('',*,*,#1664,.F.);
#1664 = EDGE_CURVE('',#1665,#1639,#1667,.T.);
#1665 = VERTEX_POINT('',#1666);
#1666 = CARTESIAN_POINT('',(250.,4.218847493576E-15,129.36754446796));
#1667 = SURFACE_CURVE('',#1668,(#1672,#1678),.PCURVE_S1.);
#1668 = LINE('',#1669,#1670);
#1669 = CARTESIAN_POINT('',(-1.,0.,129.36754446796));
#1670 = VECTOR('',#1671,1.);
#1671 = DIRECTION('',(-1.,-0.,-0.));
#1672 = PCURVE('',#100,#1673);
#1673 = DEFINITIONAL_REPRESENTATION('',(#1674),#1677);
#1674 = B_SPLINE_CURVE_WITH_KNOTS('',1,(#1675,#1676),.UNSPECIFIED.,.F.,
  .F.,(2,2),(-251.0000006,-244.4999994),.PIECEWISE_BEZIER_KNOTS.);
#1675 = CARTESIAN_POINT('',(129.36754446796,250.0000006));
#1676 = CARTESIAN_POINT('',(129.36754446796,243.4999994));
#1677 = ( GEOMETRIC_REPRESENTATION_CONTEXT(2) 
PARAMETRIC_REPRESENTATION_CONTEXT() REPRESENTATION_CONTEXT('2D SPACE',''
  ) );
#1678 = PCURVE('',#1627,#1679);
#1679 = DEFINITIONAL_REPRESENTATION('',(#1680),#1683);
#1680 = B_SPLINE_CURVE_WITH_KNOTS('',1,(#1681,#1682),.UNSPECIFIED.,.F.,
  .F.,(2,2),(-251.,-244.5),.PIECEWISE_BEZIER_KNOTS.);
#1681 = CARTESIAN_POINT('',(-5.155300024458,-251.));
#1682 = CARTESIAN_POINT('',(-5.155300024458,-244.5));
#1683 = ( GEOMETRIC_REPRESENTATION_CONTEXT(2) 
PARAMETRIC_REPRESENTATION_CONTEXT() REPRESENTATION_CONTEXT('2D SPACE',''
  ) );
#1684 = ORIENTED_EDGE('',*,*,#1685,.F.);
#1685 = EDGE_CURVE('',#1686,#1665,#1688,.T.);
#1686 = VERTEX_POINT('',#1687);
#1687 = CARTESIAN_POINT('',(250.,4.357625371654E-15,80.632455532034));
#1688 = SURFACE_CURVE('',#1689,(#1693,#1700),.PCURVE_S1.);
#1689 = LINE('',#1690,#1691);
#1690 = CARTESIAN_POINT('',(250.,0.,0.));
#1691 = VECTOR('',#1692,1.);
#1692 = DIRECTION('',(0.,0.,1.));
#1693 = PCURVE('',#100,#1694);
#1694 = DEFINITIONAL_REPRESENTATION('',(#1695),#1699);
#1695 = LINE('',#1696,#1697);
#1696 = CARTESIAN_POINT('',(0.,250.));
#1697 = VECTOR('',#1698,1.);
#1698 = DIRECTION('',(1.,0.));
#1699 = ( GEOMETRIC_REPRESENTATION_CONTEXT(2) 
PARAMETRIC_REPRESENTATION_CONTEXT() REPRESENTATION_CONTEXT('2D SPACE',''
  ) );
#1700 = PCURVE('',#472,#1701);
#1701 = DEFINITIONAL_REPRESENTATION('',(#1702),#1706);
#1702 = LINE('',#1703,#1704);
#1703 = CARTESIAN_POINT('',(0.,0.));
#1704 = VECTOR('',#1705,1.);
#1705 = DIRECTION('',(1.,0.));
#1706 = ( GEOMETRIC_REPRESENTATION_CONTEXT(2) 
PARAMETRIC_REPRESENTATION_CONTEXT() REPRESENTATION_CONTEXT('2D SPACE',''
  ) );
#1707 = ORIENTED_EDGE('',*,*,#1708,.T.);
#1708 = EDGE_CURVE('',#1686,#1709,#1711,.T.);
#1709 = VERTEX_POINT('',#1710);
#1710 = CARTESIAN_POINT('',(243.5,-2.775557561563E-16,80.632455532034));
#1711 = SURFACE_CURVE('',#1712,(#1716,#1722),.PCURVE_S1.);
#1712 = LINE('',#1713,#1714);
#1713 = CARTESIAN_POINT('',(-1.,0.,80.632455532034));
#1714 = VECTOR('',#1715,1.);
#1715 = DIRECTION('',(-1.,-0.,-0.));
#1716 = PCURVE('',#100,#1717);
#1717 = DEFINITIONAL_REPRESENTATION('',(#1718),#1721);
#1718 = B_SPLINE_CURVE_WITH_KNOTS('',1,(#1719,#1720),.UNSPECIFIED.,.F.,
  .F.,(2,2),(-251.0000006,-244.4999994),.PIECEWISE_BEZIER_KNOTS.);
#1719 = CARTESIAN_POINT('',(80.632455532034,250.0000006));
#1720 = CARTESIAN_POINT('',(80.632455532034,243.4999994));
#1721 = ( GEOMETRIC_REPRESENTATION_CONTEXT(2) 
PARAMETRIC_REPRESENTATION_CONTEXT() REPRESENTATION_CONTEXT('2D SPACE',''
  ) );
#1722 = PCURVE('',#1723,#1728);
#1723 = CYLINDRICAL_SURFACE('',#1724,0.7);
#1724 = AXIS2_PLACEMENT_3D('',#1725,#1726,#1727);
#1725 = CARTESIAN_POINT('',(-1.,-0.3,80.));
#1726 = DIRECTION('',(-1.,-0.,-0.));
#1727 = DIRECTION('',(0.,1.,0.));
#1728 = DEFINITIONAL_REPRESENTATION('',(#1729),#1732);
#1729 = B_SPLINE_CURVE_WITH_KNOTS('',1,(#1730,#1731),.UNSPECIFIED.,.F.,
  .F.,(2,2),(-251.,-244.5),.PIECEWISE_BEZIER_KNOTS.);
#1730 = CARTESIAN_POINT('',(-7.411070589901,-251.));
#1731 = CARTESIAN_POINT('',(-7.411070589901,-244.5));
#1732 = ( GEOMETRIC_REPRESENTATION_CONTEXT(2) 
PARAMETRIC_REPRESENTATION_CONTEXT() REPRESENTATION_CONTEXT('2D SPACE',''
  ) );
#1733 = ORIENTED_EDGE('',*,*,#1734,.T.);
#1734 = EDGE_CURVE('',#1709,#1735,#1737,.T.);
#1735 = VERTEX_POINT('',#1736);
#1736 = CARTESIAN_POINT('',(243.5,0.,79.367544467966));
#1737 = SURFACE_CURVE('',#1738,(#1742,#1748),.PCURVE_S1.);
#1738 = LINE('',#1739,#1740);
#1739 = CARTESIAN_POINT('',(243.5,0.,38.75));
#1740 = VECTOR('',#1741,1.);
#1741 = DIRECTION('',(0.,0.,-1.));
#1742 = PCURVE('',#100,#1743);
#1743 = DEFINITIONAL_REPRESENTATION('',(#1744),#1747);
#1744 = B_SPLINE_CURVE_WITH_KNOTS('',1,(#1745,#1746),.UNSPECIFIED.,.F.,
  .F.,(2,2),(-41.95,-40.55),.PIECEWISE_BEZIER_KNOTS.);
#1745 = CARTESIAN_POINT('',(80.7,243.5));
#1746 = CARTESIAN_POINT('',(79.3,243.5));
#1747 = ( GEOMETRIC_REPRESENTATION_CONTEXT(2) 
PARAMETRIC_REPRESENTATION_CONTEXT() REPRESENTATION_CONTEXT('2D SPACE',''
  ) );
#1748 = PCURVE('',#1749,#1754);
#1749 = PLANE('',#1750);
#1750 = AXIS2_PLACEMENT_3D('',#1751,#1752,#1753);
#1751 = CARTESIAN_POINT('',(243.5,-2.5,77.5));
#1752 = DIRECTION('',(1.,0.,0.));
#1753 = DIRECTION('',(0.,0.,1.));
#1754 = DEFINITIONAL_REPRESENTATION('',(#1755),#1758);
#1755 = B_SPLINE_CURVE_WITH_KNOTS('',1,(#1756,#1757),.UNSPECIFIED.,.F.,
  .F.,(2,2),(-41.95,-40.55),.PIECEWISE_BEZIER_KNOTS.);
#1756 = CARTESIAN_POINT('',(3.2,-2.5));
#1757 = CARTESIAN_POINT('',(1.8,-2.5));
#1758 = ( GEOMETRIC_REPRESENTATION_CONTEXT(2) 
PARAMETRIC_REPRESENTATION_CONTEXT() REPRESENTATION_CONTEXT('2D SPACE',''
  ) );
#1759 = ORIENTED_EDGE('',*,*,#1760,.F.);
#1760 = EDGE_CURVE('',#1761,#1735,#1763,.T.);
#1761 = VERTEX_POINT('',#1762);
#1762 = CARTESIAN_POINT('',(250.,4.218847493576E-15,79.367544467966));
#1763 = SURFACE_CURVE('',#1764,(#1768,#1774),.PCURVE_S1.);
#1764 = LINE('',#1765,#1766);
#1765 = CARTESIAN_POINT('',(-1.,0.,79.367544467966));
#1766 = VECTOR('',#1767,1.);
#1767 = DIRECTION('',(-1.,-0.,-0.));
#1768 = PCURVE('',#100,#1769);
#1769 = DEFINITIONAL_REPRESENTATION('',(#1770),#1773);
#1770 = B_SPLINE_CURVE_WITH_KNOTS('',1,(#1771,#1772),.UNSPECIFIED.,.F.,
  .F.,(2,2),(-251.0000006,-244.4999994),.PIECEWISE_BEZIER_KNOTS.);
#1771 = CARTESIAN_POINT('',(79.367544467966,250.0000006));
#1772 = CARTESIAN_POINT('',(79.367544467966,243.4999994));
#1773 = ( GEOMETRIC_REPRESENTATION_CONTEXT(2) 
PARAMETRIC_REPRESENTATION_CONTEXT() REPRESENTATION_CONTEXT('2D SPACE',''
  ) );
#1774 = PCURVE('',#1723,#1775);
#1775 = DEFINITIONAL_REPRESENTATION('',(#1776),#1779);
#1776 = B_SPLINE_CURVE_WITH_KNOTS('',1,(#1777,#1778),.UNSPECIFIED.,.F.,
  .F.,(2,2),(-251.,-244.5),.PIECEWISE_BEZIER_KNOTS.);
#1777 = CARTESIAN_POINT('',(-5.155300024458,-251.));
#1778 = CARTESIAN_POINT('',(-5.155300024458,-244.5));
#1779 = ( GEOMETRIC_REPRESENTATION_CONTEXT(2) 
PARAMETRIC_REPRESENTATION_CONTEXT() REPRESENTATION_CONTEXT('2D SPACE',''
  ) );
#1780 = ORIENTED_EDGE('',*,*,#1781,.F.);
#1781 = EDGE_CURVE('',#1782,#1761,#1784,.T.);
#1782 = VERTEX_POINT('',#1783);
#1783 = CARTESIAN_POINT('',(250.,0.,0.));
#1784 = SURFACE_CURVE('',#1785,(#1789,#1796),.PCURVE_S1.);
#1785 = LINE('',#1786,#1787);
#1786 = CARTESIAN_POINT('',(250.,0.,0.));
#1787 = VECTOR('',#1788,1.);
#1788 = DIRECTION('',(0.,0.,1.));
#1789 = PCURVE('',#100,#1790);
#1790 = DEFINITIONAL_REPRESENTATION('',(#1791),#1795);
#1791 = LINE('',#1792,#1793);
#1792 = CARTESIAN_POINT('',(0.,250.));
#1793 = VECTOR('',#1794,1.);
#1794 = DIRECTION('',(1.,0.));
#1795 = ( GEOMETRIC_REPRESENTATION_CONTEXT(2) 
PARAMETRIC_REPRESENTATION_CONTEXT() REPRESENTATION_CONTEXT('2D SPACE',''
  ) );
#1796 = PCURVE('',#472,#1797);
#1797 = DEFINITIONAL_REPRESENTATION('',(#1798),#1802);
#1798 = LINE('',#1799,#1800);
#1799 = CARTESIAN_POINT('',(0.,0.));
#1800 = VECTOR('',#1801,1.);
#1801 = DIRECTION('',(1.,0.));
#1802 = ( GEOMETRIC_REPRESENTATION_CONTEXT(2) 
PARAMETRIC_REPRESENTATION_CONTEXT() REPRESENTATION_CONTEXT('2D SPACE',''
  ) );
#1803 = ORIENTED_EDGE('',*,*,#1804,.F.);
#1804 = EDGE_CURVE('',#246,#1782,#1805,.T.);
#1805 = SURFACE_CURVE('',#1806,(#1810,#1817),.PCURVE_S1.);
#1806 = LINE('',#1807,#1808);
#1807 = CARTESIAN_POINT('',(0.,0.,0.));
#1808 = VECTOR('',#1809,1.);
#1809 = DIRECTION('',(1.,0.,0.));
#1810 = PCURVE('',#100,#1811);
#1811 = DEFINITIONAL_REPRESENTATION('',(#1812),#1816);
#1812 = LINE('',#1813,#1814);
#1813 = CARTESIAN_POINT('',(0.,0.));
#1814 = VECTOR('',#1815,1.);
#1815 = DIRECTION('',(0.,1.));
#1816 = ( GEOMETRIC_REPRESENTATION_CONTEXT(2) 
PARAMETRIC_REPRESENTATION_CONTEXT() REPRESENTATION_CONTEXT('2D SPACE',''
  ) );
#1817 = PCURVE('',#284,#1818);
#1818 = DEFINITIONAL_REPRESENTATION('',(#1819),#1823);
#1819 = LINE('',#1820,#1821);
#1820 = CARTESIAN_POINT('',(0.,0.));
#1821 = VECTOR('',#1822,1.);
#1822 = DIRECTION('',(1.,0.));
#1823 = ( GEOMETRIC_REPRESENTATION_CONTEXT(2) 
PARAMETRIC_REPRESENTATION_CONTEXT() REPRESENTATION_CONTEXT('2D SPACE',''
  ) );
#1824 = ORIENTED_EDGE('',*,*,#245,.T.);
#1825 = ORIENTED_EDGE('',*,*,#1826,.F.);
#1826 = EDGE_CURVE('',#1827,#217,#1829,.T.);
#1827 = VERTEX_POINT('',#1828);
#1828 = CARTESIAN_POINT('',(6.5,0.,79.367544467966));
#1829 = SURFACE_CURVE('',#1830,(#1834,#1840),.PCURVE_S1.);
#1830 = LINE('',#1831,#1832);
#1831 = CARTESIAN_POINT('',(-1.,0.,79.367544467966));
#1832 = VECTOR('',#1833,1.);
#1833 = DIRECTION('',(-1.,-0.,-0.));
#1834 = PCURVE('',#100,#1835);
#1835 = DEFINITIONAL_REPRESENTATION('',(#1836),#1839);
#1836 = B_SPLINE_CURVE_WITH_KNOTS('',1,(#1837,#1838),.UNSPECIFIED.,.F.,
  .F.,(2,2),(-7.5000006,-0.9999994),.PIECEWISE_BEZIER_KNOTS.);
#1837 = CARTESIAN_POINT('',(79.367544467966,6.5000006));
#1838 = CARTESIAN_POINT('',(79.367544467966,-6.000000000173E-07));
#1839 = ( GEOMETRIC_REPRESENTATION_CONTEXT(2) 
PARAMETRIC_REPRESENTATION_CONTEXT() REPRESENTATION_CONTEXT('2D SPACE',''
  ) );
#1840 = PCURVE('',#233,#1841);
#1841 = DEFINITIONAL_REPRESENTATION('',(#1842),#1845);
#1842 = B_SPLINE_CURVE_WITH_KNOTS('',1,(#1843,#1844),.UNSPECIFIED.,.F.,
  .F.,(2,2),(-7.5,-1.),.PIECEWISE_BEZIER_KNOTS.);
#1843 = CARTESIAN_POINT('',(-5.155300024458,-7.5));
#1844 = CARTESIAN_POINT('',(-5.155300024458,-1.));
#1845 = ( GEOMETRIC_REPRESENTATION_CONTEXT(2) 
PARAMETRIC_REPRESENTATION_CONTEXT() REPRESENTATION_CONTEXT('2D SPACE',''
  ) );
#1846 = ORIENTED_EDGE('',*,*,#1847,.F.);
#1847 = EDGE_CURVE('',#1848,#1827,#1850,.T.);
#1848 = VERTEX_POINT('',#1849);
#1849 = CARTESIAN_POINT('',(6.5,-2.775557561563E-16,80.632455532034));
#1850 = SURFACE_CURVE('',#1851,(#1855,#1861),.PCURVE_S1.);
#1851 = LINE('',#1852,#1853);
#1852 = CARTESIAN_POINT('',(6.5,0.,38.75));
#1853 = VECTOR('',#1854,1.);
#1854 = DIRECTION('',(0.,0.,-1.));
#1855 = PCURVE('',#100,#1856);
#1856 = DEFINITIONAL_REPRESENTATION('',(#1857),#1860);
#1857 = B_SPLINE_CURVE_WITH_KNOTS('',1,(#1858,#1859),.UNSPECIFIED.,.F.,
  .F.,(2,2),(-41.95,-40.55),.PIECEWISE_BEZIER_KNOTS.);
#1858 = CARTESIAN_POINT('',(80.7,6.5));
#1859 = CARTESIAN_POINT('',(79.3,6.5));
#1860 = ( GEOMETRIC_REPRESENTATION_CONTEXT(2) 
PARAMETRIC_REPRESENTATION_CONTEXT() REPRESENTATION_CONTEXT('2D SPACE',''
  ) );
#1861 = PCURVE('',#1862,#1867);
#1862 = PLANE('',#1863);
#1863 = AXIS2_PLACEMENT_3D('',#1864,#1865,#1866);
#1864 = CARTESIAN_POINT('',(6.5,-2.5,77.5));
#1865 = DIRECTION('',(1.,0.,0.));
#1866 = DIRECTION('',(0.,0.,1.));
#1867 = DEFINITIONAL_REPRESENTATION('',(#1868),#1871);
#1868 = B_SPLINE_CURVE_WITH_KNOTS('',1,(#1869,#1870),.UNSPECIFIED.,.F.,
  .F.,(2,2),(-41.95,-40.55),.PIECEWISE_BEZIER_KNOTS.);
#1869 = CARTESIAN_POINT('',(3.2,-2.5));
#1870 = CARTESIAN_POINT('',(1.8,-2.5));
#1871 = ( GEOMETRIC_REPRESENTATION_CONTEXT(2) 
PARAMETRIC_REPRESENTATION_CONTEXT() REPRESENTATION_CONTEXT('2D SPACE',''
  ) );
#1872 = ORIENTED_EDGE('',*,*,#1873,.T.);
#1873 = EDGE_CURVE('',#1848,#194,#1874,.T.);
#1874 = SURFACE_CURVE('',#1875,(#1879,#1885),.PCURVE_S1.);
#1875 = LINE('',#1876,#1877);
#1876 = CARTESIAN_POINT('',(-1.,0.,80.632455532034));
#1877 = VECTOR('',#1878,1.);
#1878 = DIRECTION('',(-1.,-0.,-0.));
#1879 = PCURVE('',#100,#1880);
#1880 = DEFINITIONAL_REPRESENTATION('',(#1881),#1884);
#1881 = B_SPLINE_CURVE_WITH_KNOTS('',1,(#1882,#1883),.UNSPECIFIED.,.F.,
  .F.,(2,2),(-7.5000006,-0.9999994),.PIECEWISE_BEZIER_KNOTS.);
#1882 = CARTESIAN_POINT('',(80.632455532034,6.5000006));
#1883 = CARTESIAN_POINT('',(80.632455532034,-6.000000000173E-07));
#1884 = ( GEOMETRIC_REPRESENTATION_CONTEXT(2) 
PARAMETRIC_REPRESENTATION_CONTEXT() REPRESENTATION_CONTEXT('2D SPACE',''
  ) );
#1885 = PCURVE('',#233,#1886);
#1886 = DEFINITIONAL_REPRESENTATION('',(#1887),#1890);
#1887 = B_SPLINE_CURVE_WITH_KNOTS('',1,(#1888,#1889),.UNSPECIFIED.,.F.,
  .F.,(2,2),(-7.5,-1.),.PIECEWISE_BEZIER_KNOTS.);
#1888 = CARTESIAN_POINT('',(-7.411070589901,-7.5));
#1889 = CARTESIAN_POINT('',(-7.411070589901,-1.));
#1890 = ( GEOMETRIC_REPRESENTATION_CONTEXT(2) 
PARAMETRIC_REPRESENTATION_CONTEXT() REPRESENTATION_CONTEXT('2D SPACE',''
  ) );
#1891 = ORIENTED_EDGE('',*,*,#193,.T.);
#1892 = ORIENTED_EDGE('',*,*,#1893,.F.);
#1893 = EDGE_CURVE('',#1894,#165,#1896,.T.);
#1894 = VERTEX_POINT('',#1895);
#1895 = CARTESIAN_POINT('',(6.5,0.,129.36754446796));
#1896 = SURFACE_CURVE('',#1897,(#1901,#1907),.PCURVE_S1.);
#1897 = LINE('',#1898,#1899);
#1898 = CARTESIAN_POINT('',(-1.,0.,129.36754446796));
#1899 = VECTOR('',#1900,1.);
#1900 = DIRECTION('',(-1.,-0.,-0.));
#1901 = PCURVE('',#100,#1902);
#1902 = DEFINITIONAL_REPRESENTATION('',(#1903),#1906);
#1903 = B_SPLINE_CURVE_WITH_KNOTS('',1,(#1904,#1905),.UNSPECIFIED.,.F.,
  .F.,(2,2),(-7.5000006,-0.9999994),.PIECEWISE_BEZIER_KNOTS.);
#1904 = CARTESIAN_POINT('',(129.36754446796,6.5000006));
#1905 = CARTESIAN_POINT('',(129.36754446796,-6.000000000173E-07));
#1906 = ( GEOMETRIC_REPRESENTATION_CONTEXT(2) 
PARAMETRIC_REPRESENTATION_CONTEXT() REPRESENTATION_CONTEXT('2D SPACE',''
  ) );
#1907 = PCURVE('',#181,#1908);
#1908 = DEFINITIONAL_REPRESENTATION('',(#1909),#1912);
#1909 = B_SPLINE_CURVE_WITH_KNOTS('',1,(#1910,#1911),.UNSPECIFIED.,.F.,
  .F.,(2,2),(-7.5,-1.),.PIECEWISE_BEZIER_KNOTS.);
#1910 = CARTESIAN_POINT('',(-5.155300024458,-7.5));
#1911 = CARTESIAN_POINT('',(-5.155300024458,-1.));
#1912 = ( GEOMETRIC_REPRESENTATION_CONTEXT(2) 
PARAMETRIC_REPRESENTATION_CONTEXT() REPRESENTATION_CONTEXT('2D SPACE',''
  ) );
#1913 = ORIENTED_EDGE('',*,*,#1914,.F.);
#1914 = EDGE_CURVE('',#1915,#1894,#1917,.T.);
#1915 = VERTEX_POINT('',#1916);
#1916 = CARTESIAN_POINT('',(6.5,-2.775557561563E-16,130.63245553203));
#1917 = SURFACE_CURVE('',#1918,(#1922,#1928),.PCURVE_S1.);
#1918 = LINE('',#1919,#1920);
#1919 = CARTESIAN_POINT('',(6.5,0.,63.75));
#1920 = VECTOR('',#1921,1.);
#1921 = DIRECTION('',(0.,0.,-1.));
#1922 = PCURVE('',#100,#1923);
#1923 = DEFINITIONAL_REPRESENTATION('',(#1924),#1927);
#1924 = B_SPLINE_CURVE_WITH_KNOTS('',1,(#1925,#1926),.UNSPECIFIED.,.F.,
  .F.,(2,2),(-66.95,-65.55),.PIECEWISE_BEZIER_KNOTS.);
#1925 = CARTESIAN_POINT('',(130.7,6.5));
#1926 = CARTESIAN_POINT('',(129.3,6.5));
#1927 = ( GEOMETRIC_REPRESENTATION_CONTEXT(2) 
PARAMETRIC_REPRESENTATION_CONTEXT() REPRESENTATION_CONTEXT('2D SPACE',''
  ) );
#1928 = PCURVE('',#1929,#1934);
#1929 = PLANE('',#1930);
#1930 = AXIS2_PLACEMENT_3D('',#1931,#1932,#1933);
#1931 = CARTESIAN_POINT('',(6.5,-2.5,127.5));
#1932 = DIRECTION('',(1.,0.,0.));
#1933 = DIRECTION('',(0.,0.,1.));
#1934 = DEFINITIONAL_REPRESENTATION('',(#1935),#1938);
#1935 = B_SPLINE_CURVE_WITH_KNOTS('',1,(#1936,#1937),.UNSPECIFIED.,.F.,
  .F.,(2,2),(-66.95,-65.55),.PIECEWISE_BEZIER_KNOTS.);
#1936 = CARTESIAN_POINT('',(3.2,-2.5));
#1937 = CARTESIAN_POINT('',(1.8,-2.5));
#1938 = ( GEOMETRIC_REPRESENTATION_CONTEXT(2) 
PARAMETRIC_REPRESENTATION_CONTEXT() REPRESENTATION_CONTEXT('2D SPACE',''
  ) );
#1939 = ORIENTED_EDGE('',*,*,#1940,.T.);
#1940 = EDGE_CURVE('',#1915,#142,#1941,.T.);
#1941 = SURFACE_CURVE('',#1942,(#1946,#1952),.PCURVE_S1.);
#1942 = LINE('',#1943,#1944);
#1943 = CARTESIAN_POINT('',(-1.,0.,130.63245553203));
#1944 = VECTOR('',#1945,1.);
#1945 = DIRECTION('',(-1.,-0.,-0.));
#1946 = PCURVE('',#100,#1947);
#1947 = DEFINITIONAL_REPRESENTATION('',(#1948),#1951);
#1948 = B_SPLINE_CURVE_WITH_KNOTS('',1,(#1949,#1950),.UNSPECIFIED.,.F.,
  .F.,(2,2),(-7.5000006,-0.9999994),.PIECEWISE_BEZIER_KNOTS.);
#1949 = CARTESIAN_POINT('',(130.63245553203,6.5000006));
#1950 = CARTESIAN_POINT('',(130.63245553203,-6.000000000173E-07));
#1951 = ( GEOMETRIC_REPRESENTATION_CONTEXT(2) 
PARAMETRIC_REPRESENTATION_CONTEXT() REPRESENTATION_CONTEXT('2D SPACE',''
  ) );
#1952 = PCURVE('',#181,#1953);
#1953 = DEFINITIONAL_REPRESENTATION('',(#1954),#1957);
#1954 = B_SPLINE_CURVE_WITH_KNOTS('',1,(#1955,#1956),.UNSPECIFIED.,.F.,
  .F.,(2,2),(-7.5,-1.),.PIECEWISE_BEZIER_KNOTS.);
#1955 = CARTESIAN_POINT('',(-7.411070589901,-7.5));
#1956 = CARTESIAN_POINT('',(-7.411070589901,-1.));
#1957 = ( GEOMETRIC_REPRESENTATION_CONTEXT(2) 
PARAMETRIC_REPRESENTATION_CONTEXT() REPRESENTATION_CONTEXT('2D SPACE',''
  ) );
#1958 = ORIENTED_EDGE('',*,*,#141,.T.);
#1959 = ORIENTED_EDGE('',*,*,#1960,.F.);
#1960 = EDGE_CURVE('',#1961,#113,#1963,.T.);
#1961 = VERTEX_POINT('',#1962);
#1962 = CARTESIAN_POINT('',(6.5,0.,184.36754446796));
#1963 = SURFACE_CURVE('',#1964,(#1968,#1974),.PCURVE_S1.);
#1964 = LINE('',#1965,#1966);
#1965 = CARTESIAN_POINT('',(-1.,0.,184.36754446796));
#1966 = VECTOR('',#1967,1.);
#1967 = DIRECTION('',(-1.,-0.,-0.));
#1968 = PCURVE('',#100,#1969);
#1969 = DEFINITIONAL_REPRESENTATION('',(#1970),#1973);
#1970 = B_SPLINE_CURVE_WITH_KNOTS('',1,(#1971,#1972),.UNSPECIFIED.,.F.,
  .F.,(2,2),(-7.5000006,-0.9999994),.PIECEWISE_BEZIER_KNOTS.);
#1971 = CARTESIAN_POINT('',(184.36754446796,6.5000006));
#1972 = CARTESIAN_POINT('',(184.36754446796,-6.000000000173E-07));
#1973 = ( GEOMETRIC_REPRESENTATION_CONTEXT(2) 
PARAMETRIC_REPRESENTATION_CONTEXT() REPRESENTATION_CONTEXT('2D SPACE',''
  ) );
#1974 = PCURVE('',#129,#1975);
#1975 = DEFINITIONAL_REPRESENTATION('',(#1976),#1979);
#1976 = B_SPLINE_CURVE_WITH_KNOTS('',1,(#1977,#1978),.UNSPECIFIED.,.F.,
  .F.,(2,2),(-7.5,-1.),.PIECEWISE_BEZIER_KNOTS.);
#1977 = CARTESIAN_POINT('',(-5.155300024458,-7.5));
#1978 = CARTESIAN_POINT('',(-5.155300024458,-1.));
#1979 = ( GEOMETRIC_REPRESENTATION_CONTEXT(2) 
PARAMETRIC_REPRESENTATION_CONTEXT() REPRESENTATION_CONTEXT('2D SPACE',''
  ) );
#1980 = ORIENTED_EDGE('',*,*,#1981,.F.);
#1981 = EDGE_CURVE('',#1982,#1961,#1984,.T.);
#1982 = VERTEX_POINT('',#1983);
#1983 = CARTESIAN_POINT('',(6.5,-2.775557561563E-16,185.63245553203));
#1984 = SURFACE_CURVE('',#1985,(#1989,#1995),.PCURVE_S1.);
#1985 = LINE('',#1986,#1987);
#1986 = CARTESIAN_POINT('',(6.5,0.,91.25));
#1987 = VECTOR('',#1988,1.);
#1988 = DIRECTION('',(0.,0.,-1.));
#1989 = PCURVE('',#100,#1990);
#1990 = DEFINITIONAL_REPRESENTATION('',(#1991),#1994);
#1991 = B_SPLINE_CURVE_WITH_KNOTS('',1,(#1992,#1993),.UNSPECIFIED.,.F.,
  .F.,(2,2),(-94.45,-93.05),.PIECEWISE_BEZIER_KNOTS.);
#1992 = CARTESIAN_POINT('',(185.7,6.5));
#1993 = CARTESIAN_POINT('',(184.3,6.5));
#1994 = ( GEOMETRIC_REPRESENTATION_CONTEXT(2) 
PARAMETRIC_REPRESENTATION_CONTEXT() REPRESENTATION_CONTEXT('2D SPACE',''
  ) );
#1995 = PCURVE('',#1996,#2001);
#1996 = PLANE('',#1997);
#1997 = AXIS2_PLACEMENT_3D('',#1998,#1999,#2000);
#1998 = CARTESIAN_POINT('',(6.5,-2.5,182.5));
#1999 = DIRECTION('',(1.,0.,0.));
#2000 = DIRECTION('',(0.,0.,1.));
#2001 = DEFINITIONAL_REPRESENTATION('',(#2002),#2005);
#2002 = B_SPLINE_CURVE_WITH_KNOTS('',1,(#2003,#2004),.UNSPECIFIED.,.F.,
  .F.,(2,2),(-94.45,-93.05),.PIECEWISE_BEZIER_KNOTS.);
#2003 = CARTESIAN_POINT('',(3.2,-2.5));
#2004 = CARTESIAN_POINT('',(1.8,-2.5));
#2005 = ( GEOMETRIC_REPRESENTATION_CONTEXT(2) 
PARAMETRIC_REPRESENTATION_CONTEXT() REPRESENTATION_CONTEXT('2D SPACE',''
  ) );
#2006 = ORIENTED_EDGE('',*,*,#2007,.T.);
#2007 = EDGE_CURVE('',#1982,#85,#2008,.T.);
#2008 = SURFACE_CURVE('',#2009,(#2013,#2019),.PCURVE_S1.);
#2009 = LINE('',#2010,#2011);
#2010 = CARTESIAN_POINT('',(-1.,0.,185.63245553203));
#2011 = VECTOR('',#2012,1.);
#2012 = DIRECTION('',(-1.,-0.,-0.));
#2013 = PCURVE('',#100,#2014);
#2014 = DEFINITIONAL_REPRESENTATION('',(#2015),#2018);
#2015 = B_SPLINE_CURVE_WITH_KNOTS('',1,(#2016,#2017),.UNSPECIFIED.,.F.,
  .F.,(2,2),(-7.5000006,-0.9999994),.PIECEWISE_BEZIER_KNOTS.);
#2016 = CARTESIAN_POINT('',(185.63245553203,6.5000006));
#2017 = CARTESIAN_POINT('',(185.63245553203,-6.000000000173E-07));
#2018 = ( GEOMETRIC_REPRESENTATION_CONTEXT(2) 
PARAMETRIC_REPRESENTATION_CONTEXT() REPRESENTATION_CONTEXT('2D SPACE',''
  ) );
#2019 = PCURVE('',#129,#2020);
#2020 = DEFINITIONAL_REPRESENTATION('',(#2021),#2024);
#2021 = B_SPLINE_CURVE_WITH_KNOTS('',1,(#2022,#2023),.UNSPECIFIED.,.F.,
  .F.,(2,2),(-7.5,-1.),.PIECEWISE_BEZIER_KNOTS.);
#2022 = CARTESIAN_POINT('',(-7.411070589901,-7.5));
#2023 = CARTESIAN_POINT('',(-7.411070589901,-1.));
#2024 = ( GEOMETRIC_REPRESENTATION_CONTEXT(2) 
PARAMETRIC_REPRESENTATION_CONTEXT() REPRESENTATION_CONTEXT('2D SPACE',''
  ) );
#2025 = ORIENTED_EDGE('',*,*,#84,.T.);
#2026 = ORIENTED_EDGE('',*,*,#1258,.T.);
#2027 = FACE_BOUND('',#2028,.F.);
#2028 = EDGE_LOOP('',(#2029));
#2029 = ORIENTED_EDGE('',*,*,#2030,.T.);
#2030 = EDGE_CURVE('',#2031,#2031,#2033,.T.);
#2031 = VERTEX_POINT('',#2032);
#2032 = CARTESIAN_POINT('',(35.5,0.,34.5));
#2033 = SURFACE_CURVE('',#2034,(#2039,#2050),.PCURVE_S1.);
#2034 = CIRCLE('',#2035,12.5);
#2035 = AXIS2_PLACEMENT_3D('',#2036,#2037,#2038);
#2036 = CARTESIAN_POINT('',(23.,0.,34.5));
#2037 = DIRECTION('',(0.,-1.,0.));
#2038 = DIRECTION('',(1.,0.,0.));
#2039 = PCURVE('',#100,#2040);
#2040 = DEFINITIONAL_REPRESENTATION('',(#2041),#2049);
#2041 = ( BOUNDED_CURVE() B_SPLINE_CURVE(2,(#2042,#2043,#2044,#2045,
#2046,#2047,#2048),.UNSPECIFIED.,.T.,.F.) B_SPLINE_CURVE_WITH_KNOTS((1,2
    ,2,2,2,1),(-2.094395102393,0.,2.094395102393,4.188790204786,
6.28318530718,8.377580409573),.UNSPECIFIED.) CURVE() 
GEOMETRIC_REPRESENTATION_ITEM() RATIONAL_B_SPLINE_CURVE((1.,0.5,1.,0.5,
1.,0.5,1.)) REPRESENTATION_ITEM('') );
#2042 = CARTESIAN_POINT('',(34.5,35.5));
#2043 = CARTESIAN_POINT('',(56.150635094611,35.5));
#2044 = CARTESIAN_POINT('',(45.325317547305,16.75));
#2045 = CARTESIAN_POINT('',(34.5,-2.));
#2046 = CARTESIAN_POINT('',(23.674682452695,16.75));
#2047 = CARTESIAN_POINT('',(12.849364905389,35.5));
#2048 = CARTESIAN_POINT('',(34.5,35.5));
#2049 = ( GEOMETRIC_REPRESENTATION_CONTEXT(2) 
PARAMETRIC_REPRESENTATION_CONTEXT() REPRESENTATION_CONTEXT('2D SPACE',''
  ) );
#2050 = PCURVE('',#2051,#2056);
#2051 = CYLINDRICAL_SURFACE('',#2052,12.5);
#2052 = AXIS2_PLACEMENT_3D('',#2053,#2054,#2055);
#2053 = CARTESIAN_POINT('',(23.,-12.5,34.5));
#2054 = DIRECTION('',(0.,-1.,0.));
#2055 = DIRECTION('',(1.,0.,0.));
#2056 = DEFINITIONAL_REPRESENTATION('',(#2057),#2061);
#2057 = LINE('',#2058,#2059);
#2058 = CARTESIAN_POINT('',(0.,-12.5));
#2059 = VECTOR('',#2060,1.);
#2060 = DIRECTION('',(1.,0.));
#2061 = ( GEOMETRIC_REPRESENTATION_CONTEXT(2) 
PARAMETRIC_REPRESENTATION_CONTEXT() REPRESENTATION_CONTEXT('2D SPACE',''
  ) );
#2062 = FACE_BOUND('',#2063,.F.);
#2063 = EDGE_LOOP('',(#2064));
#2064 = ORIENTED_EDGE('',*,*,#2065,.T.);
#2065 = EDGE_CURVE('',#2066,#2066,#2068,.T.);
#2066 = VERTEX_POINT('',#2067);
#2067 = CARTESIAN_POINT('',(35.5,0.,63.5));
#2068 = SURFACE_CURVE('',#2069,(#2074,#2085),.PCURVE_S1.);
#2069 = CIRCLE('',#2070,12.5);
#2070 = AXIS2_PLACEMENT_3D('',#2071,#2072,#2073);
#2071 = CARTESIAN_POINT('',(23.,0.,63.5));
#2072 = DIRECTION('',(0.,-1.,0.));
#2073 = DIRECTION('',(1.,0.,0.));
#2074 = PCURVE('',#100,#2075);
#2075 = DEFINITIONAL_REPRESENTATION('',(#2076),#2084);
#2076 = ( BOUNDED_CURVE() B_SPLINE_CURVE(2,(#2077,#2078,#2079,#2080,
#2081,#2082,#2083),.UNSPECIFIED.,.T.,.F.) B_SPLINE_CURVE_WITH_KNOTS((1,2
    ,2,2,2,1),(-2.094395102393,0.,2.094395102393,4.188790204786,
6.28318530718,8.377580409573),.UNSPECIFIED.) CURVE() 
GEOMETRIC_REPRESENTATION_ITEM() RATIONAL_B_SPLINE_CURVE((1.,0.5,1.,0.5,
1.,0.5,1.)) REPRESENTATION_ITEM('') );
#2077 = CARTESIAN_POINT('',(63.5,35.5));
#2078 = CARTESIAN_POINT('',(85.150635094611,35.5));
#2079 = CARTESIAN_POINT('',(74.325317547305,16.75));
#2080 = CARTESIAN_POINT('',(63.5,-2.));
#2081 = CARTESIAN_POINT('',(52.674682452695,16.75));
#2082 = CARTESIAN_POINT('',(41.849364905389,35.5));
#2083 = CARTESIAN_POINT('',(63.5,35.5));
#2084 = ( GEOMETRIC_REPRESENTATION_CONTEXT(2) 
PARAMETRIC_REPRESENTATION_CONTEXT() REPRESENTATION_CONTEXT('2D SPACE',''
  ) );
#2085 = PCURVE('',#2086,#2091);
#2086 = CYLINDRICAL_SURFACE('',#2087,12.5);
#2087 = AXIS2_PLACEMENT_3D('',#2088,#2089,#2090);
#2088 = CARTESIAN_POINT('',(23.,-12.5,63.5));
#2089 = DIRECTION('',(0.,-1.,0.));
#2090 = DIRECTION('',(1.,0.,0.));
#2091 = DEFINITIONAL_REPRESENTATION('',(#2092),#2096);
#2092 = LINE('',#2093,#2094);
#2093 = CARTESIAN_POINT('',(0.,-12.5));
#2094 = VECTOR('',#2095,1.);
#2095 = DIRECTION('',(1.,0.));
#2096 = ( GEOMETRIC_REPRESENTATION_CONTEXT(2) 
PARAMETRIC_REPRESENTATION_CONTEXT() REPRESENTATION_CONTEXT('2D SPACE',''
  ) );
#2097 = FACE_BOUND('',#2098,.F.);
#2098 = EDGE_LOOP('',(#2099));
#2099 = ORIENTED_EDGE('',*,*,#2100,.T.);
#2100 = EDGE_CURVE('',#2101,#2101,#2103,.T.);
#2101 = VERTEX_POINT('',#2102);
#2102 = CARTESIAN_POINT('',(69.5,0.,34.5));
#2103 = SURFACE_CURVE('',#2104,(#2109,#2120),.PCURVE_S1.);
#2104 = CIRCLE('',#2105,12.5);
#2105 = AXIS2_PLACEMENT_3D('',#2106,#2107,#2108);
#2106 = CARTESIAN_POINT('',(57.,0.,34.5));
#2107 = DIRECTION('',(0.,-1.,0.));
#2108 = DIRECTION('',(1.,0.,0.));
#2109 = PCURVE('',#100,#2110);
#2110 = DEFINITIONAL_REPRESENTATION('',(#2111),#2119);
#2111 = ( BOUNDED_CURVE() B_SPLINE_CURVE(2,(#2112,#2113,#2114,#2115,
#2116,#2117,#2118),.UNSPECIFIED.,.T.,.F.) B_SPLINE_CURVE_WITH_KNOTS((1,2
    ,2,2,2,1),(-2.094395102393,0.,2.094395102393,4.188790204786,
6.28318530718,8.377580409573),.UNSPECIFIED.) CURVE() 
GEOMETRIC_REPRESENTATION_ITEM() RATIONAL_B_SPLINE_CURVE((1.,0.5,1.,0.5,
1.,0.5,1.)) REPRESENTATION_ITEM('') );
#2112 = CARTESIAN_POINT('',(34.5,69.5));
#2113 = CARTESIAN_POINT('',(56.150635094611,69.5));
#2114 = CARTESIAN_POINT('',(45.325317547305,50.75));
#2115 = CARTESIAN_POINT('',(34.5,32.));
#2116 = CARTESIAN_POINT('',(23.674682452695,50.75));
#2117 = CARTESIAN_POINT('',(12.849364905389,69.5));
#2118 = CARTESIAN_POINT('',(34.5,69.5));
#2119 = ( GEOMETRIC_REPRESENTATION_CONTEXT(2) 
PARAMETRIC_REPRESENTATION_CONTEXT() REPRESENTATION_CONTEXT('2D SPACE',''
  ) );
#2120 = PCURVE('',#2121,#2126);
#2121 = CYLINDRICAL_SURFACE('',#2122,12.5);
#2122 = AXIS2_PLACEMENT_3D('',#2123,#2124,#2125);
#2123 = CARTESIAN_POINT('',(57.,-12.5,34.5));
#2124 = DIRECTION('',(0.,-1.,0.));
#2125 = DIRECTION('',(1.,0.,0.));
#2126 = DEFINITIONAL_REPRESENTATION('',(#2127),#2131);
#2127 = LINE('',#2128,#2129);
#2128 = CARTESIAN_POINT('',(0.,-12.5));
#2129 = VECTOR('',#2130,1.);
#2130 = DIRECTION('',(1.,0.));
#2131 = ( GEOMETRIC_REPRESENTATION_CONTEXT(2) 
PARAMETRIC_REPRESENTATION_CONTEXT() REPRESENTATION_CONTEXT('2D SPACE',''
  ) );
#2132 = FACE_BOUND('',#2133,.F.);
#2133 = EDGE_LOOP('',(#2134));
#2134 = ORIENTED_EDGE('',*,*,#2135,.T.);
#2135 = EDGE_CURVE('',#2136,#2136,#2138,.T.);
#2136 = VERTEX_POINT('',#2137);
#2137 = CARTESIAN_POINT('',(69.5,0.,63.5));
#2138 = SURFACE_CURVE('',#2139,(#2144,#2155),.PCURVE_S1.);
#2139 = CIRCLE('',#2140,12.5);
#2140 = AXIS2_PLACEMENT_3D('',#2141,#2142,#2143);
#2141 = CARTESIAN_POINT('',(57.,0.,63.5));
#2142 = DIRECTION('',(0.,-1.,0.));
#2143 = DIRECTION('',(1.,0.,0.));
#2144 = PCURVE('',#100,#2145);
#2145 = DEFINITIONAL_REPRESENTATION('',(#2146),#2154);
#2146 = ( BOUNDED_CURVE() B_SPLINE_CURVE(2,(#2147,#2148,#2149,#2150,
#2151,#2152,#2153),.UNSPECIFIED.,.T.,.F.) B_SPLINE_CURVE_WITH_KNOTS((1,2
    ,2,2,2,1),(-2.094395102393,0.,2.094395102393,4.188790204786,
6.28318530718,8.377580409573),.UNSPECIFIED.) CURVE() 
GEOMETRIC_REPRESENTATION_ITEM() RATIONAL_B_SPLINE_CURVE((1.,0.5,1.,0.5,
1.,0.5,1.)) REPRESENTATION_ITEM('') );
#2147 = CARTESIAN_POINT('',(63.5,69.5));
#2148 = CARTESIAN_POINT('',(85.150635094611,69.5));
#2149 = CARTESIAN_POINT('',(74.325317547305,50.75));
#2150 = CARTESIAN_POINT('',(63.5,32.));
#2151 = CARTESIAN_POINT('',(52.674682452695,50.75));
#2152 = CARTESIAN_POINT('',(41.849364905389,69.5));
#2153 = CARTESIAN_POINT('',(63.5,69.5));
#2154 = ( GEOMETRIC_REPRESENTATION_CONTEXT(2) 
PARAMETRIC_REPRESENTATION_CONTEXT() REPRESENTATION_CONTEXT('2D SPACE',''
  ) );
#2155 = PCURVE('',#2156,#2161);
#2156 = CYLINDRICAL_SURFACE('',#2157,12.5);
#2157 = AXIS2_PLACEMENT_3D('',#2158,#2159,#2160);
#2158 = CARTESIAN_POINT('',(57.,-12.5,63.5));
#2159 = DIRECTION('',(0.,-1.,0.));
#2160 = DIRECTION('',(1.,0.,0.));
#2161 = DEFINITIONAL_REPRESENTATION('',(#2162),#2166);
#2162 = LINE('',#2163,#2164);
#2163 = CARTESIAN_POINT('',(0.,-12.5));
#2164 = VECTOR('',#2165,1.);
#2165 = DIRECTION('',(1.,0.));
#2166 = ( GEOMETRIC_REPRESENTATION_CONTEXT(2) 
PARAMETRIC_REPRESENTATION_CONTEXT() REPRESENTATION_CONTEXT('2D SPACE',''
  ) );
#2167 = FACE_BOUND('',#2168,.F.);
#2168 = EDGE_LOOP('',(#2169));
#2169 = ORIENTED_EDGE('',*,*,#2170,.T.);
#2170 = EDGE_CURVE('',#2171,#2171,#2173,.T.);
#2171 = VERTEX_POINT('',#2172);
#2172 = CARTESIAN_POINT('',(35.5,0.,92.5));
#2173 = SURFACE_CURVE('',#2174,(#2179,#2190),.PCURVE_S1.);
#2174 = CIRCLE('',#2175,12.5);
#2175 = AXIS2_PLACEMENT_3D('',#2176,#2177,#2178);
#2176 = CARTESIAN_POINT('',(23.,0.,92.5));
#2177 = DIRECTION('',(0.,-1.,0.));
#2178 = DIRECTION('',(1.,0.,0.));
#2179 = PCURVE('',#100,#2180);
#2180 = DEFINITIONAL_REPRESENTATION('',(#2181),#2189);
#2181 = ( BOUNDED_CURVE() B_SPLINE_CURVE(2,(#2182,#2183,#2184,#2185,
#2186,#2187,#2188),.UNSPECIFIED.,.T.,.F.) B_SPLINE_CURVE_WITH_KNOTS((1,2
    ,2,2,2,1),(-2.094395102393,0.,2.094395102393,4.188790204786,
6.28318530718,8.377580409573),.UNSPECIFIED.) CURVE() 
GEOMETRIC_REPRESENTATION_ITEM() RATIONAL_B_SPLINE_CURVE((1.,0.5,1.,0.5,
1.,0.5,1.)) REPRESENTATION_ITEM('') );
#2182 = CARTESIAN_POINT('',(92.5,35.5));
#2183 = CARTESIAN_POINT('',(114.15063509461,35.5));
#2184 = CARTESIAN_POINT('',(103.3253175473,16.75));
#2185 = CARTESIAN_POINT('',(92.5,-2.));
#2186 = CARTESIAN_POINT('',(81.674682452695,16.75));
#2187 = CARTESIAN_POINT('',(70.849364905389,35.5));
#2188 = CARTESIAN_POINT('',(92.5,35.5));
#2189 = ( GEOMETRIC_REPRESENTATION_CONTEXT(2) 
PARAMETRIC_REPRESENTATION_CONTEXT() REPRESENTATION_CONTEXT('2D SPACE',''
  ) );
#2190 = PCURVE('',#2191,#2196);
#2191 = CYLINDRICAL_SURFACE('',#2192,12.5);
#2192 = AXIS2_PLACEMENT_3D('',#2193,#2194,#2195);
#2193 = CARTESIAN_POINT('',(23.,-12.5,92.5));
#2194 = DIRECTION('',(0.,-1.,0.));
#2195 = DIRECTION('',(1.,0.,0.));
#2196 = DEFINITIONAL_REPRESENTATION('',(#2197),#2201);
#2197 = LINE('',#2198,#2199);
#2198 = CARTESIAN_POINT('',(0.,-12.5));
#2199 = VECTOR('',#2200,1.);
#2200 = DIRECTION('',(1.,0.));
#2201 = ( GEOMETRIC_REPRESENTATION_CONTEXT(2) 
PARAMETRIC_REPRESENTATION_CONTEXT() REPRESENTATION_CONTEXT('2D SPACE',''
  ) );
#2202 = FACE_BOUND('',#2203,.F.);
#2203 = EDGE_LOOP('',(#2204));
#2204 = ORIENTED_EDGE('',*,*,#2205,.T.);
#2205 = EDGE_CURVE('',#2206,#2206,#2208,.T.);
#2206 = VERTEX_POINT('',#2207);
#2207 = CARTESIAN_POINT('',(69.5,0.,92.5));
#2208 = SURFACE_CURVE('',#2209,(#2214,#2225),.PCURVE_S1.);
#2209 = CIRCLE('',#2210,12.5);
#2210 = AXIS2_PLACEMENT_3D('',#2211,#2212,#2213);
#2211 = CARTESIAN_POINT('',(57.,0.,92.5));
#2212 = DIRECTION('',(0.,-1.,0.));
#2213 = DIRECTION('',(1.,0.,0.));
#2214 = PCURVE('',#100,#2215);
#2215 = DEFINITIONAL_REPRESENTATION('',(#2216),#2224);
#2216 = ( BOUNDED_CURVE() B_SPLINE_CURVE(2,(#2217,#2218,#2219,#2220,
#2221,#2222,#2223),.UNSPECIFIED.,.T.,.F.) B_SPLINE_CURVE_WITH_KNOTS((1,2
    ,2,2,2,1),(-2.094395102393,0.,2.094395102393,4.188790204786,
6.28318530718,8.377580409573),.UNSPECIFIED.) CURVE() 
GEOMETRIC_REPRESENTATION_ITEM() RATIONAL_B_SPLINE_CURVE((1.,0.5,1.,0.5,
1.,0.5,1.)) REPRESENTATION_ITEM('') );
#2217 = CARTESIAN_POINT('',(92.5,69.5));
#2218 = CARTESIAN_POINT('',(114.15063509461,69.5));
#2219 = CARTESIAN_POINT('',(103.3253175473,50.75));
#2220 = CARTESIAN_POINT('',(92.5,32.));
#2221 = CARTESIAN_POINT('',(81.674682452695,50.75));
#2222 = CARTESIAN_POINT('',(70.849364905389,69.5));
#2223 = CARTESIAN_POINT('',(92.5,69.5));
#2224 = ( GEOMETRIC_REPRESENTATION_CONTEXT(2) 
PARAMETRIC_REPRESENTATION_CONTEXT() REPRESENTATION_CONTEXT('2D SPACE',''
  ) );
#2225 = PCURVE('',#2226,#2231);
#2226 = CYLINDRICAL_SURFACE('',#2227,12.5);
#2227 = AXIS2_PLACEMENT_3D('',#2228,#2229,#2230);
#2228 = CARTESIAN_POINT('',(57.,-12.5,92.5));
#2229 = DIRECTION('',(0.,-1.,0.));
#2230 = DIRECTION('',(1.,0.,0.));
#2231 = DEFINITIONAL_REPRESENTATION('',(#2232),#2236);
#2232 = LINE('',#2233,#2234);
#2233 = CARTESIAN_POINT('',(0.,-12.5));
#2234 = VECTOR('',#2235,1.);
#2235 = DIRECTION('',(1.,0.));
#2236 = ( GEOMETRIC_REPRESENTATION_CONTEXT(2) 
PARAMETRIC_REPRESENTATION_CONTEXT() REPRESENTATION_CONTEXT('2D SPACE',''
  ) );
#2237 = FACE_BOUND('',#2238,.F.);
#2238 = EDGE_LOOP('',(#2239));
#2239 = ORIENTED_EDGE('',*,*,#2240,.T.);
#2240 = EDGE_CURVE('',#2241,#2241,#2243,.T.);
#2241 = VERTEX_POINT('',#2242);
#2242 = CARTESIAN_POINT('',(103.5,0.,34.5));
#2243 = SURFACE_CURVE('',#2244,(#2249,#2260),.PCURVE_S1.);
#2244 = CIRCLE('',#2245,12.5);
#2245 = AXIS2_PLACEMENT_3D('',#2246,#2247,#2248);
#2246 = CARTESIAN_POINT('',(91.,0.,34.5));
#2247 = DIRECTION('',(0.,-1.,0.));
#2248 = DIRECTION('',(1.,0.,0.));
#2249 = PCURVE('',#100,#2250);
#2250 = DEFINITIONAL_REPRESENTATION('',(#2251),#2259);
#2251 = ( BOUNDED_CURVE() B_SPLINE_CURVE(2,(#2252,#2253,#2254,#2255,
#2256,#2257,#2258),.UNSPECIFIED.,.T.,.F.) B_SPLINE_CURVE_WITH_KNOTS((1,2
    ,2,2,2,1),(-2.094395102393,0.,2.094395102393,4.188790204786,
6.28318530718,8.377580409573),.UNSPECIFIED.) CURVE() 
GEOMETRIC_REPRESENTATION_ITEM() RATIONAL_B_SPLINE_CURVE((1.,0.5,1.,0.5,
1.,0.5,1.)) REPRESENTATION_ITEM('') );
#2252 = CARTESIAN_POINT('',(34.5,103.5));
#2253 = CARTESIAN_POINT('',(56.150635094611,103.5));
#2254 = CARTESIAN_POINT('',(45.325317547305,84.75));
#2255 = CARTESIAN_POINT('',(34.5,66.));
#2256 = CARTESIAN_POINT('',(23.674682452695,84.75));
#2257 = CARTESIAN_POINT('',(12.849364905389,103.5));
#2258 = CARTESIAN_POINT('',(34.5,103.5));
#2259 = ( GEOMETRIC_REPRESENTATION_CONTEXT(2) 
PARAMETRIC_REPRESENTATION_CONTEXT() REPRESENTATION_CONTEXT('2D SPACE',''
  ) );
#2260 = PCURVE('',#2261,#2266);
#2261 = CYLINDRICAL_SURFACE('',#2262,12.5);
#2262 = AXIS2_PLACEMENT_3D('',#2263,#2264,#2265);
#2263 = CARTESIAN_POINT('',(91.,-12.5,34.5));
#2264 = DIRECTION('',(0.,-1.,0.));
#2265 = DIRECTION('',(1.,0.,0.));
#2266 = DEFINITIONAL_REPRESENTATION('',(#2267),#2271);
#2267 = LINE('',#2268,#2269);
#2268 = CARTESIAN_POINT('',(0.,-12.5));
#2269 = VECTOR('',#2270,1.);
#2270 = DIRECTION('',(1.,0.));
#2271 = ( GEOMETRIC_REPRESENTATION_CONTEXT(2) 
PARAMETRIC_REPRESENTATION_CONTEXT() REPRESENTATION_CONTEXT('2D SPACE',''
  ) );
#2272 = FACE_BOUND('',#2273,.F.);
#2273 = EDGE_LOOP('',(#2274));
#2274 = ORIENTED_EDGE('',*,*,#2275,.T.);
#2275 = EDGE_CURVE('',#2276,#2276,#2278,.T.);
#2276 = VERTEX_POINT('',#2277);
#2277 = CARTESIAN_POINT('',(103.5,0.,63.5));
#2278 = SURFACE_CURVE('',#2279,(#2284,#2295),.PCURVE_S1.);
#2279 = CIRCLE('',#2280,12.5);
#2280 = AXIS2_PLACEMENT_3D('',#2281,#2282,#2283);
#2281 = CARTESIAN_POINT('',(91.,0.,63.5));
#2282 = DIRECTION('',(0.,-1.,0.));
#2283 = DIRECTION('',(1.,0.,0.));
#2284 = PCURVE('',#100,#2285);
#2285 = DEFINITIONAL_REPRESENTATION('',(#2286),#2294);
#2286 = ( BOUNDED_CURVE() B_SPLINE_CURVE(2,(#2287,#2288,#2289,#2290,
#2291,#2292,#2293),.UNSPECIFIED.,.T.,.F.) B_SPLINE_CURVE_WITH_KNOTS((1,2
    ,2,2,2,1),(-2.094395102393,0.,2.094395102393,4.188790204786,
6.28318530718,8.377580409573),.UNSPECIFIED.) CURVE() 
GEOMETRIC_REPRESENTATION_ITEM() RATIONAL_B_SPLINE_CURVE((1.,0.5,1.,0.5,
1.,0.5,1.)) REPRESENTATION_ITEM('') );
#2287 = CARTESIAN_POINT('',(63.5,103.5));
#2288 = CARTESIAN_POINT('',(85.150635094611,103.5));
#2289 = CARTESIAN_POINT('',(74.325317547305,84.75));
#2290 = CARTESIAN_POINT('',(63.5,66.));
#2291 = CARTESIAN_POINT('',(52.674682452695,84.75));
#2292 = CARTESIAN_POINT('',(41.849364905389,103.5));
#2293 = CARTESIAN_POINT('',(63.5,103.5));
#2294 = ( GEOMETRIC_REPRESENTATION_CONTEXT(2) 
PARAMETRIC_REPRESENTATION_CONTEXT() REPRESENTATION_CONTEXT('2D SPACE',''
  ) );
#2295 = PCURVE('',#2296,#2301);
#2296 = CYLINDRICAL_SURFACE('',#2297,12.5);
#2297 = AXIS2_PLACEMENT_3D('',#2298,#2299,#2300);
#2298 = CARTESIAN_POINT('',(91.,-12.5,63.5));
#2299 = DIRECTION('',(0.,-1.,0.));
#2300 = DIRECTION('',(1.,0.,0.));
#2301 = DEFINITIONAL_REPRESENTATION('',(#2302),#2306);
#2302 = LINE('',#2303,#2304);
#2303 = CARTESIAN_POINT('',(0.,-12.5));
#2304 = VECTOR('',#2305,1.);
#2305 = DIRECTION('',(1.,0.));
#2306 = ( GEOMETRIC_REPRESENTATION_CONTEXT(2) 
PARAMETRIC_REPRESENTATION_CONTEXT() REPRESENTATION_CONTEXT('2D SPACE',''
  ) );
#2307 = FACE_BOUND('',#2308,.F.);
#2308 = EDGE_LOOP('',(#2309));
#2309 = ORIENTED_EDGE('',*,*,#2310,.T.);
#2310 = EDGE_CURVE('',#2311,#2311,#2313,.T.);
#2311 = VERTEX_POINT('',#2312);
#2312 = CARTESIAN_POINT('',(103.5,0.,92.5));
#2313 = SURFACE_CURVE('',#2314,(#2319,#2330),.PCURVE_S1.);
#2314 = CIRCLE('',#2315,12.5);
#2315 = AXIS2_PLACEMENT_3D('',#2316,#2317,#2318);
#2316 = CARTESIAN_POINT('',(91.,0.,92.5));
#2317 = DIRECTION('',(0.,-1.,0.));
#2318 = DIRECTION('',(1.,0.,0.));
#2319 = PCURVE('',#100,#2320);
#2320 = DEFINITIONAL_REPRESENTATION('',(#2321),#2329);
#2321 = ( BOUNDED_CURVE() B_SPLINE_CURVE(2,(#2322,#2323,#2324,#2325,
#2326,#2327,#2328),.UNSPECIFIED.,.T.,.F.) B_SPLINE_CURVE_WITH_KNOTS((1,2
    ,2,2,2,1),(-2.094395102393,0.,2.094395102393,4.188790204786,
6.28318530718,8.377580409573),.UNSPECIFIED.) CURVE() 
GEOMETRIC_REPRESENTATION_ITEM() RATIONAL_B_SPLINE_CURVE((1.,0.5,1.,0.5,
1.,0.5,1.)) REPRESENTATION_ITEM('') );
#2322 = CARTESIAN_POINT('',(92.5,103.5));
#2323 = CARTESIAN_POINT('',(114.15063509461,103.5));
#2324 = CARTESIAN_POINT('',(103.3253175473,84.75));
#2325 = CARTESIAN_POINT('',(92.5,66.));
#2326 = CARTESIAN_POINT('',(81.674682452695,84.75));
#2327 = CARTESIAN_POINT('',(70.849364905389,103.5));
#2328 = CARTESIAN_POINT('',(92.5,103.5));
#2329 = ( GEOMETRIC_REPRESENTATION_CONTEXT(2) 
PARAMETRIC_REPRESENTATION_CONTEXT() REPRESENTATION_CONTEXT('2D SPACE',''
  ) );
#2330 = PCURVE('',#2331,#2336);
#2331 = CYLINDRICAL_SURFACE('',#2332,12.5);
#2332 = AXIS2_PLACEMENT_3D('',#2333,#2334,#2335);
#2333 = CARTESIAN_POINT('',(91.,-12.5,92.5));
#2334 = DIRECTION('',(0.,-1.,0.));
#2335 = DIRECTION('',(1.,0.,0.));
#2336 = DEFINITIONAL_REPRESENTATION('',(#2337),#2341);
#2337 = LINE('',#2338,#2339);
#2338 = CARTESIAN_POINT('',(0.,-12.5));
#2339 = VECTOR('',#2340,1.);
#2340 = DIRECTION('',(1.,0.));
#2341 = ( GEOMETRIC_REPRESENTATION_CONTEXT(2) 
PARAMETRIC_REPRESENTATION_CONTEXT() REPRESENTATION_CONTEXT('2D SPACE',''
  ) );
#2342 = FACE_BOUND('',#2343,.F.);
#2343 = EDGE_LOOP('',(#2344));
#2344 = ORIENTED_EDGE('',*,*,#2345,.T.);
#2345 = EDGE_CURVE('',#2346,#2346,#2348,.T.);
#2346 = VERTEX_POINT('',#2347);
#2347 = CARTESIAN_POINT('',(35.5,0.,121.5));
#2348 = SURFACE_CURVE('',#2349,(#2354,#2365),.PCURVE_S1.);
#2349 = CIRCLE('',#2350,12.5);
#2350 = AXIS2_PLACEMENT_3D('',#2351,#2352,#2353);
#2351 = CARTESIAN_POINT('',(23.,0.,121.5));
#2352 = DIRECTION('',(0.,-1.,0.));
#2353 = DIRECTION('',(1.,0.,0.));
#2354 = PCURVE('',#100,#2355);
#2355 = DEFINITIONAL_REPRESENTATION('',(#2356),#2364);
#2356 = ( BOUNDED_CURVE() B_SPLINE_CURVE(2,(#2357,#2358,#2359,#2360,
#2361,#2362,#2363),.UNSPECIFIED.,.T.,.F.) B_SPLINE_CURVE_WITH_KNOTS((1,2
    ,2,2,2,1),(-2.094395102393,0.,2.094395102393,4.188790204786,
6.28318530718,8.377580409573),.UNSPECIFIED.) CURVE() 
GEOMETRIC_REPRESENTATION_ITEM() RATIONAL_B_SPLINE_CURVE((1.,0.5,1.,0.5,
1.,0.5,1.)) REPRESENTATION_ITEM('') );
#2357 = CARTESIAN_POINT('',(121.5,35.5));
#2358 = CARTESIAN_POINT('',(143.15063509461,35.5));
#2359 = CARTESIAN_POINT('',(132.3253175473,16.75));
#2360 = CARTESIAN_POINT('',(121.5,-2.));
#2361 = CARTESIAN_POINT('',(110.67468245269,16.75));
#2362 = CARTESIAN_POINT('',(99.849364905389,35.5));
#2363 = CARTESIAN_POINT('',(121.5,35.5));
#2364 = ( GEOMETRIC_REPRESENTATION_CONTEXT(2) 
PARAMETRIC_REPRESENTATION_CONTEXT() REPRESENTATION_CONTEXT('2D SPACE',''
  ) );
#2365 = PCURVE('',#2366,#2371);
#2366 = CYLINDRICAL_SURFACE('',#2367,12.5);
#2367 = AXIS2_PLACEMENT_3D('',#2368,#2369,#2370);
#2368 = CARTESIAN_POINT('',(23.,-12.5,121.5));
#2369 = DIRECTION('',(0.,-1.,0.));
#2370 = DIRECTION('',(1.,0.,0.));
#2371 = DEFINITIONAL_REPRESENTATION('',(#2372),#2376);
#2372 = LINE('',#2373,#2374);
#2373 = CARTESIAN_POINT('',(0.,-12.5));
#2374 = VECTOR('',#2375,1.);
#2375 = DIRECTION('',(1.,0.));
#2376 = ( GEOMETRIC_REPRESENTATION_CONTEXT(2) 
PARAMETRIC_REPRESENTATION_CONTEXT() REPRESENTATION_CONTEXT('2D SPACE',''
  ) );
#2377 = FACE_BOUND('',#2378,.F.);
#2378 = EDGE_LOOP('',(#2379));
#2379 = ORIENTED_EDGE('',*,*,#2380,.T.);
#2380 = EDGE_CURVE('',#2381,#2381,#2383,.T.);
#2381 = VERTEX_POINT('',#2382);
#2382 = CARTESIAN_POINT('',(69.5,0.,121.5));
#2383 = SURFACE_CURVE('',#2384,(#2389,#2400),.PCURVE_S1.);
#2384 = CIRCLE('',#2385,12.5);
#2385 = AXIS2_PLACEMENT_3D('',#2386,#2387,#2388);
#2386 = CARTESIAN_POINT('',(57.,0.,121.5));
#2387 = DIRECTION('',(0.,-1.,0.));
#2388 = DIRECTION('',(1.,0.,0.));
#2389 = PCURVE('',#100,#2390);
#2390 = DEFINITIONAL_REPRESENTATION('',(#2391),#2399);
#2391 = ( BOUNDED_CURVE() B_SPLINE_CURVE(2,(#2392,#2393,#2394,#2395,
#2396,#2397,#2398),.UNSPECIFIED.,.T.,.F.) B_SPLINE_CURVE_WITH_KNOTS((1,2
    ,2,2,2,1),(-2.094395102393,0.,2.094395102393,4.188790204786,
6.28318530718,8.377580409573),.UNSPECIFIED.) CURVE() 
GEOMETRIC_REPRESENTATION_ITEM() RATIONAL_B_SPLINE_CURVE((1.,0.5,1.,0.5,
1.,0.5,1.)) REPRESENTATION_ITEM('') );
#2392 = CARTESIAN_POINT('',(121.5,69.5));
#2393 = CARTESIAN_POINT('',(143.15063509461,69.5));
#2394 = CARTESIAN_POINT('',(132.3253175473,50.75));
#2395 = CARTESIAN_POINT('',(121.5,32.));
#2396 = CARTESIAN_POINT('',(110.67468245269,50.75));
#2397 = CARTESIAN_POINT('',(99.849364905389,69.5));
#2398 = CARTESIAN_POINT('',(121.5,69.5));
#2399 = ( GEOMETRIC_REPRESENTATION_CONTEXT(2) 
PARAMETRIC_REPRESENTATION_CONTEXT() REPRESENTATION_CONTEXT('2D SPACE',''
  ) );
#2400 = PCURVE('',#2401,#2406);
#2401 = CYLINDRICAL_SURFACE('',#2402,12.5);
#2402 = AXIS2_PLACEMENT_3D('',#2403,#2404,#2405);
#2403 = CARTESIAN_POINT('',(57.,-12.5,121.5));
#2404 = DIRECTION('',(0.,-1.,0.));
#2405 = DIRECTION('',(1.,0.,0.));
#2406 = DEFINITIONAL_REPRESENTATION('',(#2407),#2411);
#2407 = LINE('',#2408,#2409);
#2408 = CARTESIAN_POINT('',(0.,-12.5));
#2409 = VECTOR('',#2410,1.);
#2410 = DIRECTION('',(1.,0.));
#2411 = ( GEOMETRIC_REPRESENTATION_CONTEXT(2) 
PARAMETRIC_REPRESENTATION_CONTEXT() REPRESENTATION_CONTEXT('2D SPACE',''
  ) );
#2412 = FACE_BOUND('',#2413,.F.);
#2413 = EDGE_LOOP('',(#2414));
#2414 = ORIENTED_EDGE('',*,*,#2415,.T.);
#2415 = EDGE_CURVE('',#2416,#2416,#2418,.T.);
#2416 = VERTEX_POINT('',#2417);
#2417 = CARTESIAN_POINT('',(35.5,0.,150.5));
#2418 = SURFACE_CURVE('',#2419,(#2424,#2435),.PCURVE_S1.);
#2419 = CIRCLE('',#2420,12.5);
#2420 = AXIS2_PLACEMENT_3D('',#2421,#2422,#2423);
#2421 = CARTESIAN_POINT('',(23.,0.,150.5));
#2422 = DIRECTION('',(0.,-1.,0.));
#2423 = DIRECTION('',(1.,0.,0.));
#2424 = PCURVE('',#100,#2425);
#2425 = DEFINITIONAL_REPRESENTATION('',(#2426),#2434);
#2426 = ( BOUNDED_CURVE() B_SPLINE_CURVE(2,(#2427,#2428,#2429,#2430,
#2431,#2432,#2433),.UNSPECIFIED.,.T.,.F.) B_SPLINE_CURVE_WITH_KNOTS((1,2
    ,2,2,2,1),(-2.094395102393,0.,2.094395102393,4.188790204786,
6.28318530718,8.377580409573),.UNSPECIFIED.) CURVE() 
GEOMETRIC_REPRESENTATION_ITEM() RATIONAL_B_SPLINE_CURVE((1.,0.5,1.,0.5,
1.,0.5,1.)) REPRESENTATION_ITEM('') );
#2427 = CARTESIAN_POINT('',(150.5,35.5));
#2428 = CARTESIAN_POINT('',(172.15063509461,35.5));
#2429 = CARTESIAN_POINT('',(161.3253175473,16.75));
#2430 = CARTESIAN_POINT('',(150.5,-2.));
#2431 = CARTESIAN_POINT('',(139.67468245269,16.75));
#2432 = CARTESIAN_POINT('',(128.84936490538,35.5));
#2433 = CARTESIAN_POINT('',(150.5,35.5));
#2434 = ( GEOMETRIC_REPRESENTATION_CONTEXT(2) 
PARAMETRIC_REPRESENTATION_CONTEXT() REPRESENTATION_CONTEXT('2D SPACE',''
  ) );
#2435 = PCURVE('',#2436,#2441);
#2436 = CYLINDRICAL_SURFACE('',#2437,12.5);
#2437 = AXIS2_PLACEMENT_3D('',#2438,#2439,#2440);
#2438 = CARTESIAN_POINT('',(23.,-12.5,150.5));
#2439 = DIRECTION('',(0.,-1.,0.));
#2440 = DIRECTION('',(1.,0.,0.));
#2441 = DEFINITIONAL_REPRESENTATION('',(#2442),#2446);
#2442 = LINE('',#2443,#2444);
#2443 = CARTESIAN_POINT('',(0.,-12.5));
#2444 = VECTOR('',#2445,1.);
#2445 = DIRECTION('',(1.,0.));
#2446 = ( GEOMETRIC_REPRESENTATION_CONTEXT(2) 
PARAMETRIC_REPRESENTATION_CONTEXT() REPRESENTATION_CONTEXT('2D SPACE',''
  ) );
#2447 = FACE_BOUND('',#2448,.F.);
#2448 = EDGE_LOOP('',(#2449));
#2449 = ORIENTED_EDGE('',*,*,#2450,.T.);
#2450 = EDGE_CURVE('',#2451,#2451,#2453,.T.);
#2451 = VERTEX_POINT('',#2452);
#2452 = CARTESIAN_POINT('',(35.5,0.,179.5));
#2453 = SURFACE_CURVE('',#2454,(#2459,#2470),.PCURVE_S1.);
#2454 = CIRCLE('',#2455,12.5);
#2455 = AXIS2_PLACEMENT_3D('',#2456,#2457,#2458);
#2456 = CARTESIAN_POINT('',(23.,0.,179.5));
#2457 = DIRECTION('',(0.,-1.,0.));
#2458 = DIRECTION('',(1.,0.,0.));
#2459 = PCURVE('',#100,#2460);
#2460 = DEFINITIONAL_REPRESENTATION('',(#2461),#2469);
#2461 = ( BOUNDED_CURVE() B_SPLINE_CURVE(2,(#2462,#2463,#2464,#2465,
#2466,#2467,#2468),.UNSPECIFIED.,.T.,.F.) B_SPLINE_CURVE_WITH_KNOTS((1,2
    ,2,2,2,1),(-2.094395102393,0.,2.094395102393,4.188790204786,
6.28318530718,8.377580409573),.UNSPECIFIED.) CURVE() 
GEOMETRIC_REPRESENTATION_ITEM() RATIONAL_B_SPLINE_CURVE((1.,0.5,1.,0.5,
1.,0.5,1.)) REPRESENTATION_ITEM('') );
#2462 = CARTESIAN_POINT('',(179.5,35.5));
#2463 = CARTESIAN_POINT('',(201.15063509461,35.5));
#2464 = CARTESIAN_POINT('',(190.3253175473,16.75));
#2465 = CARTESIAN_POINT('',(179.5,-2.));
#2466 = CARTESIAN_POINT('',(168.67468245269,16.75));
#2467 = CARTESIAN_POINT('',(157.84936490538,35.5));
#2468 = CARTESIAN_POINT('',(179.5,35.5));
#2469 = ( GEOMETRIC_REPRESENTATION_CONTEXT(2) 
PARAMETRIC_REPRESENTATION_CONTEXT() REPRESENTATION_CONTEXT('2D SPACE',''
  ) );
#2470 = PCURVE('',#2471,#2476);
#2471 = CYLINDRICAL_SURFACE('',#2472,12.5);
#2472 = AXIS2_PLACEMENT_3D('',#2473,#2474,#2475);
#2473 = CARTESIAN_POINT('',(23.,-12.5,179.5));
#2474 = DIRECTION('',(0.,-1.,0.));
#2475 = DIRECTION('',(1.,0.,0.));
#2476 = DEFINITIONAL_REPRESENTATION('',(#2477),#2481);
#2477 = LINE('',#2478,#2479);
#2478 = CARTESIAN_POINT('',(0.,-12.5));
#2479 = VECTOR('',#2480,1.);
#2480 = DIRECTION('',(1.,0.));
#2481 = ( GEOMETRIC_REPRESENTATION_CONTEXT(2) 
PARAMETRIC_REPRESENTATION_CONTEXT() REPRESENTATION_CONTEXT('2D SPACE',''
  ) );
#2482 = FACE_BOUND('',#2483,.F.);
#2483 = EDGE_LOOP('',(#2484));
#2484 = ORIENTED_EDGE('',*,*,#2485,.T.);
#2485 = EDGE_CURVE('',#2486,#2486,#2488,.T.);
#2486 = VERTEX_POINT('',#2487);
#2487 = CARTESIAN_POINT('',(69.5,0.,150.5));
#2488 = SURFACE_CURVE('',#2489,(#2494,#2505),.PCURVE_S1.);
#2489 = CIRCLE('',#2490,12.5);
#2490 = AXIS2_PLACEMENT_3D('',#2491,#2492,#2493);
#2491 = CARTESIAN_POINT('',(57.,0.,150.5));
#2492 = DIRECTION('',(0.,-1.,0.));
#2493 = DIRECTION('',(1.,0.,0.));
#2494 = PCURVE('',#100,#2495);
#2495 = DEFINITIONAL_REPRESENTATION('',(#2496),#2504);
#2496 = ( BOUNDED_CURVE() B_SPLINE_CURVE(2,(#2497,#2498,#2499,#2500,
#2501,#2502,#2503),.UNSPECIFIED.,.T.,.F.) B_SPLINE_CURVE_WITH_KNOTS((1,2
    ,2,2,2,1),(-2.094395102393,0.,2.094395102393,4.188790204786,
6.28318530718,8.377580409573),.UNSPECIFIED.) CURVE() 
GEOMETRIC_REPRESENTATION_ITEM() RATIONAL_B_SPLINE_CURVE((1.,0.5,1.,0.5,
1.,0.5,1.)) REPRESENTATION_ITEM('') );
#2497 = CARTESIAN_POINT('',(150.5,69.5));
#2498 = CARTESIAN_POINT('',(172.15063509461,69.5));
#2499 = CARTESIAN_POINT('',(161.3253175473,50.75));
#2500 = CARTESIAN_POINT('',(150.5,32.));
#2501 = CARTESIAN_POINT('',(139.67468245269,50.75));
#2502 = CARTESIAN_POINT('',(128.84936490538,69.5));
#2503 = CARTESIAN_POINT('',(150.5,69.5));
#2504 = ( GEOMETRIC_REPRESENTATION_CONTEXT(2) 
PARAMETRIC_REPRESENTATION_CONTEXT() REPRESENTATION_CONTEXT('2D SPACE',''
  ) );
#2505 = PCURVE('',#2506,#2511);
#2506 = CYLINDRICAL_SURFACE('',#2507,12.5);
#2507 = AXIS2_PLACEMENT_3D('',#2508,#2509,#2510);
#2508 = CARTESIAN_POINT('',(57.,-12.5,150.5));
#2509 = DIRECTION('',(0.,-1.,0.));
#2510 = DIRECTION('',(1.,0.,0.));
#2511 = DEFINITIONAL_REPRESENTATION('',(#2512),#2516);
#2512 = LINE('',#2513,#2514);
#2513 = CARTESIAN_POINT('',(0.,-12.5));
#2514 = VECTOR('',#2515,1.);
#2515 = DIRECTION('',(1.,0.));
#2516 = ( GEOMETRIC_REPRESENTATION_CONTEXT(2) 
PARAMETRIC_REPRESENTATION_CONTEXT() REPRESENTATION_CONTEXT('2D SPACE',''
  ) );
#2517 = FACE_BOUND('',#2518,.F.);
#2518 = EDGE_LOOP('',(#2519));
#2519 = ORIENTED_EDGE('',*,*,#2520,.T.);
#2520 = EDGE_CURVE('',#2521,#2521,#2523,.T.);
#2521 = VERTEX_POINT('',#2522);
#2522 = CARTESIAN_POINT('',(69.5,0.,179.5));
#2523 = SURFACE_CURVE('',#2524,(#2529,#2540),.PCURVE_S1.);
#2524 = CIRCLE('',#2525,12.5);
#2525 = AXIS2_PLACEMENT_3D('',#2526,#2527,#2528);
#2526 = CARTESIAN_POINT('',(57.,0.,179.5));
#2527 = DIRECTION('',(0.,-1.,0.));
#2528 = DIRECTION('',(1.,0.,0.));
#2529 = PCURVE('',#100,#2530);
#2530 = DEFINITIONAL_REPRESENTATION('',(#2531),#2539);
#2531 = ( BOUNDED_CURVE() B_SPLINE_CURVE(2,(#2532,#2533,#2534,#2535,
#2536,#2537,#2538),.UNSPECIFIED.,.T.,.F.) B_SPLINE_CURVE_WITH_KNOTS((1,2
    ,2,2,2,1),(-2.094395102393,0.,2.094395102393,4.188790204786,
6.28318530718,8.377580409573),.UNSPECIFIED.) CURVE() 
GEOMETRIC_REPRESENTATION_ITEM() RATIONAL_B_SPLINE_CURVE((1.,0.5,1.,0.5,
1.,0.5,1.)) REPRESENTATION_ITEM('') );
#2532 = CARTESIAN_POINT('',(179.5,69.5));
#2533 = CARTESIAN_POINT('',(201.15063509461,69.5));
#2534 = CARTESIAN_POINT('',(190.3253175473,50.75));
#2535 = CARTESIAN_POINT('',(179.5,32.));
#2536 = CARTESIAN_POINT('',(168.67468245269,50.75));
#2537 = CARTESIAN_POINT('',(157.84936490538,69.5));
#2538 = CARTESIAN_POINT('',(179.5,69.5));
#2539 = ( GEOMETRIC_REPRESENTATION_CONTEXT(2) 
PARAMETRIC_REPRESENTATION_CONTEXT() REPRESENTATION_CONTEXT('2D SPACE',''
  ) );
#2540 = PCURVE('',#2541,#2546);
#2541 = CYLINDRICAL_SURFACE('',#2542,12.5);
#2542 = AXIS2_PLACEMENT_3D('',#2543,#2544,#2545);
#2543 = CARTESIAN_POINT('',(57.,-12.5,179.5));
#2544 = DIRECTION('',(0.,-1.,0.));
#2545 = DIRECTION('',(1.,0.,0.));
#2546 = DEFINITIONAL_REPRESENTATION('',(#2547),#2551);
#2547 = LINE('',#2548,#2549);
#2548 = CARTESIAN_POINT('',(0.,-12.5));
#2549 = VECTOR('',#2550,1.);
#2550 = DIRECTION('',(1.,0.));
#2551 = ( GEOMETRIC_REPRESENTATION_CONTEXT(2) 
PARAMETRIC_REPRESENTATION_CONTEXT() REPRESENTATION_CONTEXT('2D SPACE',''
  ) );
#2552 = FACE_BOUND('',#2553,.F.);
#2553 = EDGE_LOOP('',(#2554));
#2554 = ORIENTED_EDGE('',*,*,#2555,.T.);
#2555 = EDGE_CURVE('',#2556,#2556,#2558,.T.);
#2556 = VERTEX_POINT('',#2557);
#2557 = CARTESIAN_POINT('',(103.5,0.,121.5));
#2558 = SURFACE_CURVE('',#2559,(#2564,#2575),.PCURVE_S1.);
#2559 = CIRCLE('',#2560,12.5);
#2560 = AXIS2_PLACEMENT_3D('',#2561,#2562,#2563);
#2561 = CARTESIAN_POINT('',(91.,0.,121.5));
#2562 = DIRECTION('',(0.,-1.,0.));
#2563 = DIRECTION('',(1.,0.,0.));
#2564 = PCURVE('',#100,#2565);
#2565 = DEFINITIONAL_REPRESENTATION('',(#2566),#2574);
#2566 = ( BOUNDED_CURVE() B_SPLINE_CURVE(2,(#2567,#2568,#2569,#2570,
#2571,#2572,#2573),.UNSPECIFIED.,.T.,.F.) B_SPLINE_CURVE_WITH_KNOTS((1,2
    ,2,2,2,1),(-2.094395102393,0.,2.094395102393,4.188790204786,
6.28318530718,8.377580409573),.UNSPECIFIED.) CURVE() 
GEOMETRIC_REPRESENTATION_ITEM() RATIONAL_B_SPLINE_CURVE((1.,0.5,1.,0.5,
1.,0.5,1.)) REPRESENTATION_ITEM('') );
#2567 = CARTESIAN_POINT('',(121.5,103.5));
#2568 = CARTESIAN_POINT('',(143.15063509461,103.5));
#2569 = CARTESIAN_POINT('',(132.3253175473,84.75));
#2570 = CARTESIAN_POINT('',(121.5,66.));
#2571 = CARTESIAN_POINT('',(110.67468245269,84.75));
#2572 = CARTESIAN_POINT('',(99.849364905389,103.5));
#2573 = CARTESIAN_POINT('',(121.5,103.5));
#2574 = ( GEOMETRIC_REPRESENTATION_CONTEXT(2) 
PARAMETRIC_REPRESENTATION_CONTEXT() REPRESENTATION_CONTEXT('2D SPACE',''
  ) );
#2575 = PCURVE('',#2576,#2581);
#2576 = CYLINDRICAL_SURFACE('',#2577,12.5);
#2577 = AXIS2_PLACEMENT_3D('',#2578,#2579,#2580);
#2578 = CARTESIAN_POINT('',(91.,-12.5,121.5));
#2579 = DIRECTION('',(0.,-1.,0.));
#2580 = DIRECTION('',(1.,0.,0.));
#2581 = DEFINITIONAL_REPRESENTATION('',(#2582),#2586);
#2582 = LINE('',#2583,#2584);
#2583 = CARTESIAN_POINT('',(0.,-12.5));
#2584 = VECTOR('',#2585,1.);
#2585 = DIRECTION('',(1.,0.));
#2586 = ( GEOMETRIC_REPRESENTATION_CONTEXT(2) 
PARAMETRIC_REPRESENTATION_CONTEXT() REPRESENTATION_CONTEXT('2D SPACE',''
  ) );
#2587 = FACE_BOUND('',#2588,.F.);
#2588 = EDGE_LOOP('',(#2589));
#2589 = ORIENTED_EDGE('',*,*,#2590,.T.);
#2590 = EDGE_CURVE('',#2591,#2591,#2593,.T.);
#2591 = VERTEX_POINT('',#2592);
#2592 = CARTESIAN_POINT('',(103.5,0.,150.5));
#2593 = SURFACE_CURVE('',#2594,(#2599,#2610),.PCURVE_S1.);
#2594 = CIRCLE('',#2595,12.5);
#2595 = AXIS2_PLACEMENT_3D('',#2596,#2597,#2598);
#2596 = CARTESIAN_POINT('',(91.,0.,150.5));
#2597 = DIRECTION('',(0.,-1.,0.));
#2598 = DIRECTION('',(1.,0.,0.));
#2599 = PCURVE('',#100,#2600);
#2600 = DEFINITIONAL_REPRESENTATION('',(#2601),#2609);
#2601 = ( BOUNDED_CURVE() B_SPLINE_CURVE(2,(#2602,#2603,#2604,#2605,
#2606,#2607,#2608),.UNSPECIFIED.,.T.,.F.) B_SPLINE_CURVE_WITH_KNOTS((1,2
    ,2,2,2,1),(-2.094395102393,0.,2.094395102393,4.188790204786,
6.28318530718,8.377580409573),.UNSPECIFIED.) CURVE() 
GEOMETRIC_REPRESENTATION_ITEM() RATIONAL_B_SPLINE_CURVE((1.,0.5,1.,0.5,
1.,0.5,1.)) REPRESENTATION_ITEM('') );
#2602 = CARTESIAN_POINT('',(150.5,103.5));
#2603 = CARTESIAN_POINT('',(172.15063509461,103.5));
#2604 = CARTESIAN_POINT('',(161.3253175473,84.75));
#2605 = CARTESIAN_POINT('',(150.5,66.));
#2606 = CARTESIAN_POINT('',(139.67468245269,84.75));
#2607 = CARTESIAN_POINT('',(128.84936490538,103.5));
#2608 = CARTESIAN_POINT('',(150.5,103.5));
#2609 = ( GEOMETRIC_REPRESENTATION_CONTEXT(2) 
PARAMETRIC_REPRESENTATION_CONTEXT() REPRESENTATION_CONTEXT('2D SPACE',''
  ) );
#2610 = PCURVE('',#2611,#2616);
#2611 = CYLINDRICAL_SURFACE('',#2612,12.5);
#2612 = AXIS2_PLACEMENT_3D('',#2613,#2614,#2615);
#2613 = CARTESIAN_POINT('',(91.,-12.5,150.5));
#2614 = DIRECTION('',(0.,-1.,0.));
#2615 = DIRECTION('',(1.,0.,0.));
#2616 = DEFINITIONAL_REPRESENTATION('',(#2617),#2621);
#2617 = LINE('',#2618,#2619);
#2618 = CARTESIAN_POINT('',(0.,-12.5));
#2619 = VECTOR('',#2620,1.);
#2620 = DIRECTION('',(1.,0.));
#2621 = ( GEOMETRIC_REPRESENTATION_CONTEXT(2) 
PARAMETRIC_REPRESENTATION_CONTEXT() REPRESENTATION_CONTEXT('2D SPACE',''
  ) );
#2622 = FACE_BOUND('',#2623,.F.);
#2623 = EDGE_LOOP('',(#2624));
#2624 = ORIENTED_EDGE('',*,*,#2625,.T.);
#2625 = EDGE_CURVE('',#2626,#2626,#2628,.T.);
#2626 = VERTEX_POINT('',#2627);
#2627 = CARTESIAN_POINT('',(103.5,0.,179.5));
#2628 = SURFACE_CURVE('',#2629,(#2634,#2645),.PCURVE_S1.);
#2629 = CIRCLE('',#2630,12.5);
#2630 = AXIS2_PLACEMENT_3D('',#2631,#2632,#2633);
#2631 = CARTESIAN_POINT('',(91.,0.,179.5));
#2632 = DIRECTION('',(0.,-1.,0.));
#2633 = DIRECTION('',(1.,0.,0.));
#2634 = PCURVE('',#100,#2635);
#2635 = DEFINITIONAL_REPRESENTATION('',(#2636),#2644);
#2636 = ( BOUNDED_CURVE() B_SPLINE_CURVE(2,(#2637,#2638,#2639,#2640,
#2641,#2642,#2643),.UNSPECIFIED.,.T.,.F.) B_SPLINE_CURVE_WITH_KNOTS((1,2
    ,2,2,2,1),(-2.094395102393,0.,2.094395102393,4.188790204786,
6.28318530718,8.377580409573),.UNSPECIFIED.) CURVE() 
GEOMETRIC_REPRESENTATION_ITEM() RATIONAL_B_SPLINE_CURVE((1.,0.5,1.,0.5,
1.,0.5,1.)) REPRESENTATION_ITEM('') );
#2637 = CARTESIAN_POINT('',(179.5,103.5));
#2638 = CARTESIAN_POINT('',(201.15063509461,103.5));
#2639 = CARTESIAN_POINT('',(190.3253175473,84.75));
#2640 = CARTESIAN_POINT('',(179.5,66.));
#2641 = CARTESIAN_POINT('',(168.67468245269,84.75));
#2642 = CARTESIAN_POINT('',(157.84936490538,103.5));
#2643 = CARTESIAN_POINT('',(179.5,103.5));
#2644 = ( GEOMETRIC_REPRESENTATION_CONTEXT(2) 
PARAMETRIC_REPRESENTATION_CONTEXT() REPRESENTATION_CONTEXT('2D SPACE',''
  ) );
#2645 = PCURVE('',#2646,#2651);
#2646 = CYLINDRICAL_SURFACE('',#2647,12.5);
#2647 = AXIS2_PLACEMENT_3D('',#2648,#2649,#2650);
#2648 = CARTESIAN_POINT('',(91.,-12.5,179.5));
#2649 = DIRECTION('',(0.,-1.,0.));
#2650 = DIRECTION('',(1.,0.,0.));
#2651 = DEFINITIONAL_REPRESENTATION('',(#2652),#2656);
#2652 = LINE('',#2653,#2654);
#2653 = CARTESIAN_POINT('',(0.,-12.5));
#2654 = VECTOR('',#2655,1.);
#2655 = DIRECTION('',(1.,0.));
#2656 = ( GEOMETRIC_REPRESENTATION_CONTEXT(2) 
PARAMETRIC_REPRESENTATION_CONTEXT() REPRESENTATION_CONTEXT('2D SPACE',''
  ) );
#2657 = FACE_BOUND('',#2658,.F.);
#2658 = EDGE_LOOP('',(#2659));
#2659 = ORIENTED_EDGE('',*,*,#2660,.T.);
#2660 = EDGE_CURVE('',#2661,#2661,#2663,.T.);
#2661 = VERTEX_POINT('',#2662);
#2662 = CARTESIAN_POINT('',(137.5,0.,34.5));
#2663 = SURFACE_CURVE('',#2664,(#2669,#2680),.PCURVE_S1.);
#2664 = CIRCLE('',#2665,12.5);
#2665 = AXIS2_PLACEMENT_3D('',#2666,#2667,#2668);
#2666 = CARTESIAN_POINT('',(125.,0.,34.5));
#2667 = DIRECTION('',(0.,-1.,0.));
#2668 = DIRECTION('',(1.,0.,0.));
#2669 = PCURVE('',#100,#2670);
#2670 = DEFINITIONAL_REPRESENTATION('',(#2671),#2679);
#2671 = ( BOUNDED_CURVE() B_SPLINE_CURVE(2,(#2672,#2673,#2674,#2675,
#2676,#2677,#2678),.UNSPECIFIED.,.T.,.F.) B_SPLINE_CURVE_WITH_KNOTS((1,2
    ,2,2,2,1),(-2.094395102393,0.,2.094395102393,4.188790204786,
6.28318530718,8.377580409573),.UNSPECIFIED.) CURVE() 
GEOMETRIC_REPRESENTATION_ITEM() RATIONAL_B_SPLINE_CURVE((1.,0.5,1.,0.5,
1.,0.5,1.)) REPRESENTATION_ITEM('') );
#2672 = CARTESIAN_POINT('',(34.5,137.5));
#2673 = CARTESIAN_POINT('',(56.150635094611,137.5));
#2674 = CARTESIAN_POINT('',(45.325317547305,118.75));
#2675 = CARTESIAN_POINT('',(34.5,100.));
#2676 = CARTESIAN_POINT('',(23.674682452695,118.75));
#2677 = CARTESIAN_POINT('',(12.849364905389,137.5));
#2678 = CARTESIAN_POINT('',(34.5,137.5));
#2679 = ( GEOMETRIC_REPRESENTATION_CONTEXT(2) 
PARAMETRIC_REPRESENTATION_CONTEXT() REPRESENTATION_CONTEXT('2D SPACE',''
  ) );
#2680 = PCURVE('',#2681,#2686);
#2681 = CYLINDRICAL_SURFACE('',#2682,12.5);
#2682 = AXIS2_PLACEMENT_3D('',#2683,#2684,#2685);
#2683 = CARTESIAN_POINT('',(125.,-12.5,34.5));
#2684 = DIRECTION('',(0.,-1.,0.));
#2685 = DIRECTION('',(1.,0.,0.));
#2686 = DEFINITIONAL_REPRESENTATION('',(#2687),#2691);
#2687 = LINE('',#2688,#2689);
#2688 = CARTESIAN_POINT('',(0.,-12.5));
#2689 = VECTOR('',#2690,1.);
#2690 = DIRECTION('',(1.,0.));
#2691 = ( GEOMETRIC_REPRESENTATION_CONTEXT(2) 
PARAMETRIC_REPRESENTATION_CONTEXT() REPRESENTATION_CONTEXT('2D SPACE',''
  ) );
#2692 = FACE_BOUND('',#2693,.F.);
#2693 = EDGE_LOOP('',(#2694));
#2694 = ORIENTED_EDGE('',*,*,#2695,.T.);
#2695 = EDGE_CURVE('',#2696,#2696,#2698,.T.);
#2696 = VERTEX_POINT('',#2697);
#2697 = CARTESIAN_POINT('',(137.5,0.,63.5));
#2698 = SURFACE_CURVE('',#2699,(#2704,#2715),.PCURVE_S1.);
#2699 = CIRCLE('',#2700,12.5);
#2700 = AXIS2_PLACEMENT_3D('',#2701,#2702,#2703);
#2701 = CARTESIAN_POINT('',(125.,0.,63.5));
#2702 = DIRECTION('',(0.,-1.,0.));
#2703 = DIRECTION('',(1.,0.,0.));
#2704 = PCURVE('',#100,#2705);
#2705 = DEFINITIONAL_REPRESENTATION('',(#2706),#2714);
#2706 = ( BOUNDED_CURVE() B_SPLINE_CURVE(2,(#2707,#2708,#2709,#2710,
#2711,#2712,#2713),.UNSPECIFIED.,.T.,.F.) B_SPLINE_CURVE_WITH_KNOTS((1,2
    ,2,2,2,1),(-2.094395102393,0.,2.094395102393,4.188790204786,
6.28318530718,8.377580409573),.UNSPECIFIED.) CURVE() 
GEOMETRIC_REPRESENTATION_ITEM() RATIONAL_B_SPLINE_CURVE((1.,0.5,1.,0.5,
1.,0.5,1.)) REPRESENTATION_ITEM('') );
#2707 = CARTESIAN_POINT('',(63.5,137.5));
#2708 = CARTESIAN_POINT('',(85.150635094611,137.5));
#2709 = CARTESIAN_POINT('',(74.325317547305,118.75));
#2710 = CARTESIAN_POINT('',(63.5,100.));
#2711 = CARTESIAN_POINT('',(52.674682452695,118.75));
#2712 = CARTESIAN_POINT('',(41.849364905389,137.5));
#2713 = CARTESIAN_POINT('',(63.5,137.5));
#2714 = ( GEOMETRIC_REPRESENTATION_CONTEXT(2) 
PARAMETRIC_REPRESENTATION_CONTEXT() REPRESENTATION_CONTEXT('2D SPACE',''
  ) );
#2715 = PCURVE('',#2716,#2721);
#2716 = CYLINDRICAL_SURFACE('',#2717,12.5);
#2717 = AXIS2_PLACEMENT_3D('',#2718,#2719,#2720);
#2718 = CARTESIAN_POINT('',(125.,-12.5,63.5));
#2719 = DIRECTION('',(0.,-1.,0.));
#2720 = DIRECTION('',(1.,0.,0.));
#2721 = DEFINITIONAL_REPRESENTATION('',(#2722),#2726);
#2722 = LINE('',#2723,#2724);
#2723 = CARTESIAN_POINT('',(0.,-12.5));
#2724 = VECTOR('',#2725,1.);
#2725 = DIRECTION('',(1.,0.));
#2726 = ( GEOMETRIC_REPRESENTATION_CONTEXT(2) 
PARAMETRIC_REPRESENTATION_CONTEXT() REPRESENTATION_CONTEXT('2D SPACE',''
  ) );
#2727 = FACE_BOUND('',#2728,.F.);
#2728 = EDGE_LOOP('',(#2729));
#2729 = ORIENTED_EDGE('',*,*,#2730,.T.);
#2730 = EDGE_CURVE('',#2731,#2731,#2733,.T.);
#2731 = VERTEX_POINT('',#2732);
#2732 = CARTESIAN_POINT('',(171.5,0.,34.5));
#2733 = SURFACE_CURVE('',#2734,(#2739,#2750),.PCURVE_S1.);
#2734 = CIRCLE('',#2735,12.5);
#2735 = AXIS2_PLACEMENT_3D('',#2736,#2737,#2738);
#2736 = CARTESIAN_POINT('',(159.,0.,34.5));
#2737 = DIRECTION('',(0.,-1.,0.));
#2738 = DIRECTION('',(1.,0.,0.));
#2739 = PCURVE('',#100,#2740);
#2740 = DEFINITIONAL_REPRESENTATION('',(#2741),#2749);
#2741 = ( BOUNDED_CURVE() B_SPLINE_CURVE(2,(#2742,#2743,#2744,#2745,
#2746,#2747,#2748),.UNSPECIFIED.,.T.,.F.) B_SPLINE_CURVE_WITH_KNOTS((1,2
    ,2,2,2,1),(-2.094395102393,0.,2.094395102393,4.188790204786,
6.28318530718,8.377580409573),.UNSPECIFIED.) CURVE() 
GEOMETRIC_REPRESENTATION_ITEM() RATIONAL_B_SPLINE_CURVE((1.,0.5,1.,0.5,
1.,0.5,1.)) REPRESENTATION_ITEM('') );
#2742 = CARTESIAN_POINT('',(34.5,171.5));
#2743 = CARTESIAN_POINT('',(56.150635094611,171.5));
#2744 = CARTESIAN_POINT('',(45.325317547305,152.75));
#2745 = CARTESIAN_POINT('',(34.5,134.));
#2746 = CARTESIAN_POINT('',(23.674682452695,152.75));
#2747 = CARTESIAN_POINT('',(12.849364905389,171.5));
#2748 = CARTESIAN_POINT('',(34.5,171.5));
#2749 = ( GEOMETRIC_REPRESENTATION_CONTEXT(2) 
PARAMETRIC_REPRESENTATION_CONTEXT() REPRESENTATION_CONTEXT('2D SPACE',''
  ) );
#2750 = PCURVE('',#2751,#2756);
#2751 = CYLINDRICAL_SURFACE('',#2752,12.5);
#2752 = AXIS2_PLACEMENT_3D('',#2753,#2754,#2755);
#2753 = CARTESIAN_POINT('',(159.,-12.5,34.5));
#2754 = DIRECTION('',(0.,-1.,0.));
#2755 = DIRECTION('',(1.,0.,0.));
#2756 = DEFINITIONAL_REPRESENTATION('',(#2757),#2761);
#2757 = LINE('',#2758,#2759);
#2758 = CARTESIAN_POINT('',(0.,-12.5));
#2759 = VECTOR('',#2760,1.);
#2760 = DIRECTION('',(1.,0.));
#2761 = ( GEOMETRIC_REPRESENTATION_CONTEXT(2) 
PARAMETRIC_REPRESENTATION_CONTEXT() REPRESENTATION_CONTEXT('2D SPACE',''
  ) );
#2762 = FACE_BOUND('',#2763,.F.);
#2763 = EDGE_LOOP('',(#2764));
#2764 = ORIENTED_EDGE('',*,*,#2765,.T.);
#2765 = EDGE_CURVE('',#2766,#2766,#2768,.T.);
#2766 = VERTEX_POINT('',#2767);
#2767 = CARTESIAN_POINT('',(171.5,0.,63.5));
#2768 = SURFACE_CURVE('',#2769,(#2774,#2785),.PCURVE_S1.);
#2769 = CIRCLE('',#2770,12.5);
#2770 = AXIS2_PLACEMENT_3D('',#2771,#2772,#2773);
#2771 = CARTESIAN_POINT('',(159.,0.,63.5));
#2772 = DIRECTION('',(0.,-1.,0.));
#2773 = DIRECTION('',(1.,0.,0.));
#2774 = PCURVE('',#100,#2775);
#2775 = DEFINITIONAL_REPRESENTATION('',(#2776),#2784);
#2776 = ( BOUNDED_CURVE() B_SPLINE_CURVE(2,(#2777,#2778,#2779,#2780,
#2781,#2782,#2783),.UNSPECIFIED.,.T.,.F.) B_SPLINE_CURVE_WITH_KNOTS((1,2
    ,2,2,2,1),(-2.094395102393,0.,2.094395102393,4.188790204786,
6.28318530718,8.377580409573),.UNSPECIFIED.) CURVE() 
GEOMETRIC_REPRESENTATION_ITEM() RATIONAL_B_SPLINE_CURVE((1.,0.5,1.,0.5,
1.,0.5,1.)) REPRESENTATION_ITEM('') );
#2777 = CARTESIAN_POINT('',(63.5,171.5));
#2778 = CARTESIAN_POINT('',(85.150635094611,171.5));
#2779 = CARTESIAN_POINT('',(74.325317547305,152.75));
#2780 = CARTESIAN_POINT('',(63.5,134.));
#2781 = CARTESIAN_POINT('',(52.674682452695,152.75));
#2782 = CARTESIAN_POINT('',(41.849364905389,171.5));
#2783 = CARTESIAN_POINT('',(63.5,171.5));
#2784 = ( GEOMETRIC_REPRESENTATION_CONTEXT(2) 
PARAMETRIC_REPRESENTATION_CONTEXT() REPRESENTATION_CONTEXT('2D SPACE',''
  ) );
#2785 = PCURVE('',#2786,#2791);
#2786 = CYLINDRICAL_SURFACE('',#2787,12.5);
#2787 = AXIS2_PLACEMENT_3D('',#2788,#2789,#2790);
#2788 = CARTESIAN_POINT('',(159.,-12.5,63.5));
#2789 = DIRECTION('',(0.,-1.,0.));
#2790 = DIRECTION('',(1.,0.,0.));
#2791 = DEFINITIONAL_REPRESENTATION('',(#2792),#2796);
#2792 = LINE('',#2793,#2794);
#2793 = CARTESIAN_POINT('',(0.,-12.5));
#2794 = VECTOR('',#2795,1.);
#2795 = DIRECTION('',(1.,0.));
#2796 = ( GEOMETRIC_REPRESENTATION_CONTEXT(2) 
PARAMETRIC_REPRESENTATION_CONTEXT() REPRESENTATION_CONTEXT('2D SPACE',''
  ) );
#2797 = FACE_BOUND('',#2798,.F.);
#2798 = EDGE_LOOP('',(#2799));
#2799 = ORIENTED_EDGE('',*,*,#2800,.T.);
#2800 = EDGE_CURVE('',#2801,#2801,#2803,.T.);
#2801 = VERTEX_POINT('',#2802);
#2802 = CARTESIAN_POINT('',(137.5,0.,92.5));
#2803 = SURFACE_CURVE('',#2804,(#2809,#2820),.PCURVE_S1.);
#2804 = CIRCLE('',#2805,12.5);
#2805 = AXIS2_PLACEMENT_3D('',#2806,#2807,#2808);
#2806 = CARTESIAN_POINT('',(125.,0.,92.5));
#2807 = DIRECTION('',(0.,-1.,0.));
#2808 = DIRECTION('',(1.,0.,0.));
#2809 = PCURVE('',#100,#2810);
#2810 = DEFINITIONAL_REPRESENTATION('',(#2811),#2819);
#2811 = ( BOUNDED_CURVE() B_SPLINE_CURVE(2,(#2812,#2813,#2814,#2815,
#2816,#2817,#2818),.UNSPECIFIED.,.T.,.F.) B_SPLINE_CURVE_WITH_KNOTS((1,2
    ,2,2,2,1),(-2.094395102393,0.,2.094395102393,4.188790204786,
6.28318530718,8.377580409573),.UNSPECIFIED.) CURVE() 
GEOMETRIC_REPRESENTATION_ITEM() RATIONAL_B_SPLINE_CURVE((1.,0.5,1.,0.5,
1.,0.5,1.)) REPRESENTATION_ITEM('') );
#2812 = CARTESIAN_POINT('',(92.5,137.5));
#2813 = CARTESIAN_POINT('',(114.15063509461,137.5));
#2814 = CARTESIAN_POINT('',(103.3253175473,118.75));
#2815 = CARTESIAN_POINT('',(92.5,100.));
#2816 = CARTESIAN_POINT('',(81.674682452695,118.75));
#2817 = CARTESIAN_POINT('',(70.849364905389,137.5));
#2818 = CARTESIAN_POINT('',(92.5,137.5));
#2819 = ( GEOMETRIC_REPRESENTATION_CONTEXT(2) 
PARAMETRIC_REPRESENTATION_CONTEXT() REPRESENTATION_CONTEXT('2D SPACE',''
  ) );
#2820 = PCURVE('',#2821,#2826);
#2821 = CYLINDRICAL_SURFACE('',#2822,12.5);
#2822 = AXIS2_PLACEMENT_3D('',#2823,#2824,#2825);
#2823 = CARTESIAN_POINT('',(125.,-12.5,92.5));
#2824 = DIRECTION('',(0.,-1.,0.));
#2825 = DIRECTION('',(1.,0.,0.));
#2826 = DEFINITIONAL_REPRESENTATION('',(#2827),#2831);
#2827 = LINE('',#2828,#2829);
#2828 = CARTESIAN_POINT('',(0.,-12.5));
#2829 = VECTOR('',#2830,1.);
#2830 = DIRECTION('',(1.,0.));
#2831 = ( GEOMETRIC_REPRESENTATION_CONTEXT(2) 
PARAMETRIC_REPRESENTATION_CONTEXT() REPRESENTATION_CONTEXT('2D SPACE',''
  ) );
#2832 = FACE_BOUND('',#2833,.F.);
#2833 = EDGE_LOOP('',(#2834));
#2834 = ORIENTED_EDGE('',*,*,#2835,.T.);
#2835 = EDGE_CURVE('',#2836,#2836,#2838,.T.);
#2836 = VERTEX_POINT('',#2837);
#2837 = CARTESIAN_POINT('',(171.5,0.,92.5));
#2838 = SURFACE_CURVE('',#2839,(#2844,#2855),.PCURVE_S1.);
#2839 = CIRCLE('',#2840,12.5);
#2840 = AXIS2_PLACEMENT_3D('',#2841,#2842,#2843);
#2841 = CARTESIAN_POINT('',(159.,0.,92.5));
#2842 = DIRECTION('',(0.,-1.,0.));
#2843 = DIRECTION('',(1.,0.,0.));
#2844 = PCURVE('',#100,#2845);
#2845 = DEFINITIONAL_REPRESENTATION('',(#2846),#2854);
#2846 = ( BOUNDED_CURVE() B_SPLINE_CURVE(2,(#2847,#2848,#2849,#2850,
#2851,#2852,#2853),.UNSPECIFIED.,.T.,.F.) B_SPLINE_CURVE_WITH_KNOTS((1,2
    ,2,2,2,1),(-2.094395102393,0.,2.094395102393,4.188790204786,
6.28318530718,8.377580409573),.UNSPECIFIED.) CURVE() 
GEOMETRIC_REPRESENTATION_ITEM() RATIONAL_B_SPLINE_CURVE((1.,0.5,1.,0.5,
1.,0.5,1.)) REPRESENTATION_ITEM('') );
#2847 = CARTESIAN_POINT('',(92.5,171.5));
#2848 = CARTESIAN_POINT('',(114.15063509461,171.5));
#2849 = CARTESIAN_POINT('',(103.3253175473,152.75));
#2850 = CARTESIAN_POINT('',(92.5,134.));
#2851 = CARTESIAN_POINT('',(81.674682452695,152.75));
#2852 = CARTESIAN_POINT('',(70.849364905389,171.5));
#2853 = CARTESIAN_POINT('',(92.5,171.5));
#2854 = ( GEOMETRIC_REPRESENTATION_CONTEXT(2) 
PARAMETRIC_REPRESENTATION_CONTEXT() REPRESENTATION_CONTEXT('2D SPACE',''
  ) );
#2855 = PCURVE('',#2856,#2861);
#2856 = CYLINDRICAL_SURFACE('',#2857,12.5);
#2857 = AXIS2_PLACEMENT_3D('',#2858,#2859,#2860);
#2858 = CARTESIAN_POINT('',(159.,-12.5,92.5));
#2859 = DIRECTION('',(0.,-1.,0.));
#2860 = DIRECTION('',(1.,0.,0.));
#2861 = DEFINITIONAL_REPRESENTATION('',(#2862),#2866);
#2862 = LINE('',#2863,#2864);
#2863 = CARTESIAN_POINT('',(0.,-12.5));
#2864 = VECTOR('',#2865,1.);
#2865 = DIRECTION('',(1.,0.));
#2866 = ( GEOMETRIC_REPRESENTATION_CONTEXT(2) 
PARAMETRIC_REPRESENTATION_CONTEXT() REPRESENTATION_CONTEXT('2D SPACE',''
  ) );
#2867 = FACE_BOUND('',#2868,.F.);
#2868 = EDGE_LOOP('',(#2869));
#2869 = ORIENTED_EDGE('',*,*,#2870,.T.);
#2870 = EDGE_CURVE('',#2871,#2871,#2873,.T.);
#2871 = VERTEX_POINT('',#2872);
#2872 = CARTESIAN_POINT('',(205.5,0.,34.5));
#2873 = SURFACE_CURVE('',#2874,(#2879,#2890),.PCURVE_S1.);
#2874 = CIRCLE('',#2875,12.5);
#2875 = AXIS2_PLACEMENT_3D('',#2876,#2877,#2878);
#2876 = CARTESIAN_POINT('',(193.,0.,34.5));
#2877 = DIRECTION('',(0.,-1.,0.));
#2878 = DIRECTION('',(1.,0.,0.));
#2879 = PCURVE('',#100,#2880);
#2880 = DEFINITIONAL_REPRESENTATION('',(#2881),#2889);
#2881 = ( BOUNDED_CURVE() B_SPLINE_CURVE(2,(#2882,#2883,#2884,#2885,
#2886,#2887,#2888),.UNSPECIFIED.,.T.,.F.) B_SPLINE_CURVE_WITH_KNOTS((1,2
    ,2,2,2,1),(-2.094395102393,0.,2.094395102393,4.188790204786,
6.28318530718,8.377580409573),.UNSPECIFIED.) CURVE() 
GEOMETRIC_REPRESENTATION_ITEM() RATIONAL_B_SPLINE_CURVE((1.,0.5,1.,0.5,
1.,0.5,1.)) REPRESENTATION_ITEM('') );
#2882 = CARTESIAN_POINT('',(34.5,205.5));
#2883 = CARTESIAN_POINT('',(56.150635094611,205.5));
#2884 = CARTESIAN_POINT('',(45.325317547305,186.75));
#2885 = CARTESIAN_POINT('',(34.5,168.));
#2886 = CARTESIAN_POINT('',(23.674682452695,186.75));
#2887 = CARTESIAN_POINT('',(12.849364905389,205.5));
#2888 = CARTESIAN_POINT('',(34.5,205.5));
#2889 = ( GEOMETRIC_REPRESENTATION_CONTEXT(2) 
PARAMETRIC_REPRESENTATION_CONTEXT() REPRESENTATION_CONTEXT('2D SPACE',''
  ) );
#2890 = PCURVE('',#2891,#2896);
#2891 = CYLINDRICAL_SURFACE('',#2892,12.5);
#2892 = AXIS2_PLACEMENT_3D('',#2893,#2894,#2895);
#2893 = CARTESIAN_POINT('',(193.,-12.5,34.5));
#2894 = DIRECTION('',(0.,-1.,0.));
#2895 = DIRECTION('',(1.,0.,0.));
#2896 = DEFINITIONAL_REPRESENTATION('',(#2897),#2901);
#2897 = LINE('',#2898,#2899);
#2898 = CARTESIAN_POINT('',(0.,-12.5));
#2899 = VECTOR('',#2900,1.);
#2900 = DIRECTION('',(1.,0.));
#2901 = ( GEOMETRIC_REPRESENTATION_CONTEXT(2) 
PARAMETRIC_REPRESENTATION_CONTEXT() REPRESENTATION_CONTEXT('2D SPACE',''
  ) );
#2902 = FACE_BOUND('',#2903,.F.);
#2903 = EDGE_LOOP('',(#2904));
#2904 = ORIENTED_EDGE('',*,*,#2905,.T.);
#2905 = EDGE_CURVE('',#2906,#2906,#2908,.T.);
#2906 = VERTEX_POINT('',#2907);
#2907 = CARTESIAN_POINT('',(205.5,0.,63.5));
#2908 = SURFACE_CURVE('',#2909,(#2914,#2925),.PCURVE_S1.);
#2909 = CIRCLE('',#2910,12.5);
#2910 = AXIS2_PLACEMENT_3D('',#2911,#2912,#2913);
#2911 = CARTESIAN_POINT('',(193.,0.,63.5));
#2912 = DIRECTION('',(0.,-1.,0.));
#2913 = DIRECTION('',(1.,0.,0.));
#2914 = PCURVE('',#100,#2915);
#2915 = DEFINITIONAL_REPRESENTATION('',(#2916),#2924);
#2916 = ( BOUNDED_CURVE() B_SPLINE_CURVE(2,(#2917,#2918,#2919,#2920,
#2921,#2922,#2923),.UNSPECIFIED.,.T.,.F.) B_SPLINE_CURVE_WITH_KNOTS((1,2
    ,2,2,2,1),(-2.094395102393,0.,2.094395102393,4.188790204786,
6.28318530718,8.377580409573),.UNSPECIFIED.) CURVE() 
GEOMETRIC_REPRESENTATION_ITEM() RATIONAL_B_SPLINE_CURVE((1.,0.5,1.,0.5,
1.,0.5,1.)) REPRESENTATION_ITEM('') );
#2917 = CARTESIAN_POINT('',(63.5,205.5));
#2918 = CARTESIAN_POINT('',(85.150635094611,205.5));
#2919 = CARTESIAN_POINT('',(74.325317547305,186.75));
#2920 = CARTESIAN_POINT('',(63.5,168.));
#2921 = CARTESIAN_POINT('',(52.674682452695,186.75));
#2922 = CARTESIAN_POINT('',(41.849364905389,205.5));
#2923 = CARTESIAN_POINT('',(63.5,205.5));
#2924 = ( GEOMETRIC_REPRESENTATION_CONTEXT(2) 
PARAMETRIC_REPRESENTATION_CONTEXT() REPRESENTATION_CONTEXT('2D SPACE',''
  ) );
#2925 = PCURVE('',#2926,#2931);
#2926 = CYLINDRICAL_SURFACE('',#2927,12.5);
#2927 = AXIS2_PLACEMENT_3D('',#2928,#2929,#2930);
#2928 = CARTESIAN_POINT('',(193.,-12.5,63.5));
#2929 = DIRECTION('',(0.,-1.,0.));
#2930 = DIRECTION('',(1.,0.,0.));
#2931 = DEFINITIONAL_REPRESENTATION('',(#2932),#2936);
#2932 = LINE('',#2933,#2934);
#2933 = CARTESIAN_POINT('',(0.,-12.5));
#2934 = VECTOR('',#2935,1.);
#2935 = DIRECTION('',(1.,0.));
#2936 = ( GEOMETRIC_REPRESENTATION_CONTEXT(2) 
PARAMETRIC_REPRESENTATION_CONTEXT() REPRESENTATION_CONTEXT('2D SPACE',''
  ) );
#2937 = FACE_BOUND('',#2938,.F.);
#2938 = EDGE_LOOP('',(#2939));
#2939 = ORIENTED_EDGE('',*,*,#2940,.T.);
#2940 = EDGE_CURVE('',#2941,#2941,#2943,.T.);
#2941 = VERTEX_POINT('',#2942);
#2942 = CARTESIAN_POINT('',(239.5,0.,34.5));
#2943 = SURFACE_CURVE('',#2944,(#2949,#2960),.PCURVE_S1.);
#2944 = CIRCLE('',#2945,12.5);
#2945 = AXIS2_PLACEMENT_3D('',#2946,#2947,#2948);
#2946 = CARTESIAN_POINT('',(227.,0.,34.5));
#2947 = DIRECTION('',(0.,-1.,0.));
#2948 = DIRECTION('',(1.,0.,0.));
#2949 = PCURVE('',#100,#2950);
#2950 = DEFINITIONAL_REPRESENTATION('',(#2951),#2959);
#2951 = ( BOUNDED_CURVE() B_SPLINE_CURVE(2,(#2952,#2953,#2954,#2955,
#2956,#2957,#2958),.UNSPECIFIED.,.T.,.F.) B_SPLINE_CURVE_WITH_KNOTS((1,2
    ,2,2,2,1),(-2.094395102393,0.,2.094395102393,4.188790204786,
6.28318530718,8.377580409573),.UNSPECIFIED.) CURVE() 
GEOMETRIC_REPRESENTATION_ITEM() RATIONAL_B_SPLINE_CURVE((1.,0.5,1.,0.5,
1.,0.5,1.)) REPRESENTATION_ITEM('') );
#2952 = CARTESIAN_POINT('',(34.5,239.5));
#2953 = CARTESIAN_POINT('',(56.150635094611,239.5));
#2954 = CARTESIAN_POINT('',(45.325317547305,220.75));
#2955 = CARTESIAN_POINT('',(34.5,202.));
#2956 = CARTESIAN_POINT('',(23.674682452695,220.75));
#2957 = CARTESIAN_POINT('',(12.849364905389,239.5));
#2958 = CARTESIAN_POINT('',(34.5,239.5));
#2959 = ( GEOMETRIC_REPRESENTATION_CONTEXT(2) 
PARAMETRIC_REPRESENTATION_CONTEXT() REPRESENTATION_CONTEXT('2D SPACE',''
  ) );
#2960 = PCURVE('',#2961,#2966);
#2961 = CYLINDRICAL_SURFACE('',#2962,12.5);
#2962 = AXIS2_PLACEMENT_3D('',#2963,#2964,#2965);
#2963 = CARTESIAN_POINT('',(227.,-12.5,34.5));
#2964 = DIRECTION('',(0.,-1.,0.));
#2965 = DIRECTION('',(1.,0.,0.));
#2966 = DEFINITIONAL_REPRESENTATION('',(#2967),#2971);
#2967 = LINE('',#2968,#2969);
#2968 = CARTESIAN_POINT('',(0.,-12.5));
#2969 = VECTOR('',#2970,1.);
#2970 = DIRECTION('',(1.,0.));
#2971 = ( GEOMETRIC_REPRESENTATION_CONTEXT(2) 
PARAMETRIC_REPRESENTATION_CONTEXT() REPRESENTATION_CONTEXT('2D SPACE',''
  ) );
#2972 = FACE_BOUND('',#2973,.F.);
#2973 = EDGE_LOOP('',(#2974));
#2974 = ORIENTED_EDGE('',*,*,#2975,.T.);
#2975 = EDGE_CURVE('',#2976,#2976,#2978,.T.);
#2976 = VERTEX_POINT('',#2977);
#2977 = CARTESIAN_POINT('',(239.5,0.,63.5));
#2978 = SURFACE_CURVE('',#2979,(#2984,#2995),.PCURVE_S1.);
#2979 = CIRCLE('',#2980,12.5);
#2980 = AXIS2_PLACEMENT_3D('',#2981,#2982,#2983);
#2981 = CARTESIAN_POINT('',(227.,0.,63.5));
#2982 = DIRECTION('',(0.,-1.,0.));
#2983 = DIRECTION('',(1.,0.,0.));
#2984 = PCURVE('',#100,#2985);
#2985 = DEFINITIONAL_REPRESENTATION('',(#2986),#2994);
#2986 = ( BOUNDED_CURVE() B_SPLINE_CURVE(2,(#2987,#2988,#2989,#2990,
#2991,#2992,#2993),.UNSPECIFIED.,.T.,.F.) B_SPLINE_CURVE_WITH_KNOTS((1,2
    ,2,2,2,1),(-2.094395102393,0.,2.094395102393,4.188790204786,
6.28318530718,8.377580409573),.UNSPECIFIED.) CURVE() 
GEOMETRIC_REPRESENTATION_ITEM() RATIONAL_B_SPLINE_CURVE((1.,0.5,1.,0.5,
1.,0.5,1.)) REPRESENTATION_ITEM('') );
#2987 = CARTESIAN_POINT('',(63.5,239.5));
#2988 = CARTESIAN_POINT('',(85.150635094611,239.5));
#2989 = CARTESIAN_POINT('',(74.325317547305,220.75));
#2990 = CARTESIAN_POINT('',(63.5,202.));
#2991 = CARTESIAN_POINT('',(52.674682452695,220.75));
#2992 = CARTESIAN_POINT('',(41.849364905389,239.5));
#2993 = CARTESIAN_POINT('',(63.5,239.5));
#2994 = ( GEOMETRIC_REPRESENTATION_CONTEXT(2) 
PARAMETRIC_REPRESENTATION_CONTEXT() REPRESENTATION_CONTEXT('2D SPACE',''
  ) );
#2995 = PCURVE('',#2996,#3001);
#2996 = CYLINDRICAL_SURFACE('',#2997,12.5);
#2997 = AXIS2_PLACEMENT_3D('',#2998,#2999,#3000);
#2998 = CARTESIAN_POINT('',(227.,-12.5,63.5));
#2999 = DIRECTION('',(0.,-1.,0.));
#3000 = DIRECTION('',(1.,0.,0.));
#3001 = DEFINITIONAL_REPRESENTATION('',(#3002),#3006);
#3002 = LINE('',#3003,#3004);
#3003 = CARTESIAN_POINT('',(0.,-12.5));
#3004 = VECTOR('',#3005,1.);
#3005 = DIRECTION('',(1.,0.));
#3006 = ( GEOMETRIC_REPRESENTATION_CONTEXT(2) 
PARAMETRIC_REPRESENTATION_CONTEXT() REPRESENTATION_CONTEXT('2D SPACE',''
  ) );
#3007 = FACE_BOUND('',#3008,.F.);
#3008 = EDGE_LOOP('',(#3009));
#3009 = ORIENTED_EDGE('',*,*,#3010,.T.);
#3010 = EDGE_CURVE('',#3011,#3011,#3013,.T.);
#3011 = VERTEX_POINT('',#3012);
#3012 = CARTESIAN_POINT('',(205.5,0.,92.5));
#3013 = SURFACE_CURVE('',#3014,(#3019,#3030),.PCURVE_S1.);
#3014 = CIRCLE('',#3015,12.5);
#3015 = AXIS2_PLACEMENT_3D('',#3016,#3017,#3018);
#3016 = CARTESIAN_POINT('',(193.,0.,92.5));
#3017 = DIRECTION('',(0.,-1.,0.));
#3018 = DIRECTION('',(1.,0.,0.));
#3019 = PCURVE('',#100,#3020);
#3020 = DEFINITIONAL_REPRESENTATION('',(#3021),#3029);
#3021 = ( BOUNDED_CURVE() B_SPLINE_CURVE(2,(#3022,#3023,#3024,#3025,
#3026,#3027,#3028),.UNSPECIFIED.,.T.,.F.) B_SPLINE_CURVE_WITH_KNOTS((1,2
    ,2,2,2,1),(-2.094395102393,0.,2.094395102393,4.188790204786,
6.28318530718,8.377580409573),.UNSPECIFIED.) CURVE() 
GEOMETRIC_REPRESENTATION_ITEM() RATIONAL_B_SPLINE_CURVE((1.,0.5,1.,0.5,
1.,0.5,1.)) REPRESENTATION_ITEM('') );
#3022 = CARTESIAN_POINT('',(92.5,205.5));
#3023 = CARTESIAN_POINT('',(114.15063509461,205.5));
#3024 = CARTESIAN_POINT('',(103.3253175473,186.75));
#3025 = CARTESIAN_POINT('',(92.5,168.));
#3026 = CARTESIAN_POINT('',(81.674682452695,186.75));
#3027 = CARTESIAN_POINT('',(70.849364905389,205.5));
#3028 = CARTESIAN_POINT('',(92.5,205.5));
#3029 = ( GEOMETRIC_REPRESENTATION_CONTEXT(2) 
PARAMETRIC_REPRESENTATION_CONTEXT() REPRESENTATION_CONTEXT('2D SPACE',''
  ) );
#3030 = PCURVE('',#3031,#3036);
#3031 = CYLINDRICAL_SURFACE('',#3032,12.5);
#3032 = AXIS2_PLACEMENT_3D('',#3033,#3034,#3035);
#3033 = CARTESIAN_POINT('',(193.,-12.5,92.5));
#3034 = DIRECTION('',(0.,-1.,0.));
#3035 = DIRECTION('',(1.,0.,0.));
#3036 = DEFINITIONAL_REPRESENTATION('',(#3037),#3041);
#3037 = LINE('',#3038,#3039);
#3038 = CARTESIAN_POINT('',(0.,-12.5));
#3039 = VECTOR('',#3040,1.);
#3040 = DIRECTION('',(1.,0.));
#3041 = ( GEOMETRIC_REPRESENTATION_CONTEXT(2) 
PARAMETRIC_REPRESENTATION_CONTEXT() REPRESENTATION_CONTEXT('2D SPACE',''
  ) );
#3042 = FACE_BOUND('',#3043,.F.);
#3043 = EDGE_LOOP('',(#3044));
#3044 = ORIENTED_EDGE('',*,*,#3045,.T.);
#3045 = EDGE_CURVE('',#3046,#3046,#3048,.T.);
#3046 = VERTEX_POINT('',#3047);
#3047 = CARTESIAN_POINT('',(239.5,0.,92.5));
#3048 = SURFACE_CURVE('',#3049,(#3054,#3065),.PCURVE_S1.);
#3049 = CIRCLE('',#3050,12.5);
#3050 = AXIS2_PLACEMENT_3D('',#3051,#3052,#3053);
#3051 = CARTESIAN_POINT('',(227.,0.,92.5));
#3052 = DIRECTION('',(0.,-1.,0.));
#3053 = DIRECTION('',(1.,0.,0.));
#3054 = PCURVE('',#100,#3055);
#3055 = DEFINITIONAL_REPRESENTATION('',(#3056),#3064);
#3056 = ( BOUNDED_CURVE() B_SPLINE_CURVE(2,(#3057,#3058,#3059,#3060,
#3061,#3062,#3063),.UNSPECIFIED.,.T.,.F.) B_SPLINE_CURVE_WITH_KNOTS((1,2
    ,2,2,2,1),(-2.094395102393,0.,2.094395102393,4.188790204786,
6.28318530718,8.377580409573),.UNSPECIFIED.) CURVE() 
GEOMETRIC_REPRESENTATION_ITEM() RATIONAL_B_SPLINE_CURVE((1.,0.5,1.,0.5,
1.,0.5,1.)) REPRESENTATION_ITEM('') );
#3057 = CARTESIAN_POINT('',(92.5,239.5));
#3058 = CARTESIAN_POINT('',(114.15063509461,239.5));
#3059 = CARTESIAN_POINT('',(103.3253175473,220.75));
#3060 = CARTESIAN_POINT('',(92.5,202.));
#3061 = CARTESIAN_POINT('',(81.674682452695,220.75));
#3062 = CARTESIAN_POINT('',(70.849364905389,239.5));
#3063 = CARTESIAN_POINT('',(92.5,239.5));
#3064 = ( GEOMETRIC_REPRESENTATION_CONTEXT(2) 
PARAMETRIC_REPRESENTATION_CONTEXT() REPRESENTATION_CONTEXT('2D SPACE',''
  ) );
#3065 = PCURVE('',#3066,#3071);
#3066 = CYLINDRICAL_SURFACE('',#3067,12.5);
#3067 = AXIS2_PLACEMENT_3D('',#3068,#3069,#3070);
#3068 = CARTESIAN_POINT('',(227.,-12.5,92.5));
#3069 = DIRECTION('',(0.,-1.,0.));
#3070 = DIRECTION('',(1.,0.,0.));
#3071 = DEFINITIONAL_REPRESENTATION('',(#3072),#3076);
#3072 = LINE('',#3073,#3074);
#3073 = CARTESIAN_POINT('',(0.,-12.5));
#3074 = VECTOR('',#3075,1.);
#3075 = DIRECTION('',(1.,0.));
#3076 = ( GEOMETRIC_REPRESENTATION_CONTEXT(2) 
PARAMETRIC_REPRESENTATION_CONTEXT() REPRESENTATION_CONTEXT('2D SPACE',''
  ) );
#3077 = FACE_BOUND('',#3078,.F.);
#3078 = EDGE_LOOP('',(#3079));
#3079 = ORIENTED_EDGE('',*,*,#3080,.T.);
#3080 = EDGE_CURVE('',#3081,#3081,#3083,.T.);
#3081 = VERTEX_POINT('',#3082);
#3082 = CARTESIAN_POINT('',(137.5,0.,121.5));
#3083 = SURFACE_CURVE('',#3084,(#3089,#3100),.PCURVE_S1.);
#3084 = CIRCLE('',#3085,12.5);
#3085 = AXIS2_PLACEMENT_3D('',#3086,#3087,#3088);
#3086 = CARTESIAN_POINT('',(125.,0.,121.5));
#3087 = DIRECTION('',(0.,-1.,0.));
#3088 = DIRECTION('',(1.,0.,0.));
#3089 = PCURVE('',#100,#3090);
#3090 = DEFINITIONAL_REPRESENTATION('',(#3091),#3099);
#3091 = ( BOUNDED_CURVE() B_SPLINE_CURVE(2,(#3092,#3093,#3094,#3095,
#3096,#3097,#3098),.UNSPECIFIED.,.T.,.F.) B_SPLINE_CURVE_WITH_KNOTS((1,2
    ,2,2,2,1),(-2.094395102393,0.,2.094395102393,4.188790204786,
6.28318530718,8.377580409573),.UNSPECIFIED.) CURVE() 
GEOMETRIC_REPRESENTATION_ITEM() RATIONAL_B_SPLINE_CURVE((1.,0.5,1.,0.5,
1.,0.5,1.)) REPRESENTATION_ITEM('') );
#3092 = CARTESIAN_POINT('',(121.5,137.5));
#3093 = CARTESIAN_POINT('',(143.15063509461,137.5));
#3094 = CARTESIAN_POINT('',(132.3253175473,118.75));
#3095 = CARTESIAN_POINT('',(121.5,100.));
#3096 = CARTESIAN_POINT('',(110.67468245269,118.75));
#3097 = CARTESIAN_POINT('',(99.849364905389,137.5));
#3098 = CARTESIAN_POINT('',(121.5,137.5));
#3099 = ( GEOMETRIC_REPRESENTATION_CONTEXT(2) 
PARAMETRIC_REPRESENTATION_CONTEXT() REPRESENTATION_CONTEXT('2D SPACE',''
  ) );
#3100 = PCURVE('',#3101,#3106);
#3101 = CYLINDRICAL_SURFACE('',#3102,12.5);
#3102 = AXIS2_PLACEMENT_3D('',#3103,#3104,#3105);
#3103 = CARTESIAN_POINT('',(125.,-12.5,121.5));
#3104 = DIRECTION('',(0.,-1.,0.));
#3105 = DIRECTION('',(1.,0.,0.));
#3106 = DEFINITIONAL_REPRESENTATION('',(#3107),#3111);
#3107 = LINE('',#3108,#3109);
#3108 = CARTESIAN_POINT('',(0.,-12.5));
#3109 = VECTOR('',#3110,1.);
#3110 = DIRECTION('',(1.,0.));
#3111 = ( GEOMETRIC_REPRESENTATION_CONTEXT(2) 
PARAMETRIC_REPRESENTATION_CONTEXT() REPRESENTATION_CONTEXT('2D SPACE',''
  ) );
#3112 = FACE_BOUND('',#3113,.F.);
#3113 = EDGE_LOOP('',(#3114));
#3114 = ORIENTED_EDGE('',*,*,#3115,.T.);
#3115 = EDGE_CURVE('',#3116,#3116,#3118,.T.);
#3116 = VERTEX_POINT('',#3117);
#3117 = CARTESIAN_POINT('',(171.5,0.,121.5));
#3118 = SURFACE_CURVE('',#3119,(#3124,#3135),.PCURVE_S1.);
#3119 = CIRCLE('',#3120,12.5);
#3120 = AXIS2_PLACEMENT_3D('',#3121,#3122,#3123);
#3121 = CARTESIAN_POINT('',(159.,0.,121.5));
#3122 = DIRECTION('',(0.,-1.,0.));
#3123 = DIRECTION('',(1.,0.,0.));
#3124 = PCURVE('',#100,#3125);
#3125 = DEFINITIONAL_REPRESENTATION('',(#3126),#3134);
#3126 = ( BOUNDED_CURVE() B_SPLINE_CURVE(2,(#3127,#3128,#3129,#3130,
#3131,#3132,#3133),.UNSPECIFIED.,.T.,.F.) B_SPLINE_CURVE_WITH_KNOTS((1,2
    ,2,2,2,1),(-2.094395102393,0.,2.094395102393,4.188790204786,
6.28318530718,8.377580409573),.UNSPECIFIED.) CURVE() 
GEOMETRIC_REPRESENTATION_ITEM() RATIONAL_B_SPLINE_CURVE((1.,0.5,1.,0.5,
1.,0.5,1.)) REPRESENTATION_ITEM('') );
#3127 = CARTESIAN_POINT('',(121.5,171.5));
#3128 = CARTESIAN_POINT('',(143.15063509461,171.5));
#3129 = CARTESIAN_POINT('',(132.3253175473,152.75));
#3130 = CARTESIAN_POINT('',(121.5,134.));
#3131 = CARTESIAN_POINT('',(110.67468245269,152.75));
#3132 = CARTESIAN_POINT('',(99.849364905389,171.5));
#3133 = CARTESIAN_POINT('',(121.5,171.5));
#3134 = ( GEOMETRIC_REPRESENTATION_CONTEXT(2) 
PARAMETRIC_REPRESENTATION_CONTEXT() REPRESENTATION_CONTEXT('2D SPACE',''
  ) );
#3135 = PCURVE('',#3136,#3141);
#3136 = CYLINDRICAL_SURFACE('',#3137,12.5);
#3137 = AXIS2_PLACEMENT_3D('',#3138,#3139,#3140);
#3138 = CARTESIAN_POINT('',(159.,-12.5,121.5));
#3139 = DIRECTION('',(0.,-1.,0.));
#3140 = DIRECTION('',(1.,0.,0.));
#3141 = DEFINITIONAL_REPRESENTATION('',(#3142),#3146);
#3142 = LINE('',#3143,#3144);
#3143 = CARTESIAN_POINT('',(0.,-12.5));
#3144 = VECTOR('',#3145,1.);
#3145 = DIRECTION('',(1.,0.));
#3146 = ( GEOMETRIC_REPRESENTATION_CONTEXT(2) 
PARAMETRIC_REPRESENTATION_CONTEXT() REPRESENTATION_CONTEXT('2D SPACE',''
  ) );
#3147 = FACE_BOUND('',#3148,.F.);
#3148 = EDGE_LOOP('',(#3149));
#3149 = ORIENTED_EDGE('',*,*,#3150,.T.);
#3150 = EDGE_CURVE('',#3151,#3151,#3153,.T.);
#3151 = VERTEX_POINT('',#3152);
#3152 = CARTESIAN_POINT('',(137.5,0.,150.5));
#3153 = SURFACE_CURVE('',#3154,(#3159,#3170),.PCURVE_S1.);
#3154 = CIRCLE('',#3155,12.5);
#3155 = AXIS2_PLACEMENT_3D('',#3156,#3157,#3158);
#3156 = CARTESIAN_POINT('',(125.,0.,150.5));
#3157 = DIRECTION('',(0.,-1.,0.));
#3158 = DIRECTION('',(1.,0.,0.));
#3159 = PCURVE('',#100,#3160);
#3160 = DEFINITIONAL_REPRESENTATION('',(#3161),#3169);
#3161 = ( BOUNDED_CURVE() B_SPLINE_CURVE(2,(#3162,#3163,#3164,#3165,
#3166,#3167,#3168),.UNSPECIFIED.,.T.,.F.) B_SPLINE_CURVE_WITH_KNOTS((1,2
    ,2,2,2,1),(-2.094395102393,0.,2.094395102393,4.188790204786,
6.28318530718,8.377580409573),.UNSPECIFIED.) CURVE() 
GEOMETRIC_REPRESENTATION_ITEM() RATIONAL_B_SPLINE_CURVE((1.,0.5,1.,0.5,
1.,0.5,1.)) REPRESENTATION_ITEM('') );
#3162 = CARTESIAN_POINT('',(150.5,137.5));
#3163 = CARTESIAN_POINT('',(172.15063509461,137.5));
#3164 = CARTESIAN_POINT('',(161.3253175473,118.75));
#3165 = CARTESIAN_POINT('',(150.5,100.));
#3166 = CARTESIAN_POINT('',(139.67468245269,118.75));
#3167 = CARTESIAN_POINT('',(128.84936490538,137.5));
#3168 = CARTESIAN_POINT('',(150.5,137.5));
#3169 = ( GEOMETRIC_REPRESENTATION_CONTEXT(2) 
PARAMETRIC_REPRESENTATION_CONTEXT() REPRESENTATION_CONTEXT('2D SPACE',''
  ) );
#3170 = PCURVE('',#3171,#3176);
#3171 = CYLINDRICAL_SURFACE('',#3172,12.5);
#3172 = AXIS2_PLACEMENT_3D('',#3173,#3174,#3175);
#3173 = CARTESIAN_POINT('',(125.,-12.5,150.5));
#3174 = DIRECTION('',(0.,-1.,0.));
#3175 = DIRECTION('',(1.,0.,0.));
#3176 = DEFINITIONAL_REPRESENTATION('',(#3177),#3181);
#3177 = LINE('',#3178,#3179);
#3178 = CARTESIAN_POINT('',(0.,-12.5));
#3179 = VECTOR('',#3180,1.);
#3180 = DIRECTION('',(1.,0.));
#3181 = ( GEOMETRIC_REPRESENTATION_CONTEXT(2) 
PARAMETRIC_REPRESENTATION_CONTEXT() REPRESENTATION_CONTEXT('2D SPACE',''
  ) );
#3182 = FACE_BOUND('',#3183,.F.);
#3183 = EDGE_LOOP('',(#3184));
#3184 = ORIENTED_EDGE('',*,*,#3185,.T.);
#3185 = EDGE_CURVE('',#3186,#3186,#3188,.T.);
#3186 = VERTEX_POINT('',#3187);
#3187 = CARTESIAN_POINT('',(137.5,0.,179.5));
#3188 = SURFACE_CURVE('',#3189,(#3194,#3205),.PCURVE_S1.);
#3189 = CIRCLE('',#3190,12.5);
#3190 = AXIS2_PLACEMENT_3D('',#3191,#3192,#3193);
#3191 = CARTESIAN_POINT('',(125.,0.,179.5));
#3192 = DIRECTION('',(0.,-1.,0.));
#3193 = DIRECTION('',(1.,0.,0.));
#3194 = PCURVE('',#100,#3195);
#3195 = DEFINITIONAL_REPRESENTATION('',(#3196),#3204);
#3196 = ( BOUNDED_CURVE() B_SPLINE_CURVE(2,(#3197,#3198,#3199,#3200,
#3201,#3202,#3203),.UNSPECIFIED.,.T.,.F.) B_SPLINE_CURVE_WITH_KNOTS((1,2
    ,2,2,2,1),(-2.094395102393,0.,2.094395102393,4.188790204786,
6.28318530718,8.377580409573),.UNSPECIFIED.) CURVE() 
GEOMETRIC_REPRESENTATION_ITEM() RATIONAL_B_SPLINE_CURVE((1.,0.5,1.,0.5,
1.,0.5,1.)) REPRESENTATION_ITEM('') );
#3197 = CARTESIAN_POINT('',(179.5,137.5));
#3198 = CARTESIAN_POINT('',(201.15063509461,137.5));
#3199 = CARTESIAN_POINT('',(190.3253175473,118.75));
#3200 = CARTESIAN_POINT('',(179.5,100.));
#3201 = CARTESIAN_POINT('',(168.67468245269,118.75));
#3202 = CARTESIAN_POINT('',(157.84936490538,137.5));
#3203 = CARTESIAN_POINT('',(179.5,137.5));
#3204 = ( GEOMETRIC_REPRESENTATION_CONTEXT(2) 
PARAMETRIC_REPRESENTATION_CONTEXT() REPRESENTATION_CONTEXT('2D SPACE',''
  ) );
#3205 = PCURVE('',#3206,#3211);
#3206 = CYLINDRICAL_SURFACE('',#3207,12.5);
#3207 = AXIS2_PLACEMENT_3D('',#3208,#3209,#3210);
#3208 = CARTESIAN_POINT('',(125.,-12.5,179.5));
#3209 = DIRECTION('',(0.,-1.,0.));
#3210 = DIRECTION('',(1.,0.,0.));
#3211 = DEFINITIONAL_REPRESENTATION('',(#3212),#3216);
#3212 = LINE('',#3213,#3214);
#3213 = CARTESIAN_POINT('',(0.,-12.5));
#3214 = VECTOR('',#3215,1.);
#3215 = DIRECTION('',(1.,0.));
#3216 = ( GEOMETRIC_REPRESENTATION_CONTEXT(2) 
PARAMETRIC_REPRESENTATION_CONTEXT() REPRESENTATION_CONTEXT('2D SPACE',''
  ) );
#3217 = FACE_BOUND('',#3218,.F.);
#3218 = EDGE_LOOP('',(#3219));
#3219 = ORIENTED_EDGE('',*,*,#3220,.T.);
#3220 = EDGE_CURVE('',#3221,#3221,#3223,.T.);
#3221 = VERTEX_POINT('',#3222);
#3222 = CARTESIAN_POINT('',(171.5,0.,150.5));
#3223 = SURFACE_CURVE('',#3224,(#3229,#3240),.PCURVE_S1.);
#3224 = CIRCLE('',#3225,12.5);
#3225 = AXIS2_PLACEMENT_3D('',#3226,#3227,#3228);
#3226 = CARTESIAN_POINT('',(159.,0.,150.5));
#3227 = DIRECTION('',(0.,-1.,0.));
#3228 = DIRECTION('',(1.,0.,0.));
#3229 = PCURVE('',#100,#3230);
#3230 = DEFINITIONAL_REPRESENTATION('',(#3231),#3239);
#3231 = ( BOUNDED_CURVE() B_SPLINE_CURVE(2,(#3232,#3233,#3234,#3235,
#3236,#3237,#3238),.UNSPECIFIED.,.T.,.F.) B_SPLINE_CURVE_WITH_KNOTS((1,2
    ,2,2,2,1),(-2.094395102393,0.,2.094395102393,4.188790204786,
6.28318530718,8.377580409573),.UNSPECIFIED.) CURVE() 
GEOMETRIC_REPRESENTATION_ITEM() RATIONAL_B_SPLINE_CURVE((1.,0.5,1.,0.5,
1.,0.5,1.)) REPRESENTATION_ITEM('') );
#3232 = CARTESIAN_POINT('',(150.5,171.5));
#3233 = CARTESIAN_POINT('',(172.15063509461,171.5));
#3234 = CARTESIAN_POINT('',(161.3253175473,152.75));
#3235 = CARTESIAN_POINT('',(150.5,134.));
#3236 = CARTESIAN_POINT('',(139.67468245269,152.75));
#3237 = CARTESIAN_POINT('',(128.84936490538,171.5));
#3238 = CARTESIAN_POINT('',(150.5,171.5));
#3239 = ( GEOMETRIC_REPRESENTATION_CONTEXT(2) 
PARAMETRIC_REPRESENTATION_CONTEXT() REPRESENTATION_CONTEXT('2D SPACE',''
  ) );
#3240 = PCURVE('',#3241,#3246);
#3241 = CYLINDRICAL_SURFACE('',#3242,12.5);
#3242 = AXIS2_PLACEMENT_3D('',#3243,#3244,#3245);
#3243 = CARTESIAN_POINT('',(159.,-12.5,150.5));
#3244 = DIRECTION('',(0.,-1.,0.));
#3245 = DIRECTION('',(1.,0.,0.));
#3246 = DEFINITIONAL_REPRESENTATION('',(#3247),#3251);
#3247 = LINE('',#3248,#3249);
#3248 = CARTESIAN_POINT('',(0.,-12.5));
#3249 = VECTOR('',#3250,1.);
#3250 = DIRECTION('',(1.,0.));
#3251 = ( GEOMETRIC_REPRESENTATION_CONTEXT(2) 
PARAMETRIC_REPRESENTATION_CONTEXT() REPRESENTATION_CONTEXT('2D SPACE',''
  ) );
#3252 = FACE_BOUND('',#3253,.F.);
#3253 = EDGE_LOOP('',(#3254));
#3254 = ORIENTED_EDGE('',*,*,#3255,.T.);
#3255 = EDGE_CURVE('',#3256,#3256,#3258,.T.);
#3256 = VERTEX_POINT('',#3257);
#3257 = CARTESIAN_POINT('',(171.5,0.,179.5));
#3258 = SURFACE_CURVE('',#3259,(#3264,#3275),.PCURVE_S1.);
#3259 = CIRCLE('',#3260,12.5);
#3260 = AXIS2_PLACEMENT_3D('',#3261,#3262,#3263);
#3261 = CARTESIAN_POINT('',(159.,0.,179.5));
#3262 = DIRECTION('',(0.,-1.,0.));
#3263 = DIRECTION('',(1.,0.,0.));
#3264 = PCURVE('',#100,#3265);
#3265 = DEFINITIONAL_REPRESENTATION('',(#3266),#3274);
#3266 = ( BOUNDED_CURVE() B_SPLINE_CURVE(2,(#3267,#3268,#3269,#3270,
#3271,#3272,#3273),.UNSPECIFIED.,.T.,.F.) B_SPLINE_CURVE_WITH_KNOTS((1,2
    ,2,2,2,1),(-2.094395102393,0.,2.094395102393,4.188790204786,
6.28318530718,8.377580409573),.UNSPECIFIED.) CURVE() 
GEOMETRIC_REPRESENTATION_ITEM() RATIONAL_B_SPLINE_CURVE((1.,0.5,1.,0.5,
1.,0.5,1.)) REPRESENTATION_ITEM('') );
#3267 = CARTESIAN_POINT('',(179.5,171.5));
#3268 = CARTESIAN_POINT('',(201.15063509461,171.5));
#3269 = CARTESIAN_POINT('',(190.3253175473,152.75));
#3270 = CARTESIAN_POINT('',(179.5,134.));
#3271 = CARTESIAN_POINT('',(168.67468245269,152.75));
#3272 = CARTESIAN_POINT('',(157.84936490538,171.5));
#3273 = CARTESIAN_POINT('',(179.5,171.5));
#3274 = ( GEOMETRIC_REPRESENTATION_CONTEXT(2) 
PARAMETRIC_REPRESENTATION_CONTEXT() REPRESENTATION_CONTEXT('2D SPACE',''
  ) );
#3275 = PCURVE('',#3276,#3281);
#3276 = CYLINDRICAL_SURFACE('',#3277,12.5);
#3277 = AXIS2_PLACEMENT_3D('',#3278,#3279,#3280);
#3278 = CARTESIAN_POINT('',(159.,-12.5,179.5));
#3279 = DIRECTION('',(0.,-1.,0.));
#3280 = DIRECTION('',(1.,0.,0.));
#3281 = DEFINITIONAL_REPRESENTATION('',(#3282),#3286);
#3282 = LINE('',#3283,#3284);
#3283 = CARTESIAN_POINT('',(0.,-12.5));
#3284 = VECTOR('',#3285,1.);
#3285 = DIRECTION('',(1.,0.));
#3286 = ( GEOMETRIC_REPRESENTATION_CONTEXT(2) 
PARAMETRIC_REPRESENTATION_CONTEXT() REPRESENTATION_CONTEXT('2D SPACE',''
  ) );
#3287 = FACE_BOUND('',#3288,.F.);
#3288 = EDGE_LOOP('',(#3289));
#3289 = ORIENTED_EDGE('',*,*,#3290,.T.);
#3290 = EDGE_CURVE('',#3291,#3291,#3293,.T.);
#3291 = VERTEX_POINT('',#3292);
#3292 = CARTESIAN_POINT('',(205.5,0.,121.5));
#3293 = SURFACE_CURVE('',#3294,(#3299,#3310),.PCURVE_S1.);
#3294 = CIRCLE('',#3295,12.5);
#3295 = AXIS2_PLACEMENT_3D('',#3296,#3297,#3298);
#3296 = CARTESIAN_POINT('',(193.,0.,121.5));
#3297 = DIRECTION('',(0.,-1.,0.));
#3298 = DIRECTION('',(1.,0.,0.));
#3299 = PCURVE('',#100,#3300);
#3300 = DEFINITIONAL_REPRESENTATION('',(#3301),#3309);
#3301 = ( BOUNDED_CURVE() B_SPLINE_CURVE(2,(#3302,#3303,#3304,#3305,
#3306,#3307,#3308),.UNSPECIFIED.,.T.,.F.) B_SPLINE_CURVE_WITH_KNOTS((1,2
    ,2,2,2,1),(-2.094395102393,0.,2.094395102393,4.188790204786,
6.28318530718,8.377580409573),.UNSPECIFIED.) CURVE() 
GEOMETRIC_REPRESENTATION_ITEM() RATIONAL_B_SPLINE_CURVE((1.,0.5,1.,0.5,
1.,0.5,1.)) REPRESENTATION_ITEM('') );
#3302 = CARTESIAN_POINT('',(121.5,205.5));
#3303 = CARTESIAN_POINT('',(143.15063509461,205.5));
#3304 = CARTESIAN_POINT('',(132.3253175473,186.75));
#3305 = CARTESIAN_POINT('',(121.5,168.));
#3306 = CARTESIAN_POINT('',(110.67468245269,186.75));
#3307 = CARTESIAN_POINT('',(99.849364905389,205.5));
#3308 = CARTESIAN_POINT('',(121.5,205.5));
#3309 = ( GEOMETRIC_REPRESENTATION_CONTEXT(2) 
PARAMETRIC_REPRESENTATION_CONTEXT() REPRESENTATION_CONTEXT('2D SPACE',''
  ) );
#3310 = PCURVE('',#3311,#3316);
#3311 = CYLINDRICAL_SURFACE('',#3312,12.5);
#3312 = AXIS2_PLACEMENT_3D('',#3313,#3314,#3315);
#3313 = CARTESIAN_POINT('',(193.,-12.5,121.5));
#3314 = DIRECTION('',(0.,-1.,0.));
#3315 = DIRECTION('',(1.,0.,0.));
#3316 = DEFINITIONAL_REPRESENTATION('',(#3317),#3321);
#3317 = LINE('',#3318,#3319);
#3318 = CARTESIAN_POINT('',(0.,-12.5));
#3319 = VECTOR('',#3320,1.);
#3320 = DIRECTION('',(1.,0.));
#3321 = ( GEOMETRIC_REPRESENTATION_CONTEXT(2) 
PARAMETRIC_REPRESENTATION_CONTEXT() REPRESENTATION_CONTEXT('2D SPACE',''
  ) );
#3322 = FACE_BOUND('',#3323,.F.);
#3323 = EDGE_LOOP('',(#3324));
#3324 = ORIENTED_EDGE('',*,*,#3325,.T.);
#3325 = EDGE_CURVE('',#3326,#3326,#3328,.T.);
#3326 = VERTEX_POINT('',#3327);
#3327 = CARTESIAN_POINT('',(239.5,0.,121.5));
#3328 = SURFACE_CURVE('',#3329,(#3334,#3345),.PCURVE_S1.);
#3329 = CIRCLE('',#3330,12.5);
#3330 = AXIS2_PLACEMENT_3D('',#3331,#3332,#3333);
#3331 = CARTESIAN_POINT('',(227.,0.,121.5));
#3332 = DIRECTION('',(0.,-1.,0.));
#3333 = DIRECTION('',(1.,0.,0.));
#3334 = PCURVE('',#100,#3335);
#3335 = DEFINITIONAL_REPRESENTATION('',(#3336),#3344);
#3336 = ( BOUNDED_CURVE() B_SPLINE_CURVE(2,(#3337,#3338,#3339,#3340,
#3341,#3342,#3343),.UNSPECIFIED.,.T.,.F.) B_SPLINE_CURVE_WITH_KNOTS((1,2
    ,2,2,2,1),(-2.094395102393,0.,2.094395102393,4.188790204786,
6.28318530718,8.377580409573),.UNSPECIFIED.) CURVE() 
GEOMETRIC_REPRESENTATION_ITEM() RATIONAL_B_SPLINE_CURVE((1.,0.5,1.,0.5,
1.,0.5,1.)) REPRESENTATION_ITEM('') );
#3337 = CARTESIAN_POINT('',(121.5,239.5));
#3338 = CARTESIAN_POINT('',(143.15063509461,239.5));
#3339 = CARTESIAN_POINT('',(132.3253175473,220.75));
#3340 = CARTESIAN_POINT('',(121.5,202.));
#3341 = CARTESIAN_POINT('',(110.67468245269,220.75));
#3342 = CARTESIAN_POINT('',(99.849364905389,239.5));
#3343 = CARTESIAN_POINT('',(121.5,239.5));
#3344 = ( GEOMETRIC_REPRESENTATION_CONTEXT(2) 
PARAMETRIC_REPRESENTATION_CONTEXT() REPRESENTATION_CONTEXT('2D SPACE',''
  ) );
#3345 = PCURVE('',#3346,#3351);
#3346 = CYLINDRICAL_SURFACE('',#3347,12.5);
#3347 = AXIS2_PLACEMENT_3D('',#3348,#3349,#3350);
#3348 = CARTESIAN_POINT('',(227.,-12.5,121.5));
#3349 = DIRECTION('',(0.,-1.,0.));
#3350 = DIRECTION('',(1.,0.,0.));
#3351 = DEFINITIONAL_REPRESENTATION('',(#3352),#3356);
#3352 = LINE('',#3353,#3354);
#3353 = CARTESIAN_POINT('',(0.,-12.5));
#3354 = VECTOR('',#3355,1.);
#3355 = DIRECTION('',(1.,0.));
#3356 = ( GEOMETRIC_REPRESENTATION_CONTEXT(2) 
PARAMETRIC_REPRESENTATION_CONTEXT() REPRESENTATION_CONTEXT('2D SPACE',''
  ) );
#3357 = FACE_BOUND('',#3358,.F.);
#3358 = EDGE_LOOP('',(#3359));
#3359 = ORIENTED_EDGE('',*,*,#3360,.T.);
#3360 = EDGE_CURVE('',#3361,#3361,#3363,.T.);
#3361 = VERTEX_POINT('',#3362);
#3362 = CARTESIAN_POINT('',(205.5,0.,150.5));
#3363 = SURFACE_CURVE('',#3364,(#3369,#3380),.PCURVE_S1.);
#3364 = CIRCLE('',#3365,12.5);
#3365 = AXIS2_PLACEMENT_3D('',#3366,#3367,#3368);
#3366 = CARTESIAN_POINT('',(193.,0.,150.5));
#3367 = DIRECTION('',(0.,-1.,0.));
#3368 = DIRECTION('',(1.,0.,0.));
#3369 = PCURVE('',#100,#3370);
#3370 = DEFINITIONAL_REPRESENTATION('',(#3371),#3379);
#3371 = ( BOUNDED_CURVE() B_SPLINE_CURVE(2,(#3372,#3373,#3374,#3375,
#3376,#3377,#3378),.UNSPECIFIED.,.T.,.F.) B_SPLINE_CURVE_WITH_KNOTS((1,2
    ,2,2,2,1),(-2.094395102393,0.,2.094395102393,4.188790204786,
6.28318530718,8.377580409573),.UNSPECIFIED.) CURVE() 
GEOMETRIC_REPRESENTATION_ITEM() RATIONAL_B_SPLINE_CURVE((1.,0.5,1.,0.5,
1.,0.5,1.)) REPRESENTATION_ITEM('') );
#3372 = CARTESIAN_POINT('',(150.5,205.5));
#3373 = CARTESIAN_POINT('',(172.15063509461,205.5));
#3374 = CARTESIAN_POINT('',(161.3253175473,186.75));
#3375 = CARTESIAN_POINT('',(150.5,168.));
#3376 = CARTESIAN_POINT('',(139.67468245269,186.75));
#3377 = CARTESIAN_POINT('',(128.84936490538,205.5));
#3378 = CARTESIAN_POINT('',(150.5,205.5));
#3379 = ( GEOMETRIC_REPRESENTATION_CONTEXT(2) 
PARAMETRIC_REPRESENTATION_CONTEXT() REPRESENTATION_CONTEXT('2D SPACE',''
  ) );
#3380 = PCURVE('',#3381,#3386);
#3381 = CYLINDRICAL_SURFACE('',#3382,12.5);
#3382 = AXIS2_PLACEMENT_3D('',#3383,#3384,#3385);
#3383 = CARTESIAN_POINT('',(193.,-12.5,150.5));
#3384 = DIRECTION('',(0.,-1.,0.));
#3385 = DIRECTION('',(1.,0.,0.));
#3386 = DEFINITIONAL_REPRESENTATION('',(#3387),#3391);
#3387 = LINE('',#3388,#3389);
#3388 = CARTESIAN_POINT('',(0.,-12.5));
#3389 = VECTOR('',#3390,1.);
#3390 = DIRECTION('',(1.,0.));
#3391 = ( GEOMETRIC_REPRESENTATION_CONTEXT(2) 
PARAMETRIC_REPRESENTATION_CONTEXT() REPRESENTATION_CONTEXT('2D SPACE',''
  ) );
#3392 = FACE_BOUND('',#3393,.F.);
#3393 = EDGE_LOOP('',(#3394));
#3394 = ORIENTED_EDGE('',*,*,#3395,.T.);
#3395 = EDGE_CURVE('',#3396,#3396,#3398,.T.);
#3396 = VERTEX_POINT('',#3397);
#3397 = CARTESIAN_POINT('',(205.5,0.,179.5));
#3398 = SURFACE_CURVE('',#3399,(#3404,#3415),.PCURVE_S1.);
#3399 = CIRCLE('',#3400,12.5);
#3400 = AXIS2_PLACEMENT_3D('',#3401,#3402,#3403);
#3401 = CARTESIAN_POINT('',(193.,0.,179.5));
#3402 = DIRECTION('',(0.,-1.,0.));
#3403 = DIRECTION('',(1.,0.,0.));
#3404 = PCURVE('',#100,#3405);
#3405 = DEFINITIONAL_REPRESENTATION('',(#3406),#3414);
#3406 = ( BOUNDED_CURVE() B_SPLINE_CURVE(2,(#3407,#3408,#3409,#3410,
#3411,#3412,#3413),.UNSPECIFIED.,.T.,.F.) B_SPLINE_CURVE_WITH_KNOTS((1,2
    ,2,2,2,1),(-2.094395102393,0.,2.094395102393,4.188790204786,
6.28318530718,8.377580409573),.UNSPECIFIED.) CURVE() 
GEOMETRIC_REPRESENTATION_ITEM() RATIONAL_B_SPLINE_CURVE((1.,0.5,1.,0.5,
1.,0.5,1.)) REPRESENTATION_ITEM('') );
#3407 = CARTESIAN_POINT('',(179.5,205.5));
#3408 = CARTESIAN_POINT('',(201.15063509461,205.5));
#3409 = CARTESIAN_POINT('',(190.3253175473,186.75));
#3410 = CARTESIAN_POINT('',(179.5,168.));
#3411 = CARTESIAN_POINT('',(168.67468245269,186.75));
#3412 = CARTESIAN_POINT('',(157.84936490538,205.5));
#3413 = CARTESIAN_POINT('',(179.5,205.5));
#3414 = ( GEOMETRIC_REPRESENTATION_CONTEXT(2) 
PARAMETRIC_REPRESENTATION_CONTEXT() REPRESENTATION_CONTEXT('2D SPACE',''
  ) );
#3415 = PCURVE('',#3416,#3421);
#3416 = CYLINDRICAL_SURFACE('',#3417,12.5);
#3417 = AXIS2_PLACEMENT_3D('',#3418,#3419,#3420);
#3418 = CARTESIAN_POINT('',(193.,-12.5,179.5));
#3419 = DIRECTION('',(0.,-1.,0.));
#3420 = DIRECTION('',(1.,0.,0.));
#3421 = DEFINITIONAL_REPRESENTATION('',(#3422),#3426);
#3422 = LINE('',#3423,#3424);
#3423 = CARTESIAN_POINT('',(0.,-12.5));
#3424 = VECTOR('',#3425,1.);
#3425 = DIRECTION('',(1.,0.));
#3426 = ( GEOMETRIC_REPRESENTATION_CONTEXT(2) 
PARAMETRIC_REPRESENTATION_CONTEXT() REPRESENTATION_CONTEXT('2D SPACE',''
  ) );
#3427 = FACE_BOUND('',#3428,.F.);
#3428 = EDGE_LOOP('',(#3429));
#3429 = ORIENTED_EDGE('',*,*,#3430,.T.);
#3430 = EDGE_CURVE('',#3431,#3431,#3433,.T.);
#3431 = VERTEX_POINT('',#3432);
#3432 = CARTESIAN_POINT('',(239.5,0.,150.5));
#3433 = SURFACE_CURVE('',#3434,(#3439,#3450),.PCURVE_S1.);
#3434 = CIRCLE('',#3435,12.5);
#3435 = AXIS2_PLACEMENT_3D('',#3436,#3437,#3438);
#3436 = CARTESIAN_POINT('',(227.,0.,150.5));
#3437 = DIRECTION('',(0.,-1.,0.));
#3438 = DIRECTION('',(1.,0.,0.));
#3439 = PCURVE('',#100,#3440);
#3440 = DEFINITIONAL_REPRESENTATION('',(#3441),#3449);
#3441 = ( BOUNDED_CURVE() B_SPLINE_CURVE(2,(#3442,#3443,#3444,#3445,
#3446,#3447,#3448),.UNSPECIFIED.,.T.,.F.) B_SPLINE_CURVE_WITH_KNOTS((1,2
    ,2,2,2,1),(-2.094395102393,0.,2.094395102393,4.188790204786,
6.28318530718,8.377580409573),.UNSPECIFIED.) CURVE() 
GEOMETRIC_REPRESENTATION_ITEM() RATIONAL_B_SPLINE_CURVE((1.,0.5,1.,0.5,
1.,0.5,1.)) REPRESENTATION_ITEM('') );
#3442 = CARTESIAN_POINT('',(150.5,239.5));
#3443 = CARTESIAN_POINT('',(172.15063509461,239.5));
#3444 = CARTESIAN_POINT('',(161.3253175473,220.75));
#3445 = CARTESIAN_POINT('',(150.5,202.));
#3446 = CARTESIAN_POINT('',(139.67468245269,220.75));
#3447 = CARTESIAN_POINT('',(128.84936490538,239.5));
#3448 = CARTESIAN_POINT('',(150.5,239.5));
#3449 = ( GEOMETRIC_REPRESENTATION_CONTEXT(2) 
PARAMETRIC_REPRESENTATION_CONTEXT() REPRESENTATION_CONTEXT('2D SPACE',''
  ) );
#3450 = PCURVE('',#3451,#3456);
#3451 = CYLINDRICAL_SURFACE('',#3452,12.5);
#3452 = AXIS2_PLACEMENT_3D('',#3453,#3454,#3455);
#3453 = CARTESIAN_POINT('',(227.,-12.5,150.5));
#3454 = DIRECTION('',(0.,-1.,0.));
#3455 = DIRECTION('',(1.,0.,0.));
#3456 = DEFINITIONAL_REPRESENTATION('',(#3457),#3461);
#3457 = LINE('',#3458,#3459);
#3458 = CARTESIAN_POINT('',(0.,-12.5));
#3459 = VECTOR('',#3460,1.);
#3460 = DIRECTION('',(1.,0.));
#3461 = ( GEOMETRIC_REPRESENTATION_CONTEXT(2) 
PARAMETRIC_REPRESENTATION_CONTEXT() REPRESENTATION_CONTEXT('2D SPACE',''
  ) );
#3462 = FACE_BOUND('',#3463,.F.);
#3463 = EDGE_LOOP('',(#3464));
#3464 = ORIENTED_EDGE('',*,*,#3465,.T.);
#3465 = EDGE_CURVE('',#3466,#3466,#3468,.T.);
#3466 = VERTEX_POINT('',#3467);
#3467 = CARTESIAN_POINT('',(239.5,0.,179.5));
#3468 = SURFACE_CURVE('',#3469,(#3474,#3485),.PCURVE_S1.);
#3469 = CIRCLE('',#3470,12.5);
#3470 = AXIS2_PLACEMENT_3D('',#3471,#3472,#3473);
#3471 = CARTESIAN_POINT('',(227.,0.,179.5));
#3472 = DIRECTION('',(0.,-1.,0.));
#3473 = DIRECTION('',(1.,0.,0.));
#3474 = PCURVE('',#100,#3475);
#3475 = DEFINITIONAL_REPRESENTATION('',(#3476),#3484);
#3476 = ( BOUNDED_CURVE() B_SPLINE_CURVE(2,(#3477,#3478,#3479,#3480,
#3481,#3482,#3483),.UNSPECIFIED.,.T.,.F.) B_SPLINE_CURVE_WITH_KNOTS((1,2
    ,2,2,2,1),(-2.094395102393,0.,2.094395102393,4.188790204786,
6.28318530718,8.377580409573),.UNSPECIFIED.) CURVE() 
GEOMETRIC_REPRESENTATION_ITEM() RATIONAL_B_SPLINE_CURVE((1.,0.5,1.,0.5,
1.,0.5,1.)) REPRESENTATION_ITEM('') );
#3477 = CARTESIAN_POINT('',(179.5,239.5));
#3478 = CARTESIAN_POINT('',(201.15063509461,239.5));
#3479 = CARTESIAN_POINT('',(190.3253175473,220.75));
#3480 = CARTESIAN_POINT('',(179.5,202.));
#3481 = CARTESIAN_POINT('',(168.67468245269,220.75));
#3482 = CARTESIAN_POINT('',(157.84936490538,239.5));
#3483 = CARTESIAN_POINT('',(179.5,239.5));
#3484 = ( GEOMETRIC_REPRESENTATION_CONTEXT(2) 
PARAMETRIC_REPRESENTATION_CONTEXT() REPRESENTATION_CONTEXT('2D SPACE',''
  ) );
#3485 = PCURVE('',#3486,#3491);
#3486 = CYLINDRICAL_SURFACE('',#3487,12.5);
#3487 = AXIS2_PLACEMENT_3D('',#3488,#3489,#3490);
#3488 = CARTESIAN_POINT('',(227.,-12.5,179.5));
#3489 = DIRECTION('',(0.,-1.,0.));
#3490 = DIRECTION('',(1.,0.,0.));
#3491 = DEFINITIONAL_REPRESENTATION('',(#3492),#3496);
#3492 = LINE('',#3493,#3494);
#3493 = CARTESIAN_POINT('',(0.,-12.5));
#3494 = VECTOR('',#3495,1.);
#3495 = DIRECTION('',(1.,0.));
#3496 = ( GEOMETRIC_REPRESENTATION_CONTEXT(2) 
PARAMETRIC_REPRESENTATION_CONTEXT() REPRESENTATION_CONTEXT('2D SPACE',''
  ) );
#3497 = ADVANCED_FACE('',(#3498),#392,.F.);
#3498 = FACE_BOUND('',#3499,.F.);
#3499 = EDGE_LOOP('',(#3500,#3501,#3524,#3543));
#3500 = ORIENTED_EDGE('',*,*,#377,.T.);
#3501 = ORIENTED_EDGE('',*,*,#3502,.T.);
#3502 = EDGE_CURVE('',#351,#3503,#3505,.T.);
#3503 = VERTEX_POINT('',#3504);
#3504 = CARTESIAN_POINT('',(7.5,2.5,20.));
#3505 = SURFACE_CURVE('',#3506,(#3510,#3517),.PCURVE_S1.);
#3506 = LINE('',#3507,#3508);
#3507 = CARTESIAN_POINT('',(-1.,2.5,20.));
#3508 = VECTOR('',#3509,1.);
#3509 = DIRECTION('',(1.,0.,0.));
#3510 = PCURVE('',#392,#3511);
#3511 = DEFINITIONAL_REPRESENTATION('',(#3512),#3516);
#3512 = LINE('',#3513,#3514);
#3513 = CARTESIAN_POINT('',(0.,0.));
#3514 = VECTOR('',#3515,1.);
#3515 = DIRECTION('',(1.,0.));
#3516 = ( GEOMETRIC_REPRESENTATION_CONTEXT(2) 
PARAMETRIC_REPRESENTATION_CONTEXT() REPRESENTATION_CONTEXT('2D SPACE',''
  ) );
#3517 = PCURVE('',#365,#3518);
#3518 = DEFINITIONAL_REPRESENTATION('',(#3519),#3523);
#3519 = LINE('',#3520,#3521);
#3520 = CARTESIAN_POINT('',(8.,0.));
#3521 = VECTOR('',#3522,1.);
#3522 = DIRECTION('',(0.,1.));
#3523 = ( GEOMETRIC_REPRESENTATION_CONTEXT(2) 
PARAMETRIC_REPRESENTATION_CONTEXT() REPRESENTATION_CONTEXT('2D SPACE',''
  ) );
#3524 = ORIENTED_EDGE('',*,*,#3525,.F.);
#3525 = EDGE_CURVE('',#1307,#3503,#3526,.T.);
#3526 = SURFACE_CURVE('',#3527,(#3531,#3537),.PCURVE_S1.);
#3527 = LINE('',#3528,#3529);
#3528 = CARTESIAN_POINT('',(7.5,2.5,20.));
#3529 = VECTOR('',#3530,1.);
#3530 = DIRECTION('',(0.,-1.,0.));
#3531 = PCURVE('',#392,#3532);
#3532 = DEFINITIONAL_REPRESENTATION('',(#3533),#3536);
#3533 = B_SPLINE_CURVE_WITH_KNOTS('',1,(#3534,#3535),.UNSPECIFIED.,.F.,
  .F.,(2,2),(-3.75,0.),.PIECEWISE_BEZIER_KNOTS.);
#3534 = CARTESIAN_POINT('',(8.5,3.75));
#3535 = CARTESIAN_POINT('',(8.5,0.));
#3536 = ( GEOMETRIC_REPRESENTATION_CONTEXT(2) 
PARAMETRIC_REPRESENTATION_CONTEXT() REPRESENTATION_CONTEXT('2D SPACE',''
  ) );
#3537 = PCURVE('',#1221,#3538);
#3538 = DEFINITIONAL_REPRESENTATION('',(#3539),#3542);
#3539 = B_SPLINE_CURVE_WITH_KNOTS('',1,(#3540,#3541),.UNSPECIFIED.,.F.,
  .F.,(2,2),(-3.75,0.),.PIECEWISE_BEZIER_KNOTS.);
#3540 = CARTESIAN_POINT('',(20.,-3.75));
#3541 = CARTESIAN_POINT('',(20.,0.));
#3542 = ( GEOMETRIC_REPRESENTATION_CONTEXT(2) 
PARAMETRIC_REPRESENTATION_CONTEXT() REPRESENTATION_CONTEXT('2D SPACE',''
  ) );
#3543 = ORIENTED_EDGE('',*,*,#1329,.F.);
#3544 = ADVANCED_FACE('',(#3545),#129,.F.);
#3545 = FACE_BOUND('',#3546,.T.);
#3546 = EDGE_LOOP('',(#3547,#3569,#3570,#3571));
#3547 = ORIENTED_EDGE('',*,*,#3548,.T.);
#3548 = EDGE_CURVE('',#1961,#1982,#3549,.T.);
#3549 = SURFACE_CURVE('',#3550,(#3555,#3562),.PCURVE_S1.);
#3550 = CIRCLE('',#3551,0.7);
#3551 = AXIS2_PLACEMENT_3D('',#3552,#3553,#3554);
#3552 = CARTESIAN_POINT('',(6.5,-0.3,185.));
#3553 = DIRECTION('',(1.,-0.,0.));
#3554 = DIRECTION('',(0.,0.428571428571,-0.903507902905));
#3555 = PCURVE('',#129,#3556);
#3556 = DEFINITIONAL_REPRESENTATION('',(#3557),#3561);
#3557 = LINE('',#3558,#3559);
#3558 = CARTESIAN_POINT('',(-5.155300024458,-7.5));
#3559 = VECTOR('',#3560,1.);
#3560 = DIRECTION('',(-1.,-0.));
#3561 = ( GEOMETRIC_REPRESENTATION_CONTEXT(2) 
PARAMETRIC_REPRESENTATION_CONTEXT() REPRESENTATION_CONTEXT('2D SPACE',''
  ) );
#3562 = PCURVE('',#1996,#3563);
#3563 = DEFINITIONAL_REPRESENTATION('',(#3564),#3568);
#3564 = CIRCLE('',#3565,0.7);
#3565 = AXIS2_PLACEMENT_2D('',#3566,#3567);
#3566 = CARTESIAN_POINT('',(2.5,-2.2));
#3567 = DIRECTION('',(-0.903507902905,-0.428571428571));
#3568 = ( GEOMETRIC_REPRESENTATION_CONTEXT(2) 
PARAMETRIC_REPRESENTATION_CONTEXT() REPRESENTATION_CONTEXT('2D SPACE',''
  ) );
#3569 = ORIENTED_EDGE('',*,*,#2007,.T.);
#3570 = ORIENTED_EDGE('',*,*,#112,.F.);
#3571 = ORIENTED_EDGE('',*,*,#1960,.F.);
#3572 = ADVANCED_FACE('',(#3573,#5216,#5246,#5276,#5306,#5336,#5366,
    #5396,#5426,#5456,#5486,#5516,#5546,#5576,#5606,#5636,#5666,#5696,
    #5726,#5756,#5786,#5816,#5846,#5876,#5906,#5936,#5966,#5996,#6026,
    #6056,#6086,#6116,#6146,#6176,#6206,#6236,#6266,#6296,#6326,#6356,
    #6386,#6416,#6446),#365,.T.);
#3573 = FACE_BOUND('',#3574,.T.);
#3574 = EDGE_LOOP('',(#3575,#3576,#3597,#3598,#3621,#3649,#3677,#3705,
    #3726,#3727,#3750,#3778,#3806,#3834,#3855,#3856,#3879,#3907,#3935,
    #3963,#3984,#3985,#4008,#4036,#4064,#4092,#4113,#4114,#4137,#4165,
    #4193,#4221,#4242,#4243,#4266,#4294,#4322,#4350,#4371,#4372,#4395,
    #4423,#4445,#4473,#4501,#4524,#4552,#4580,#4608,#4631,#4659,#4687,
    #4715,#4738,#4766,#4794,#4822,#4845,#4873,#4901,#4929,#4952,#4980,
    #5008,#5036,#5059,#5087,#5115,#5143,#5166,#5194,#5215));
#3575 = ORIENTED_EDGE('',*,*,#3502,.T.);
#3576 = ORIENTED_EDGE('',*,*,#3577,.T.);
#3577 = EDGE_CURVE('',#3503,#1183,#3578,.T.);
#3578 = SURFACE_CURVE('',#3579,(#3583,#3590),.PCURVE_S1.);
#3579 = LINE('',#3580,#3581);
#3580 = CARTESIAN_POINT('',(7.5,2.5,0.));
#3581 = VECTOR('',#3582,1.);
#3582 = DIRECTION('',(0.,0.,1.));
#3583 = PCURVE('',#365,#3584);
#3584 = DEFINITIONAL_REPRESENTATION('',(#3585),#3589);
#3585 = LINE('',#3586,#3587);
#3586 = CARTESIAN_POINT('',(-12.,8.5));
#3587 = VECTOR('',#3588,1.);
#3588 = DIRECTION('',(1.,0.));
#3589 = ( GEOMETRIC_REPRESENTATION_CONTEXT(2) 
PARAMETRIC_REPRESENTATION_CONTEXT() REPRESENTATION_CONTEXT('2D SPACE',''
  ) );
#3590 = PCURVE('',#1221,#3591);
#3591 = DEFINITIONAL_REPRESENTATION('',(#3592),#3596);
#3592 = LINE('',#3593,#3594);
#3593 = CARTESIAN_POINT('',(0.,0.));
#3594 = VECTOR('',#3595,1.);
#3595 = DIRECTION('',(1.,0.));
#3596 = ( GEOMETRIC_REPRESENTATION_CONTEXT(2) 
PARAMETRIC_REPRESENTATION_CONTEXT() REPRESENTATION_CONTEXT('2D SPACE',''
  ) );
#3597 = ORIENTED_EDGE('',*,*,#1182,.T.);
#3598 = ORIENTED_EDGE('',*,*,#3599,.F.);
#3599 = EDGE_CURVE('',#3600,#1155,#3602,.T.);
#3600 = VERTEX_POINT('',#3601);
#3601 = CARTESIAN_POINT('',(38.5,2.5,204.6));
#3602 = SURFACE_CURVE('',#3603,(#3607,#3614),.PCURVE_S1.);
#3603 = LINE('',#3604,#3605);
#3604 = CARTESIAN_POINT('',(-12.3,2.5,153.8));
#3605 = VECTOR('',#3606,1.);
#3606 = DIRECTION('',(0.707106781187,-0.,0.707106781187));
#3607 = PCURVE('',#365,#3608);
#3608 = DEFINITIONAL_REPRESENTATION('',(#3609),#3613);
#3609 = LINE('',#3610,#3611);
#3610 = CARTESIAN_POINT('',(141.8,-11.3));
#3611 = VECTOR('',#3612,1.);
#3612 = DIRECTION('',(0.707106781187,0.707106781187));
#3613 = ( GEOMETRIC_REPRESENTATION_CONTEXT(2) 
PARAMETRIC_REPRESENTATION_CONTEXT() REPRESENTATION_CONTEXT('2D SPACE',''
  ) );
#3614 = PCURVE('',#1170,#3615);
#3615 = DEFINITIONAL_REPRESENTATION('',(#3616),#3620);
#3616 = LINE('',#3617,#3618);
#3617 = CARTESIAN_POINT('',(0.,-72.83199846221));
#3618 = VECTOR('',#3619,1.);
#3619 = DIRECTION('',(0.,1.));
#3620 = ( GEOMETRIC_REPRESENTATION_CONTEXT(2) 
PARAMETRIC_REPRESENTATION_CONTEXT() REPRESENTATION_CONTEXT('2D SPACE',''
  ) );
#3621 = ORIENTED_EDGE('',*,*,#3622,.F.);
#3622 = EDGE_CURVE('',#3623,#3600,#3625,.T.);
#3623 = VERTEX_POINT('',#3624);
#3624 = CARTESIAN_POINT('',(38.5,2.5,20.));
#3625 = SURFACE_CURVE('',#3626,(#3630,#3637),.PCURVE_S1.);
#3626 = LINE('',#3627,#3628);
#3627 = CARTESIAN_POINT('',(38.5,2.5,0.));
#3628 = VECTOR('',#3629,1.);
#3629 = DIRECTION('',(0.,0.,1.));
#3630 = PCURVE('',#365,#3631);
#3631 = DEFINITIONAL_REPRESENTATION('',(#3632),#3636);
#3632 = LINE('',#3633,#3634);
#3633 = CARTESIAN_POINT('',(-12.,39.5));
#3634 = VECTOR('',#3635,1.);
#3635 = DIRECTION('',(1.,0.));
#3636 = ( GEOMETRIC_REPRESENTATION_CONTEXT(2) 
PARAMETRIC_REPRESENTATION_CONTEXT() REPRESENTATION_CONTEXT('2D SPACE',''
  ) );
#3637 = PCURVE('',#3638,#3643);
#3638 = PLANE('',#3639);
#3639 = AXIS2_PLACEMENT_3D('',#3640,#3641,#3642);
#3640 = CARTESIAN_POINT('',(38.5,2.5,0.));
#3641 = DIRECTION('',(1.,0.,0.));
#3642 = DIRECTION('',(0.,0.,1.));
#3643 = DEFINITIONAL_REPRESENTATION('',(#3644),#3648);
#3644 = LINE('',#3645,#3646);
#3645 = CARTESIAN_POINT('',(0.,0.));
#3646 = VECTOR('',#3647,1.);
#3647 = DIRECTION('',(1.,0.));
#3648 = ( GEOMETRIC_REPRESENTATION_CONTEXT(2) 
PARAMETRIC_REPRESENTATION_CONTEXT() REPRESENTATION_CONTEXT('2D SPACE',''
  ) );
#3649 = ORIENTED_EDGE('',*,*,#3650,.T.);
#3650 = EDGE_CURVE('',#3623,#3651,#3653,.T.);
#3651 = VERTEX_POINT('',#3652);
#3652 = CARTESIAN_POINT('',(41.5,2.5,20.));
#3653 = SURFACE_CURVE('',#3654,(#3658,#3665),.PCURVE_S1.);
#3654 = LINE('',#3655,#3656);
#3655 = CARTESIAN_POINT('',(-1.,2.5,20.));
#3656 = VECTOR('',#3657,1.);
#3657 = DIRECTION('',(1.,0.,0.));
#3658 = PCURVE('',#365,#3659);
#3659 = DEFINITIONAL_REPRESENTATION('',(#3660),#3664);
#3660 = LINE('',#3661,#3662);
#3661 = CARTESIAN_POINT('',(8.,0.));
#3662 = VECTOR('',#3663,1.);
#3663 = DIRECTION('',(0.,1.));
#3664 = ( GEOMETRIC_REPRESENTATION_CONTEXT(2) 
PARAMETRIC_REPRESENTATION_CONTEXT() REPRESENTATION_CONTEXT('2D SPACE',''
  ) );
#3665 = PCURVE('',#3666,#3671);
#3666 = PLANE('',#3667);
#3667 = AXIS2_PLACEMENT_3D('',#3668,#3669,#3670);
#3668 = CARTESIAN_POINT('',(-1.,2.5,20.));
#3669 = DIRECTION('',(0.,0.,1.));
#3670 = DIRECTION('',(1.,0.,0.));
#3671 = DEFINITIONAL_REPRESENTATION('',(#3672),#3676);
#3672 = LINE('',#3673,#3674);
#3673 = CARTESIAN_POINT('',(0.,0.));
#3674 = VECTOR('',#3675,1.);
#3675 = DIRECTION('',(1.,0.));
#3676 = ( GEOMETRIC_REPRESENTATION_CONTEXT(2) 
PARAMETRIC_REPRESENTATION_CONTEXT() REPRESENTATION_CONTEXT('2D SPACE',''
  ) );
#3677 = ORIENTED_EDGE('',*,*,#3678,.T.);
#3678 = EDGE_CURVE('',#3651,#3679,#3681,.T.);
#3679 = VERTEX_POINT('',#3680);
#3680 = CARTESIAN_POINT('',(41.5,2.5,204.6));
#3681 = SURFACE_CURVE('',#3682,(#3686,#3693),.PCURVE_S1.);
#3682 = LINE('',#3683,#3684);
#3683 = CARTESIAN_POINT('',(41.5,2.5,0.));
#3684 = VECTOR('',#3685,1.);
#3685 = DIRECTION('',(0.,0.,1.));
#3686 = PCURVE('',#365,#3687);
#3687 = DEFINITIONAL_REPRESENTATION('',(#3688),#3692);
#3688 = LINE('',#3689,#3690);
#3689 = CARTESIAN_POINT('',(-12.,42.5));
#3690 = VECTOR('',#3691,1.);
#3691 = DIRECTION('',(1.,0.));
#3692 = ( GEOMETRIC_REPRESENTATION_CONTEXT(2) 
PARAMETRIC_REPRESENTATION_CONTEXT() REPRESENTATION_CONTEXT('2D SPACE',''
  ) );
#3693 = PCURVE('',#3694,#3699);
#3694 = PLANE('',#3695);
#3695 = AXIS2_PLACEMENT_3D('',#3696,#3697,#3698);
#3696 = CARTESIAN_POINT('',(41.5,2.5,0.));
#3697 = DIRECTION('',(1.,0.,0.));
#3698 = DIRECTION('',(0.,0.,1.));
#3699 = DEFINITIONAL_REPRESENTATION('',(#3700),#3704);
#3700 = LINE('',#3701,#3702);
#3701 = CARTESIAN_POINT('',(0.,0.));
#3702 = VECTOR('',#3703,1.);
#3703 = DIRECTION('',(1.,0.));
#3704 = ( GEOMETRIC_REPRESENTATION_CONTEXT(2) 
PARAMETRIC_REPRESENTATION_CONTEXT() REPRESENTATION_CONTEXT('2D SPACE',''
  ) );
#3705 = ORIENTED_EDGE('',*,*,#3706,.T.);
#3706 = EDGE_CURVE('',#3679,#1076,#3707,.T.);
#3707 = SURFACE_CURVE('',#3708,(#3712,#3719),.PCURVE_S1.);
#3708 = LINE('',#3709,#3710);
#3709 = CARTESIAN_POINT('',(91.55,2.5,154.55));
#3710 = VECTOR('',#3711,1.);
#3711 = DIRECTION('',(-0.707106781187,0.,0.707106781187));
#3712 = PCURVE('',#365,#3713);
#3713 = DEFINITIONAL_REPRESENTATION('',(#3714),#3718);
#3714 = LINE('',#3715,#3716);
#3715 = CARTESIAN_POINT('',(142.55,92.55));
#3716 = VECTOR('',#3717,1.);
#3717 = DIRECTION('',(0.707106781187,-0.707106781187));
#3718 = ( GEOMETRIC_REPRESENTATION_CONTEXT(2) 
PARAMETRIC_REPRESENTATION_CONTEXT() REPRESENTATION_CONTEXT('2D SPACE',''
  ) );
#3719 = PCURVE('',#1114,#3720);
#3720 = DEFINITIONAL_REPRESENTATION('',(#3721),#3725);
#3721 = LINE('',#3722,#3723);
#3722 = CARTESIAN_POINT('',(0.,-71.77133829043));
#3723 = VECTOR('',#3724,1.);
#3724 = DIRECTION('',(0.,1.));
#3725 = ( GEOMETRIC_REPRESENTATION_CONTEXT(2) 
PARAMETRIC_REPRESENTATION_CONTEXT() REPRESENTATION_CONTEXT('2D SPACE',''
  ) );
#3726 = ORIENTED_EDGE('',*,*,#1075,.T.);
#3727 = ORIENTED_EDGE('',*,*,#3728,.F.);
#3728 = EDGE_CURVE('',#3729,#1048,#3731,.T.);
#3729 = VERTEX_POINT('',#3730);
#3730 = CARTESIAN_POINT('',(72.5,2.5,204.6));
#3731 = SURFACE_CURVE('',#3732,(#3736,#3743),.PCURVE_S1.);
#3732 = LINE('',#3733,#3734);
#3733 = CARTESIAN_POINT('',(21.7,2.5,153.8));
#3734 = VECTOR('',#3735,1.);
#3735 = DIRECTION('',(0.707106781187,-0.,0.707106781187));
#3736 = PCURVE('',#365,#3737);
#3737 = DEFINITIONAL_REPRESENTATION('',(#3738),#3742);
#3738 = LINE('',#3739,#3740);
#3739 = CARTESIAN_POINT('',(141.8,22.7));
#3740 = VECTOR('',#3741,1.);
#3741 = DIRECTION('',(0.707106781187,0.707106781187));
#3742 = ( GEOMETRIC_REPRESENTATION_CONTEXT(2) 
PARAMETRIC_REPRESENTATION_CONTEXT() REPRESENTATION_CONTEXT('2D SPACE',''
  ) );
#3743 = PCURVE('',#1063,#3744);
#3744 = DEFINITIONAL_REPRESENTATION('',(#3745),#3749);
#3745 = LINE('',#3746,#3747);
#3746 = CARTESIAN_POINT('',(0.,-72.83199846221));
#3747 = VECTOR('',#3748,1.);
#3748 = DIRECTION('',(0.,1.));
#3749 = ( GEOMETRIC_REPRESENTATION_CONTEXT(2) 
PARAMETRIC_REPRESENTATION_CONTEXT() REPRESENTATION_CONTEXT('2D SPACE',''
  ) );
#3750 = ORIENTED_EDGE('',*,*,#3751,.F.);
#3751 = EDGE_CURVE('',#3752,#3729,#3754,.T.);
#3752 = VERTEX_POINT('',#3753);
#3753 = CARTESIAN_POINT('',(72.5,2.5,20.));
#3754 = SURFACE_CURVE('',#3755,(#3759,#3766),.PCURVE_S1.);
#3755 = LINE('',#3756,#3757);
#3756 = CARTESIAN_POINT('',(72.5,2.5,0.));
#3757 = VECTOR('',#3758,1.);
#3758 = DIRECTION('',(0.,0.,1.));
#3759 = PCURVE('',#365,#3760);
#3760 = DEFINITIONAL_REPRESENTATION('',(#3761),#3765);
#3761 = LINE('',#3762,#3763);
#3762 = CARTESIAN_POINT('',(-12.,73.5));
#3763 = VECTOR('',#3764,1.);
#3764 = DIRECTION('',(1.,0.));
#3765 = ( GEOMETRIC_REPRESENTATION_CONTEXT(2) 
PARAMETRIC_REPRESENTATION_CONTEXT() REPRESENTATION_CONTEXT('2D SPACE',''
  ) );
#3766 = PCURVE('',#3767,#3772);
#3767 = PLANE('',#3768);
#3768 = AXIS2_PLACEMENT_3D('',#3769,#3770,#3771);
#3769 = CARTESIAN_POINT('',(72.5,2.5,0.));
#3770 = DIRECTION('',(1.,0.,0.));
#3771 = DIRECTION('',(0.,0.,1.));
#3772 = DEFINITIONAL_REPRESENTATION('',(#3773),#3777);
#3773 = LINE('',#3774,#3775);
#3774 = CARTESIAN_POINT('',(0.,0.));
#3775 = VECTOR('',#3776,1.);
#3776 = DIRECTION('',(1.,0.));
#3777 = ( GEOMETRIC_REPRESENTATION_CONTEXT(2) 
PARAMETRIC_REPRESENTATION_CONTEXT() REPRESENTATION_CONTEXT('2D SPACE',''
  ) );
#3778 = ORIENTED_EDGE('',*,*,#3779,.T.);
#3779 = EDGE_CURVE('',#3752,#3780,#3782,.T.);
#3780 = VERTEX_POINT('',#3781);
#3781 = CARTESIAN_POINT('',(75.5,2.5,20.));
#3782 = SURFACE_CURVE('',#3783,(#3787,#3794),.PCURVE_S1.);
#3783 = LINE('',#3784,#3785);
#3784 = CARTESIAN_POINT('',(-1.,2.5,20.));
#3785 = VECTOR('',#3786,1.);
#3786 = DIRECTION('',(1.,0.,0.));
#3787 = PCURVE('',#365,#3788);
#3788 = DEFINITIONAL_REPRESENTATION('',(#3789),#3793);
#3789 = LINE('',#3790,#3791);
#3790 = CARTESIAN_POINT('',(8.,0.));
#3791 = VECTOR('',#3792,1.);
#3792 = DIRECTION('',(0.,1.));
#3793 = ( GEOMETRIC_REPRESENTATION_CONTEXT(2) 
PARAMETRIC_REPRESENTATION_CONTEXT() REPRESENTATION_CONTEXT('2D SPACE',''
  ) );
#3794 = PCURVE('',#3795,#3800);
#3795 = PLANE('',#3796);
#3796 = AXIS2_PLACEMENT_3D('',#3797,#3798,#3799);
#3797 = CARTESIAN_POINT('',(-1.,2.5,20.));
#3798 = DIRECTION('',(0.,0.,1.));
#3799 = DIRECTION('',(1.,0.,0.));
#3800 = DEFINITIONAL_REPRESENTATION('',(#3801),#3805);
#3801 = LINE('',#3802,#3803);
#3802 = CARTESIAN_POINT('',(0.,0.));
#3803 = VECTOR('',#3804,1.);
#3804 = DIRECTION('',(1.,0.));
#3805 = ( GEOMETRIC_REPRESENTATION_CONTEXT(2) 
PARAMETRIC_REPRESENTATION_CONTEXT() REPRESENTATION_CONTEXT('2D SPACE',''
  ) );
#3806 = ORIENTED_EDGE('',*,*,#3807,.T.);
#3807 = EDGE_CURVE('',#3780,#3808,#3810,.T.);
#3808 = VERTEX_POINT('',#3809);
#3809 = CARTESIAN_POINT('',(75.5,2.5,204.6));
#3810 = SURFACE_CURVE('',#3811,(#3815,#3822),.PCURVE_S1.);
#3811 = LINE('',#3812,#3813);
#3812 = CARTESIAN_POINT('',(75.5,2.5,0.));
#3813 = VECTOR('',#3814,1.);
#3814 = DIRECTION('',(0.,0.,1.));
#3815 = PCURVE('',#365,#3816);
#3816 = DEFINITIONAL_REPRESENTATION('',(#3817),#3821);
#3817 = LINE('',#3818,#3819);
#3818 = CARTESIAN_POINT('',(-12.,76.5));
#3819 = VECTOR('',#3820,1.);
#3820 = DIRECTION('',(1.,0.));
#3821 = ( GEOMETRIC_REPRESENTATION_CONTEXT(2) 
PARAMETRIC_REPRESENTATION_CONTEXT() REPRESENTATION_CONTEXT('2D SPACE',''
  ) );
#3822 = PCURVE('',#3823,#3828);
#3823 = PLANE('',#3824);
#3824 = AXIS2_PLACEMENT_3D('',#3825,#3826,#3827);
#3825 = CARTESIAN_POINT('',(75.5,2.5,0.));
#3826 = DIRECTION('',(1.,0.,0.));
#3827 = DIRECTION('',(0.,0.,1.));
#3828 = DEFINITIONAL_REPRESENTATION('',(#3829),#3833);
#3829 = LINE('',#3830,#3831);
#3830 = CARTESIAN_POINT('',(0.,0.));
#3831 = VECTOR('',#3832,1.);
#3832 = DIRECTION('',(1.,0.));
#3833 = ( GEOMETRIC_REPRESENTATION_CONTEXT(2) 
PARAMETRIC_REPRESENTATION_CONTEXT() REPRESENTATION_CONTEXT('2D SPACE',''
  ) );
#3834 = ORIENTED_EDGE('',*,*,#3835,.T.);
#3835 = EDGE_CURVE('',#3808,#969,#3836,.T.);
#3836 = SURFACE_CURVE('',#3837,(#3841,#3848),.PCURVE_S1.);
#3837 = LINE('',#3838,#3839);
#3838 = CARTESIAN_POINT('',(125.55,2.5,154.55));
#3839 = VECTOR('',#3840,1.);
#3840 = DIRECTION('',(-0.707106781187,0.,0.707106781187));
#3841 = PCURVE('',#365,#3842);
#3842 = DEFINITIONAL_REPRESENTATION('',(#3843),#3847);
#3843 = LINE('',#3844,#3845);
#3844 = CARTESIAN_POINT('',(142.55,126.55));
#3845 = VECTOR('',#3846,1.);
#3846 = DIRECTION('',(0.707106781187,-0.707106781187));
#3847 = ( GEOMETRIC_REPRESENTATION_CONTEXT(2) 
PARAMETRIC_REPRESENTATION_CONTEXT() REPRESENTATION_CONTEXT('2D SPACE',''
  ) );
#3848 = PCURVE('',#1007,#3849);
#3849 = DEFINITIONAL_REPRESENTATION('',(#3850),#3854);
#3850 = LINE('',#3851,#3852);
#3851 = CARTESIAN_POINT('',(0.,-71.77133829043));
#3852 = VECTOR('',#3853,1.);
#3853 = DIRECTION('',(0.,1.));
#3854 = ( GEOMETRIC_REPRESENTATION_CONTEXT(2) 
PARAMETRIC_REPRESENTATION_CONTEXT() REPRESENTATION_CONTEXT('2D SPACE',''
  ) );
#3855 = ORIENTED_EDGE('',*,*,#968,.T.);
#3856 = ORIENTED_EDGE('',*,*,#3857,.F.);
#3857 = EDGE_CURVE('',#3858,#941,#3860,.T.);
#3858 = VERTEX_POINT('',#3859);
#3859 = CARTESIAN_POINT('',(106.5,2.5,204.6));
#3860 = SURFACE_CURVE('',#3861,(#3865,#3872),.PCURVE_S1.);
#3861 = LINE('',#3862,#3863);
#3862 = CARTESIAN_POINT('',(55.7,2.5,153.8));
#3863 = VECTOR('',#3864,1.);
#3864 = DIRECTION('',(0.707106781187,-0.,0.707106781187));
#3865 = PCURVE('',#365,#3866);
#3866 = DEFINITIONAL_REPRESENTATION('',(#3867),#3871);
#3867 = LINE('',#3868,#3869);
#3868 = CARTESIAN_POINT('',(141.8,56.7));
#3869 = VECTOR('',#3870,1.);
#3870 = DIRECTION('',(0.707106781187,0.707106781187));
#3871 = ( GEOMETRIC_REPRESENTATION_CONTEXT(2) 
PARAMETRIC_REPRESENTATION_CONTEXT() REPRESENTATION_CONTEXT('2D SPACE',''
  ) );
#3872 = PCURVE('',#956,#3873);
#3873 = DEFINITIONAL_REPRESENTATION('',(#3874),#3878);
#3874 = LINE('',#3875,#3876);
#3875 = CARTESIAN_POINT('',(0.,-72.83199846221));
#3876 = VECTOR('',#3877,1.);
#3877 = DIRECTION('',(0.,1.));
#3878 = ( GEOMETRIC_REPRESENTATION_CONTEXT(2) 
PARAMETRIC_REPRESENTATION_CONTEXT() REPRESENTATION_CONTEXT('2D SPACE',''
  ) );
#3879 = ORIENTED_EDGE('',*,*,#3880,.F.);
#3880 = EDGE_CURVE('',#3881,#3858,#3883,.T.);
#3881 = VERTEX_POINT('',#3882);
#3882 = CARTESIAN_POINT('',(106.5,2.5,20.));
#3883 = SURFACE_CURVE('',#3884,(#3888,#3895),.PCURVE_S1.);
#3884 = LINE('',#3885,#3886);
#3885 = CARTESIAN_POINT('',(106.5,2.5,0.));
#3886 = VECTOR('',#3887,1.);
#3887 = DIRECTION('',(0.,0.,1.));
#3888 = PCURVE('',#365,#3889);
#3889 = DEFINITIONAL_REPRESENTATION('',(#3890),#3894);
#3890 = LINE('',#3891,#3892);
#3891 = CARTESIAN_POINT('',(-12.,107.5));
#3892 = VECTOR('',#3893,1.);
#3893 = DIRECTION('',(1.,0.));
#3894 = ( GEOMETRIC_REPRESENTATION_CONTEXT(2) 
PARAMETRIC_REPRESENTATION_CONTEXT() REPRESENTATION_CONTEXT('2D SPACE',''
  ) );
#3895 = PCURVE('',#3896,#3901);
#3896 = PLANE('',#3897);
#3897 = AXIS2_PLACEMENT_3D('',#3898,#3899,#3900);
#3898 = CARTESIAN_POINT('',(106.5,2.5,0.));
#3899 = DIRECTION('',(1.,0.,0.));
#3900 = DIRECTION('',(0.,0.,1.));
#3901 = DEFINITIONAL_REPRESENTATION('',(#3902),#3906);
#3902 = LINE('',#3903,#3904);
#3903 = CARTESIAN_POINT('',(0.,0.));
#3904 = VECTOR('',#3905,1.);
#3905 = DIRECTION('',(1.,0.));
#3906 = ( GEOMETRIC_REPRESENTATION_CONTEXT(2) 
PARAMETRIC_REPRESENTATION_CONTEXT() REPRESENTATION_CONTEXT('2D SPACE',''
  ) );
#3907 = ORIENTED_EDGE('',*,*,#3908,.T.);
#3908 = EDGE_CURVE('',#3881,#3909,#3911,.T.);
#3909 = VERTEX_POINT('',#3910);
#3910 = CARTESIAN_POINT('',(109.5,2.5,20.));
#3911 = SURFACE_CURVE('',#3912,(#3916,#3923),.PCURVE_S1.);
#3912 = LINE('',#3913,#3914);
#3913 = CARTESIAN_POINT('',(-1.,2.5,20.));
#3914 = VECTOR('',#3915,1.);
#3915 = DIRECTION('',(1.,0.,0.));
#3916 = PCURVE('',#365,#3917);
#3917 = DEFINITIONAL_REPRESENTATION('',(#3918),#3922);
#3918 = LINE('',#3919,#3920);
#3919 = CARTESIAN_POINT('',(8.,0.));
#3920 = VECTOR('',#3921,1.);
#3921 = DIRECTION('',(0.,1.));
#3922 = ( GEOMETRIC_REPRESENTATION_CONTEXT(2) 
PARAMETRIC_REPRESENTATION_CONTEXT() REPRESENTATION_CONTEXT('2D SPACE',''
  ) );
#3923 = PCURVE('',#3924,#3929);
#3924 = PLANE('',#3925);
#3925 = AXIS2_PLACEMENT_3D('',#3926,#3927,#3928);
#3926 = CARTESIAN_POINT('',(-1.,2.5,20.));
#3927 = DIRECTION('',(0.,0.,1.));
#3928 = DIRECTION('',(1.,0.,0.));
#3929 = DEFINITIONAL_REPRESENTATION('',(#3930),#3934);
#3930 = LINE('',#3931,#3932);
#3931 = CARTESIAN_POINT('',(0.,0.));
#3932 = VECTOR('',#3933,1.);
#3933 = DIRECTION('',(1.,0.));
#3934 = ( GEOMETRIC_REPRESENTATION_CONTEXT(2) 
PARAMETRIC_REPRESENTATION_CONTEXT() REPRESENTATION_CONTEXT('2D SPACE',''
  ) );
#3935 = ORIENTED_EDGE('',*,*,#3936,.T.);
#3936 = EDGE_CURVE('',#3909,#3937,#3939,.T.);
#3937 = VERTEX_POINT('',#3938);
#3938 = CARTESIAN_POINT('',(109.5,2.5,204.6));
#3939 = SURFACE_CURVE('',#3940,(#3944,#3951),.PCURVE_S1.);
#3940 = LINE('',#3941,#3942);
#3941 = CARTESIAN_POINT('',(109.5,2.5,0.));
#3942 = VECTOR('',#3943,1.);
#3943 = DIRECTION('',(0.,0.,1.));
#3944 = PCURVE('',#365,#3945);
#3945 = DEFINITIONAL_REPRESENTATION('',(#3946),#3950);
#3946 = LINE('',#3947,#3948);
#3947 = CARTESIAN_POINT('',(-12.,110.5));
#3948 = VECTOR('',#3949,1.);
#3949 = DIRECTION('',(1.,0.));
#3950 = ( GEOMETRIC_REPRESENTATION_CONTEXT(2) 
PARAMETRIC_REPRESENTATION_CONTEXT() REPRESENTATION_CONTEXT('2D SPACE',''
  ) );
#3951 = PCURVE('',#3952,#3957);
#3952 = PLANE('',#3953);
#3953 = AXIS2_PLACEMENT_3D('',#3954,#3955,#3956);
#3954 = CARTESIAN_POINT('',(109.5,2.5,0.));
#3955 = DIRECTION('',(1.,0.,0.));
#3956 = DIRECTION('',(0.,0.,1.));
#3957 = DEFINITIONAL_REPRESENTATION('',(#3958),#3962);
#3958 = LINE('',#3959,#3960);
#3959 = CARTESIAN_POINT('',(0.,0.));
#3960 = VECTOR('',#3961,1.);
#3961 = DIRECTION('',(1.,0.));
#3962 = ( GEOMETRIC_REPRESENTATION_CONTEXT(2) 
PARAMETRIC_REPRESENTATION_CONTEXT() REPRESENTATION_CONTEXT('2D SPACE',''
  ) );
#3963 = ORIENTED_EDGE('',*,*,#3964,.T.);
#3964 = EDGE_CURVE('',#3937,#862,#3965,.T.);
#3965 = SURFACE_CURVE('',#3966,(#3970,#3977),.PCURVE_S1.);
#3966 = LINE('',#3967,#3968);
#3967 = CARTESIAN_POINT('',(159.55,2.5,154.55));
#3968 = VECTOR('',#3969,1.);
#3969 = DIRECTION('',(-0.707106781187,0.,0.707106781187));
#3970 = PCURVE('',#365,#3971);
#3971 = DEFINITIONAL_REPRESENTATION('',(#3972),#3976);
#3972 = LINE('',#3973,#3974);
#3973 = CARTESIAN_POINT('',(142.55,160.55));
#3974 = VECTOR('',#3975,1.);
#3975 = DIRECTION('',(0.707106781187,-0.707106781187));
#3976 = ( GEOMETRIC_REPRESENTATION_CONTEXT(2) 
PARAMETRIC_REPRESENTATION_CONTEXT() REPRESENTATION_CONTEXT('2D SPACE',''
  ) );
#3977 = PCURVE('',#900,#3978);
#3978 = DEFINITIONAL_REPRESENTATION('',(#3979),#3983);
#3979 = LINE('',#3980,#3981);
#3980 = CARTESIAN_POINT('',(0.,-71.77133829043));
#3981 = VECTOR('',#3982,1.);
#3982 = DIRECTION('',(0.,1.));
#3983 = ( GEOMETRIC_REPRESENTATION_CONTEXT(2) 
PARAMETRIC_REPRESENTATION_CONTEXT() REPRESENTATION_CONTEXT('2D SPACE',''
  ) );
#3984 = ORIENTED_EDGE('',*,*,#861,.T.);
#3985 = ORIENTED_EDGE('',*,*,#3986,.F.);
#3986 = EDGE_CURVE('',#3987,#834,#3989,.T.);
#3987 = VERTEX_POINT('',#3988);
#3988 = CARTESIAN_POINT('',(140.5,2.5,204.6));
#3989 = SURFACE_CURVE('',#3990,(#3994,#4001),.PCURVE_S1.);
#3990 = LINE('',#3991,#3992);
#3991 = CARTESIAN_POINT('',(89.7,2.5,153.8));
#3992 = VECTOR('',#3993,1.);
#3993 = DIRECTION('',(0.707106781187,-0.,0.707106781187));
#3994 = PCURVE('',#365,#3995);
#3995 = DEFINITIONAL_REPRESENTATION('',(#3996),#4000);
#3996 = LINE('',#3997,#3998);
#3997 = CARTESIAN_POINT('',(141.8,90.7));
#3998 = VECTOR('',#3999,1.);
#3999 = DIRECTION('',(0.707106781187,0.707106781187));
#4000 = ( GEOMETRIC_REPRESENTATION_CONTEXT(2) 
PARAMETRIC_REPRESENTATION_CONTEXT() REPRESENTATION_CONTEXT('2D SPACE',''
  ) );
#4001 = PCURVE('',#849,#4002);
#4002 = DEFINITIONAL_REPRESENTATION('',(#4003),#4007);
#4003 = LINE('',#4004,#4005);
#4004 = CARTESIAN_POINT('',(0.,-72.83199846221));
#4005 = VECTOR('',#4006,1.);
#4006 = DIRECTION('',(0.,1.));
#4007 = ( GEOMETRIC_REPRESENTATION_CONTEXT(2) 
PARAMETRIC_REPRESENTATION_CONTEXT() REPRESENTATION_CONTEXT('2D SPACE',''
  ) );
#4008 = ORIENTED_EDGE('',*,*,#4009,.F.);
#4009 = EDGE_CURVE('',#4010,#3987,#4012,.T.);
#4010 = VERTEX_POINT('',#4011);
#4011 = CARTESIAN_POINT('',(140.5,2.5,20.));
#4012 = SURFACE_CURVE('',#4013,(#4017,#4024),.PCURVE_S1.);
#4013 = LINE('',#4014,#4015);
#4014 = CARTESIAN_POINT('',(140.5,2.5,0.));
#4015 = VECTOR('',#4016,1.);
#4016 = DIRECTION('',(0.,0.,1.));
#4017 = PCURVE('',#365,#4018);
#4018 = DEFINITIONAL_REPRESENTATION('',(#4019),#4023);
#4019 = LINE('',#4020,#4021);
#4020 = CARTESIAN_POINT('',(-12.,141.5));
#4021 = VECTOR('',#4022,1.);
#4022 = DIRECTION('',(1.,0.));
#4023 = ( GEOMETRIC_REPRESENTATION_CONTEXT(2) 
PARAMETRIC_REPRESENTATION_CONTEXT() REPRESENTATION_CONTEXT('2D SPACE',''
  ) );
#4024 = PCURVE('',#4025,#4030);
#4025 = PLANE('',#4026);
#4026 = AXIS2_PLACEMENT_3D('',#4027,#4028,#4029);
#4027 = CARTESIAN_POINT('',(140.5,2.5,0.));
#4028 = DIRECTION('',(1.,0.,0.));
#4029 = DIRECTION('',(0.,0.,1.));
#4030 = DEFINITIONAL_REPRESENTATION('',(#4031),#4035);
#4031 = LINE('',#4032,#4033);
#4032 = CARTESIAN_POINT('',(0.,0.));
#4033 = VECTOR('',#4034,1.);
#4034 = DIRECTION('',(1.,0.));
#4035 = ( GEOMETRIC_REPRESENTATION_CONTEXT(2) 
PARAMETRIC_REPRESENTATION_CONTEXT() REPRESENTATION_CONTEXT('2D SPACE',''
  ) );
#4036 = ORIENTED_EDGE('',*,*,#4037,.T.);
#4037 = EDGE_CURVE('',#4010,#4038,#4040,.T.);
#4038 = VERTEX_POINT('',#4039);
#4039 = CARTESIAN_POINT('',(143.5,2.5,20.));
#4040 = SURFACE_CURVE('',#4041,(#4045,#4052),.PCURVE_S1.);
#4041 = LINE('',#4042,#4043);
#4042 = CARTESIAN_POINT('',(-1.,2.5,20.));
#4043 = VECTOR('',#4044,1.);
#4044 = DIRECTION('',(1.,0.,0.));
#4045 = PCURVE('',#365,#4046);
#4046 = DEFINITIONAL_REPRESENTATION('',(#4047),#4051);
#4047 = LINE('',#4048,#4049);
#4048 = CARTESIAN_POINT('',(8.,0.));
#4049 = VECTOR('',#4050,1.);
#4050 = DIRECTION('',(0.,1.));
#4051 = ( GEOMETRIC_REPRESENTATION_CONTEXT(2) 
PARAMETRIC_REPRESENTATION_CONTEXT() REPRESENTATION_CONTEXT('2D SPACE',''
  ) );
#4052 = PCURVE('',#4053,#4058);
#4053 = PLANE('',#4054);
#4054 = AXIS2_PLACEMENT_3D('',#4055,#4056,#4057);
#4055 = CARTESIAN_POINT('',(-1.,2.5,20.));
#4056 = DIRECTION('',(0.,0.,1.));
#4057 = DIRECTION('',(1.,0.,0.));
#4058 = DEFINITIONAL_REPRESENTATION('',(#4059),#4063);
#4059 = LINE('',#4060,#4061);
#4060 = CARTESIAN_POINT('',(0.,0.));
#4061 = VECTOR('',#4062,1.);
#4062 = DIRECTION('',(1.,0.));
#4063 = ( GEOMETRIC_REPRESENTATION_CONTEXT(2) 
PARAMETRIC_REPRESENTATION_CONTEXT() REPRESENTATION_CONTEXT('2D SPACE',''
  ) );
#4064 = ORIENTED_EDGE('',*,*,#4065,.T.);
#4065 = EDGE_CURVE('',#4038,#4066,#4068,.T.);
#4066 = VERTEX_POINT('',#4067);
#4067 = CARTESIAN_POINT('',(143.5,2.5,204.6));
#4068 = SURFACE_CURVE('',#4069,(#4073,#4080),.PCURVE_S1.);
#4069 = LINE('',#4070,#4071);
#4070 = CARTESIAN_POINT('',(143.5,2.5,0.));
#4071 = VECTOR('',#4072,1.);
#4072 = DIRECTION('',(0.,0.,1.));
#4073 = PCURVE('',#365,#4074);
#4074 = DEFINITIONAL_REPRESENTATION('',(#4075),#4079);
#4075 = LINE('',#4076,#4077);
#4076 = CARTESIAN_POINT('',(-12.,144.5));
#4077 = VECTOR('',#4078,1.);
#4078 = DIRECTION('',(1.,0.));
#4079 = ( GEOMETRIC_REPRESENTATION_CONTEXT(2) 
PARAMETRIC_REPRESENTATION_CONTEXT() REPRESENTATION_CONTEXT('2D SPACE',''
  ) );
#4080 = PCURVE('',#4081,#4086);
#4081 = PLANE('',#4082);
#4082 = AXIS2_PLACEMENT_3D('',#4083,#4084,#4085);
#4083 = CARTESIAN_POINT('',(143.5,2.5,0.));
#4084 = DIRECTION('',(1.,0.,0.));
#4085 = DIRECTION('',(0.,0.,1.));
#4086 = DEFINITIONAL_REPRESENTATION('',(#4087),#4091);
#4087 = LINE('',#4088,#4089);
#4088 = CARTESIAN_POINT('',(0.,0.));
#4089 = VECTOR('',#4090,1.);
#4090 = DIRECTION('',(1.,0.));
#4091 = ( GEOMETRIC_REPRESENTATION_CONTEXT(2) 
PARAMETRIC_REPRESENTATION_CONTEXT() REPRESENTATION_CONTEXT('2D SPACE',''
  ) );
#4092 = ORIENTED_EDGE('',*,*,#4093,.T.);
#4093 = EDGE_CURVE('',#4066,#755,#4094,.T.);
#4094 = SURFACE_CURVE('',#4095,(#4099,#4106),.PCURVE_S1.);
#4095 = LINE('',#4096,#4097);
#4096 = CARTESIAN_POINT('',(193.55,2.5,154.55));
#4097 = VECTOR('',#4098,1.);
#4098 = DIRECTION('',(-0.707106781187,0.,0.707106781187));
#4099 = PCURVE('',#365,#4100);
#4100 = DEFINITIONAL_REPRESENTATION('',(#4101),#4105);
#4101 = LINE('',#4102,#4103);
#4102 = CARTESIAN_POINT('',(142.55,194.55));
#4103 = VECTOR('',#4104,1.);
#4104 = DIRECTION('',(0.707106781187,-0.707106781187));
#4105 = ( GEOMETRIC_REPRESENTATION_CONTEXT(2) 
PARAMETRIC_REPRESENTATION_CONTEXT() REPRESENTATION_CONTEXT('2D SPACE',''
  ) );
#4106 = PCURVE('',#793,#4107);
#4107 = DEFINITIONAL_REPRESENTATION('',(#4108),#4112);
#4108 = LINE('',#4109,#4110);
#4109 = CARTESIAN_POINT('',(0.,-71.77133829043));
#4110 = VECTOR('',#4111,1.);
#4111 = DIRECTION('',(0.,1.));
#4112 = ( GEOMETRIC_REPRESENTATION_CONTEXT(2) 
PARAMETRIC_REPRESENTATION_CONTEXT() REPRESENTATION_CONTEXT('2D SPACE',''
  ) );
#4113 = ORIENTED_EDGE('',*,*,#754,.T.);
#4114 = ORIENTED_EDGE('',*,*,#4115,.F.);
#4115 = EDGE_CURVE('',#4116,#727,#4118,.T.);
#4116 = VERTEX_POINT('',#4117);
#4117 = CARTESIAN_POINT('',(174.5,2.5,204.6));
#4118 = SURFACE_CURVE('',#4119,(#4123,#4130),.PCURVE_S1.);
#4119 = LINE('',#4120,#4121);
#4120 = CARTESIAN_POINT('',(123.7,2.5,153.8));
#4121 = VECTOR('',#4122,1.);
#4122 = DIRECTION('',(0.707106781187,-0.,0.707106781187));
#4123 = PCURVE('',#365,#4124);
#4124 = DEFINITIONAL_REPRESENTATION('',(#4125),#4129);
#4125 = LINE('',#4126,#4127);
#4126 = CARTESIAN_POINT('',(141.8,124.7));
#4127 = VECTOR('',#4128,1.);
#4128 = DIRECTION('',(0.707106781187,0.707106781187));
#4129 = ( GEOMETRIC_REPRESENTATION_CONTEXT(2) 
PARAMETRIC_REPRESENTATION_CONTEXT() REPRESENTATION_CONTEXT('2D SPACE',''
  ) );
#4130 = PCURVE('',#742,#4131);
#4131 = DEFINITIONAL_REPRESENTATION('',(#4132),#4136);
#4132 = LINE('',#4133,#4134);
#4133 = CARTESIAN_POINT('',(0.,-72.83199846221));
#4134 = VECTOR('',#4135,1.);
#4135 = DIRECTION('',(0.,1.));
#4136 = ( GEOMETRIC_REPRESENTATION_CONTEXT(2) 
PARAMETRIC_REPRESENTATION_CONTEXT() REPRESENTATION_CONTEXT('2D SPACE',''
  ) );
#4137 = ORIENTED_EDGE('',*,*,#4138,.F.);
#4138 = EDGE_CURVE('',#4139,#4116,#4141,.T.);
#4139 = VERTEX_POINT('',#4140);
#4140 = CARTESIAN_POINT('',(174.5,2.5,20.));
#4141 = SURFACE_CURVE('',#4142,(#4146,#4153),.PCURVE_S1.);
#4142 = LINE('',#4143,#4144);
#4143 = CARTESIAN_POINT('',(174.5,2.5,0.));
#4144 = VECTOR('',#4145,1.);
#4145 = DIRECTION('',(0.,0.,1.));
#4146 = PCURVE('',#365,#4147);
#4147 = DEFINITIONAL_REPRESENTATION('',(#4148),#4152);
#4148 = LINE('',#4149,#4150);
#4149 = CARTESIAN_POINT('',(-12.,175.5));
#4150 = VECTOR('',#4151,1.);
#4151 = DIRECTION('',(1.,0.));
#4152 = ( GEOMETRIC_REPRESENTATION_CONTEXT(2) 
PARAMETRIC_REPRESENTATION_CONTEXT() REPRESENTATION_CONTEXT('2D SPACE',''
  ) );
#4153 = PCURVE('',#4154,#4159);
#4154 = PLANE('',#4155);
#4155 = AXIS2_PLACEMENT_3D('',#4156,#4157,#4158);
#4156 = CARTESIAN_POINT('',(174.5,2.5,0.));
#4157 = DIRECTION('',(1.,0.,0.));
#4158 = DIRECTION('',(0.,0.,1.));
#4159 = DEFINITIONAL_REPRESENTATION('',(#4160),#4164);
#4160 = LINE('',#4161,#4162);
#4161 = CARTESIAN_POINT('',(0.,0.));
#4162 = VECTOR('',#4163,1.);
#4163 = DIRECTION('',(1.,0.));
#4164 = ( GEOMETRIC_REPRESENTATION_CONTEXT(2) 
PARAMETRIC_REPRESENTATION_CONTEXT() REPRESENTATION_CONTEXT('2D SPACE',''
  ) );
#4165 = ORIENTED_EDGE('',*,*,#4166,.T.);
#4166 = EDGE_CURVE('',#4139,#4167,#4169,.T.);
#4167 = VERTEX_POINT('',#4168);
#4168 = CARTESIAN_POINT('',(177.5,2.5,20.));
#4169 = SURFACE_CURVE('',#4170,(#4174,#4181),.PCURVE_S1.);
#4170 = LINE('',#4171,#4172);
#4171 = CARTESIAN_POINT('',(-1.,2.5,20.));
#4172 = VECTOR('',#4173,1.);
#4173 = DIRECTION('',(1.,0.,0.));
#4174 = PCURVE('',#365,#4175);
#4175 = DEFINITIONAL_REPRESENTATION('',(#4176),#4180);
#4176 = LINE('',#4177,#4178);
#4177 = CARTESIAN_POINT('',(8.,0.));
#4178 = VECTOR('',#4179,1.);
#4179 = DIRECTION('',(0.,1.));
#4180 = ( GEOMETRIC_REPRESENTATION_CONTEXT(2) 
PARAMETRIC_REPRESENTATION_CONTEXT() REPRESENTATION_CONTEXT('2D SPACE',''
  ) );
#4181 = PCURVE('',#4182,#4187);
#4182 = PLANE('',#4183);
#4183 = AXIS2_PLACEMENT_3D('',#4184,#4185,#4186);
#4184 = CARTESIAN_POINT('',(-1.,2.5,20.));
#4185 = DIRECTION('',(0.,0.,1.));
#4186 = DIRECTION('',(1.,0.,0.));
#4187 = DEFINITIONAL_REPRESENTATION('',(#4188),#4192);
#4188 = LINE('',#4189,#4190);
#4189 = CARTESIAN_POINT('',(0.,0.));
#4190 = VECTOR('',#4191,1.);
#4191 = DIRECTION('',(1.,0.));
#4192 = ( GEOMETRIC_REPRESENTATION_CONTEXT(2) 
PARAMETRIC_REPRESENTATION_CONTEXT() REPRESENTATION_CONTEXT('2D SPACE',''
  ) );
#4193 = ORIENTED_EDGE('',*,*,#4194,.T.);
#4194 = EDGE_CURVE('',#4167,#4195,#4197,.T.);
#4195 = VERTEX_POINT('',#4196);
#4196 = CARTESIAN_POINT('',(177.5,2.5,204.6));
#4197 = SURFACE_CURVE('',#4198,(#4202,#4209),.PCURVE_S1.);
#4198 = LINE('',#4199,#4200);
#4199 = CARTESIAN_POINT('',(177.5,2.5,0.));
#4200 = VECTOR('',#4201,1.);
#4201 = DIRECTION('',(0.,0.,1.));
#4202 = PCURVE('',#365,#4203);
#4203 = DEFINITIONAL_REPRESENTATION('',(#4204),#4208);
#4204 = LINE('',#4205,#4206);
#4205 = CARTESIAN_POINT('',(-12.,178.5));
#4206 = VECTOR('',#4207,1.);
#4207 = DIRECTION('',(1.,0.));
#4208 = ( GEOMETRIC_REPRESENTATION_CONTEXT(2) 
PARAMETRIC_REPRESENTATION_CONTEXT() REPRESENTATION_CONTEXT('2D SPACE',''
  ) );
#4209 = PCURVE('',#4210,#4215);
#4210 = PLANE('',#4211);
#4211 = AXIS2_PLACEMENT_3D('',#4212,#4213,#4214);
#4212 = CARTESIAN_POINT('',(177.5,2.5,0.));
#4213 = DIRECTION('',(1.,0.,0.));
#4214 = DIRECTION('',(0.,0.,1.));
#4215 = DEFINITIONAL_REPRESENTATION('',(#4216),#4220);
#4216 = LINE('',#4217,#4218);
#4217 = CARTESIAN_POINT('',(0.,0.));
#4218 = VECTOR('',#4219,1.);
#4219 = DIRECTION('',(1.,0.));
#4220 = ( GEOMETRIC_REPRESENTATION_CONTEXT(2) 
PARAMETRIC_REPRESENTATION_CONTEXT() REPRESENTATION_CONTEXT('2D SPACE',''
  ) );
#4221 = ORIENTED_EDGE('',*,*,#4222,.T.);
#4222 = EDGE_CURVE('',#4195,#648,#4223,.T.);
#4223 = SURFACE_CURVE('',#4224,(#4228,#4235),.PCURVE_S1.);
#4224 = LINE('',#4225,#4226);
#4225 = CARTESIAN_POINT('',(227.55,2.5,154.55));
#4226 = VECTOR('',#4227,1.);
#4227 = DIRECTION('',(-0.707106781187,0.,0.707106781187));
#4228 = PCURVE('',#365,#4229);
#4229 = DEFINITIONAL_REPRESENTATION('',(#4230),#4234);
#4230 = LINE('',#4231,#4232);
#4231 = CARTESIAN_POINT('',(142.55,228.55));
#4232 = VECTOR('',#4233,1.);
#4233 = DIRECTION('',(0.707106781187,-0.707106781187));
#4234 = ( GEOMETRIC_REPRESENTATION_CONTEXT(2) 
PARAMETRIC_REPRESENTATION_CONTEXT() REPRESENTATION_CONTEXT('2D SPACE',''
  ) );
#4235 = PCURVE('',#686,#4236);
#4236 = DEFINITIONAL_REPRESENTATION('',(#4237),#4241);
#4237 = LINE('',#4238,#4239);
#4238 = CARTESIAN_POINT('',(0.,-71.77133829043));
#4239 = VECTOR('',#4240,1.);
#4240 = DIRECTION('',(0.,1.));
#4241 = ( GEOMETRIC_REPRESENTATION_CONTEXT(2) 
PARAMETRIC_REPRESENTATION_CONTEXT() REPRESENTATION_CONTEXT('2D SPACE',''
  ) );
#4242 = ORIENTED_EDGE('',*,*,#647,.T.);
#4243 = ORIENTED_EDGE('',*,*,#4244,.F.);
#4244 = EDGE_CURVE('',#4245,#620,#4247,.T.);
#4245 = VERTEX_POINT('',#4246);
#4246 = CARTESIAN_POINT('',(208.5,2.5,204.6));
#4247 = SURFACE_CURVE('',#4248,(#4252,#4259),.PCURVE_S1.);
#4248 = LINE('',#4249,#4250);
#4249 = CARTESIAN_POINT('',(157.7,2.5,153.8));
#4250 = VECTOR('',#4251,1.);
#4251 = DIRECTION('',(0.707106781187,-0.,0.707106781187));
#4252 = PCURVE('',#365,#4253);
#4253 = DEFINITIONAL_REPRESENTATION('',(#4254),#4258);
#4254 = LINE('',#4255,#4256);
#4255 = CARTESIAN_POINT('',(141.8,158.7));
#4256 = VECTOR('',#4257,1.);
#4257 = DIRECTION('',(0.707106781187,0.707106781187));
#4258 = ( GEOMETRIC_REPRESENTATION_CONTEXT(2) 
PARAMETRIC_REPRESENTATION_CONTEXT() REPRESENTATION_CONTEXT('2D SPACE',''
  ) );
#4259 = PCURVE('',#635,#4260);
#4260 = DEFINITIONAL_REPRESENTATION('',(#4261),#4265);
#4261 = LINE('',#4262,#4263);
#4262 = CARTESIAN_POINT('',(0.,-72.83199846221));
#4263 = VECTOR('',#4264,1.);
#4264 = DIRECTION('',(0.,1.));
#4265 = ( GEOMETRIC_REPRESENTATION_CONTEXT(2) 
PARAMETRIC_REPRESENTATION_CONTEXT() REPRESENTATION_CONTEXT('2D SPACE',''
  ) );
#4266 = ORIENTED_EDGE('',*,*,#4267,.F.);
#4267 = EDGE_CURVE('',#4268,#4245,#4270,.T.);
#4268 = VERTEX_POINT('',#4269);
#4269 = CARTESIAN_POINT('',(208.5,2.5,20.));
#4270 = SURFACE_CURVE('',#4271,(#4275,#4282),.PCURVE_S1.);
#4271 = LINE('',#4272,#4273);
#4272 = CARTESIAN_POINT('',(208.5,2.5,0.));
#4273 = VECTOR('',#4274,1.);
#4274 = DIRECTION('',(0.,0.,1.));
#4275 = PCURVE('',#365,#4276);
#4276 = DEFINITIONAL_REPRESENTATION('',(#4277),#4281);
#4277 = LINE('',#4278,#4279);
#4278 = CARTESIAN_POINT('',(-12.,209.5));
#4279 = VECTOR('',#4280,1.);
#4280 = DIRECTION('',(1.,0.));
#4281 = ( GEOMETRIC_REPRESENTATION_CONTEXT(2) 
PARAMETRIC_REPRESENTATION_CONTEXT() REPRESENTATION_CONTEXT('2D SPACE',''
  ) );
#4282 = PCURVE('',#4283,#4288);
#4283 = PLANE('',#4284);
#4284 = AXIS2_PLACEMENT_3D('',#4285,#4286,#4287);
#4285 = CARTESIAN_POINT('',(208.5,2.5,0.));
#4286 = DIRECTION('',(1.,0.,0.));
#4287 = DIRECTION('',(0.,0.,1.));
#4288 = DEFINITIONAL_REPRESENTATION('',(#4289),#4293);
#4289 = LINE('',#4290,#4291);
#4290 = CARTESIAN_POINT('',(0.,0.));
#4291 = VECTOR('',#4292,1.);
#4292 = DIRECTION('',(1.,0.));
#4293 = ( GEOMETRIC_REPRESENTATION_CONTEXT(2) 
PARAMETRIC_REPRESENTATION_CONTEXT() REPRESENTATION_CONTEXT('2D SPACE',''
  ) );
#4294 = ORIENTED_EDGE('',*,*,#4295,.T.);
#4295 = EDGE_CURVE('',#4268,#4296,#4298,.T.);
#4296 = VERTEX_POINT('',#4297);
#4297 = CARTESIAN_POINT('',(211.5,2.5,20.));
#4298 = SURFACE_CURVE('',#4299,(#4303,#4310),.PCURVE_S1.);
#4299 = LINE('',#4300,#4301);
#4300 = CARTESIAN_POINT('',(-1.,2.5,20.));
#4301 = VECTOR('',#4302,1.);
#4302 = DIRECTION('',(1.,0.,0.));
#4303 = PCURVE('',#365,#4304);
#4304 = DEFINITIONAL_REPRESENTATION('',(#4305),#4309);
#4305 = LINE('',#4306,#4307);
#4306 = CARTESIAN_POINT('',(8.,0.));
#4307 = VECTOR('',#4308,1.);
#4308 = DIRECTION('',(0.,1.));
#4309 = ( GEOMETRIC_REPRESENTATION_CONTEXT(2) 
PARAMETRIC_REPRESENTATION_CONTEXT() REPRESENTATION_CONTEXT('2D SPACE',''
  ) );
#4310 = PCURVE('',#4311,#4316);
#4311 = PLANE('',#4312);
#4312 = AXIS2_PLACEMENT_3D('',#4313,#4314,#4315);
#4313 = CARTESIAN_POINT('',(-1.,2.5,20.));
#4314 = DIRECTION('',(0.,0.,1.));
#4315 = DIRECTION('',(1.,0.,0.));
#4316 = DEFINITIONAL_REPRESENTATION('',(#4317),#4321);
#4317 = LINE('',#4318,#4319);
#4318 = CARTESIAN_POINT('',(0.,0.));
#4319 = VECTOR('',#4320,1.);
#4320 = DIRECTION('',(1.,0.));
#4321 = ( GEOMETRIC_REPRESENTATION_CONTEXT(2) 
PARAMETRIC_REPRESENTATION_CONTEXT() REPRESENTATION_CONTEXT('2D SPACE',''
  ) );
#4322 = ORIENTED_EDGE('',*,*,#4323,.T.);
#4323 = EDGE_CURVE('',#4296,#4324,#4326,.T.);
#4324 = VERTEX_POINT('',#4325);
#4325 = CARTESIAN_POINT('',(211.5,2.5,204.6));
#4326 = SURFACE_CURVE('',#4327,(#4331,#4338),.PCURVE_S1.);
#4327 = LINE('',#4328,#4329);
#4328 = CARTESIAN_POINT('',(211.5,2.5,0.));
#4329 = VECTOR('',#4330,1.);
#4330 = DIRECTION('',(0.,0.,1.));
#4331 = PCURVE('',#365,#4332);
#4332 = DEFINITIONAL_REPRESENTATION('',(#4333),#4337);
#4333 = LINE('',#4334,#4335);
#4334 = CARTESIAN_POINT('',(-12.,212.5));
#4335 = VECTOR('',#4336,1.);
#4336 = DIRECTION('',(1.,0.));
#4337 = ( GEOMETRIC_REPRESENTATION_CONTEXT(2) 
PARAMETRIC_REPRESENTATION_CONTEXT() REPRESENTATION_CONTEXT('2D SPACE',''
  ) );
#4338 = PCURVE('',#4339,#4344);
#4339 = PLANE('',#4340);
#4340 = AXIS2_PLACEMENT_3D('',#4341,#4342,#4343);
#4341 = CARTESIAN_POINT('',(211.5,2.5,0.));
#4342 = DIRECTION('',(1.,0.,0.));
#4343 = DIRECTION('',(0.,0.,1.));
#4344 = DEFINITIONAL_REPRESENTATION('',(#4345),#4349);
#4345 = LINE('',#4346,#4347);
#4346 = CARTESIAN_POINT('',(0.,0.));
#4347 = VECTOR('',#4348,1.);
#4348 = DIRECTION('',(1.,0.));
#4349 = ( GEOMETRIC_REPRESENTATION_CONTEXT(2) 
PARAMETRIC_REPRESENTATION_CONTEXT() REPRESENTATION_CONTEXT('2D SPACE',''
  ) );
#4350 = ORIENTED_EDGE('',*,*,#4351,.T.);
#4351 = EDGE_CURVE('',#4324,#541,#4352,.T.);
#4352 = SURFACE_CURVE('',#4353,(#4357,#4364),.PCURVE_S1.);
#4353 = LINE('',#4354,#4355);
#4354 = CARTESIAN_POINT('',(261.55,2.5,154.55));
#4355 = VECTOR('',#4356,1.);
#4356 = DIRECTION('',(-0.707106781187,0.,0.707106781187));
#4357 = PCURVE('',#365,#4358);
#4358 = DEFINITIONAL_REPRESENTATION('',(#4359),#4363);
#4359 = LINE('',#4360,#4361);
#4360 = CARTESIAN_POINT('',(142.55,262.55));
#4361 = VECTOR('',#4362,1.);
#4362 = DIRECTION('',(0.707106781187,-0.707106781187));
#4363 = ( GEOMETRIC_REPRESENTATION_CONTEXT(2) 
PARAMETRIC_REPRESENTATION_CONTEXT() REPRESENTATION_CONTEXT('2D SPACE',''
  ) );
#4364 = PCURVE('',#579,#4365);
#4365 = DEFINITIONAL_REPRESENTATION('',(#4366),#4370);
#4366 = LINE('',#4367,#4368);
#4367 = CARTESIAN_POINT('',(0.,-71.77133829043));
#4368 = VECTOR('',#4369,1.);
#4369 = DIRECTION('',(0.,1.));
#4370 = ( GEOMETRIC_REPRESENTATION_CONTEXT(2) 
PARAMETRIC_REPRESENTATION_CONTEXT() REPRESENTATION_CONTEXT('2D SPACE',''
  ) );
#4371 = ORIENTED_EDGE('',*,*,#540,.T.);
#4372 = ORIENTED_EDGE('',*,*,#4373,.F.);
#4373 = EDGE_CURVE('',#4374,#513,#4376,.T.);
#4374 = VERTEX_POINT('',#4375);
#4375 = CARTESIAN_POINT('',(242.5,2.5,20.));
#4376 = SURFACE_CURVE('',#4377,(#4381,#4388),.PCURVE_S1.);
#4377 = LINE('',#4378,#4379);
#4378 = CARTESIAN_POINT('',(242.5,2.5,0.));
#4379 = VECTOR('',#4380,1.);
#4380 = DIRECTION('',(0.,0.,1.));
#4381 = PCURVE('',#365,#4382);
#4382 = DEFINITIONAL_REPRESENTATION('',(#4383),#4387);
#4383 = LINE('',#4384,#4385);
#4384 = CARTESIAN_POINT('',(-12.,243.5));
#4385 = VECTOR('',#4386,1.);
#4386 = DIRECTION('',(1.,0.));
#4387 = ( GEOMETRIC_REPRESENTATION_CONTEXT(2) 
PARAMETRIC_REPRESENTATION_CONTEXT() REPRESENTATION_CONTEXT('2D SPACE',''
  ) );
#4388 = PCURVE('',#528,#4389);
#4389 = DEFINITIONAL_REPRESENTATION('',(#4390),#4394);
#4390 = LINE('',#4391,#4392);
#4391 = CARTESIAN_POINT('',(0.,0.));
#4392 = VECTOR('',#4393,1.);
#4393 = DIRECTION('',(1.,0.));
#4394 = ( GEOMETRIC_REPRESENTATION_CONTEXT(2) 
PARAMETRIC_REPRESENTATION_CONTEXT() REPRESENTATION_CONTEXT('2D SPACE',''
  ) );
#4395 = ORIENTED_EDGE('',*,*,#4396,.T.);
#4396 = EDGE_CURVE('',#4374,#4397,#4399,.T.);
#4397 = VERTEX_POINT('',#4398);
#4398 = CARTESIAN_POINT('',(250.,2.5,20.));
#4399 = SURFACE_CURVE('',#4400,(#4404,#4411),.PCURVE_S1.);
#4400 = LINE('',#4401,#4402);
#4401 = CARTESIAN_POINT('',(-1.,2.5,20.));
#4402 = VECTOR('',#4403,1.);
#4403 = DIRECTION('',(1.,0.,0.));
#4404 = PCURVE('',#365,#4405);
#4405 = DEFINITIONAL_REPRESENTATION('',(#4406),#4410);
#4406 = LINE('',#4407,#4408);
#4407 = CARTESIAN_POINT('',(8.,0.));
#4408 = VECTOR('',#4409,1.);
#4409 = DIRECTION('',(0.,1.));
#4410 = ( GEOMETRIC_REPRESENTATION_CONTEXT(2) 
PARAMETRIC_REPRESENTATION_CONTEXT() REPRESENTATION_CONTEXT('2D SPACE',''
  ) );
#4411 = PCURVE('',#4412,#4417);
#4412 = PLANE('',#4413);
#4413 = AXIS2_PLACEMENT_3D('',#4414,#4415,#4416);
#4414 = CARTESIAN_POINT('',(-1.,2.5,20.));
#4415 = DIRECTION('',(0.,0.,1.));
#4416 = DIRECTION('',(1.,0.,0.));
#4417 = DEFINITIONAL_REPRESENTATION('',(#4418),#4422);
#4418 = LINE('',#4419,#4420);
#4419 = CARTESIAN_POINT('',(0.,0.));
#4420 = VECTOR('',#4421,1.);
#4421 = DIRECTION('',(1.,0.));
#4422 = ( GEOMETRIC_REPRESENTATION_CONTEXT(2) 
PARAMETRIC_REPRESENTATION_CONTEXT() REPRESENTATION_CONTEXT('2D SPACE',''
  ) );
#4423 = ORIENTED_EDGE('',*,*,#4424,.F.);
#4424 = EDGE_CURVE('',#4425,#4397,#4427,.T.);
#4425 = VERTEX_POINT('',#4426);
#4426 = CARTESIAN_POINT('',(250.,2.5,12.));
#4427 = SURFACE_CURVE('',#4428,(#4432,#4439),.PCURVE_S1.);
#4428 = LINE('',#4429,#4430);
#4429 = CARTESIAN_POINT('',(250.,2.5,6.));
#4430 = VECTOR('',#4431,1.);
#4431 = DIRECTION('',(0.,0.,1.));
#4432 = PCURVE('',#365,#4433);
#4433 = DEFINITIONAL_REPRESENTATION('',(#4434),#4438);
#4434 = LINE('',#4435,#4436);
#4435 = CARTESIAN_POINT('',(-6.,251.));
#4436 = VECTOR('',#4437,1.);
#4437 = DIRECTION('',(1.,0.));
#4438 = ( GEOMETRIC_REPRESENTATION_CONTEXT(2) 
PARAMETRIC_REPRESENTATION_CONTEXT() REPRESENTATION_CONTEXT('2D SPACE',''
  ) );
#4439 = PCURVE('',#472,#4440);
#4440 = DEFINITIONAL_REPRESENTATION('',(#4441),#4444);
#4441 = B_SPLINE_CURVE_WITH_KNOTS('',1,(#4442,#4443),.UNSPECIFIED.,.F.,
  .F.,(2,2),(6.,14.),.PIECEWISE_BEZIER_KNOTS.);
#4442 = CARTESIAN_POINT('',(12.,-2.5));
#4443 = CARTESIAN_POINT('',(20.,-2.5));
#4444 = ( GEOMETRIC_REPRESENTATION_CONTEXT(2) 
PARAMETRIC_REPRESENTATION_CONTEXT() REPRESENTATION_CONTEXT('2D SPACE',''
  ) );
#4445 = ORIENTED_EDGE('',*,*,#4446,.F.);
#4446 = EDGE_CURVE('',#4447,#4425,#4449,.T.);
#4447 = VERTEX_POINT('',#4448);
#4448 = CARTESIAN_POINT('',(242.5,2.5,12.));
#4449 = SURFACE_CURVE('',#4450,(#4454,#4461),.PCURVE_S1.);
#4450 = LINE('',#4451,#4452);
#4451 = CARTESIAN_POINT('',(-1.,2.5,12.));
#4452 = VECTOR('',#4453,1.);
#4453 = DIRECTION('',(1.,0.,0.));
#4454 = PCURVE('',#365,#4455);
#4455 = DEFINITIONAL_REPRESENTATION('',(#4456),#4460);
#4456 = LINE('',#4457,#4458);
#4457 = CARTESIAN_POINT('',(0.,0.));
#4458 = VECTOR('',#4459,1.);
#4459 = DIRECTION('',(0.,1.));
#4460 = ( GEOMETRIC_REPRESENTATION_CONTEXT(2) 
PARAMETRIC_REPRESENTATION_CONTEXT() REPRESENTATION_CONTEXT('2D SPACE',''
  ) );
#4461 = PCURVE('',#4462,#4467);
#4462 = PLANE('',#4463);
#4463 = AXIS2_PLACEMENT_3D('',#4464,#4465,#4466);
#4464 = CARTESIAN_POINT('',(-1.,2.5,12.));
#4465 = DIRECTION('',(0.,0.,1.));
#4466 = DIRECTION('',(1.,0.,0.));
#4467 = DEFINITIONAL_REPRESENTATION('',(#4468),#4472);
#4468 = LINE('',#4469,#4470);
#4469 = CARTESIAN_POINT('',(0.,0.));
#4470 = VECTOR('',#4471,1.);
#4471 = DIRECTION('',(1.,0.));
#4472 = ( GEOMETRIC_REPRESENTATION_CONTEXT(2) 
PARAMETRIC_REPRESENTATION_CONTEXT() REPRESENTATION_CONTEXT('2D SPACE',''
  ) );
#4473 = ORIENTED_EDGE('',*,*,#4474,.F.);
#4474 = EDGE_CURVE('',#4475,#4447,#4477,.T.);
#4475 = VERTEX_POINT('',#4476);
#4476 = CARTESIAN_POINT('',(242.5,2.5,0.));
#4477 = SURFACE_CURVE('',#4478,(#4482,#4489),.PCURVE_S1.);
#4478 = LINE('',#4479,#4480);
#4479 = CARTESIAN_POINT('',(242.5,2.5,0.));
#4480 = VECTOR('',#4481,1.);
#4481 = DIRECTION('',(0.,0.,1.));
#4482 = PCURVE('',#365,#4483);
#4483 = DEFINITIONAL_REPRESENTATION('',(#4484),#4488);
#4484 = LINE('',#4485,#4486);
#4485 = CARTESIAN_POINT('',(-12.,243.5));
#4486 = VECTOR('',#4487,1.);
#4487 = DIRECTION('',(1.,0.));
#4488 = ( GEOMETRIC_REPRESENTATION_CONTEXT(2) 
PARAMETRIC_REPRESENTATION_CONTEXT() REPRESENTATION_CONTEXT('2D SPACE',''
  ) );
#4489 = PCURVE('',#4490,#4495);
#4490 = PLANE('',#4491);
#4491 = AXIS2_PLACEMENT_3D('',#4492,#4493,#4494);
#4492 = CARTESIAN_POINT('',(242.5,2.5,0.));
#4493 = DIRECTION('',(1.,0.,0.));
#4494 = DIRECTION('',(0.,0.,1.));
#4495 = DEFINITIONAL_REPRESENTATION('',(#4496),#4500);
#4496 = LINE('',#4497,#4498);
#4497 = CARTESIAN_POINT('',(0.,0.));
#4498 = VECTOR('',#4499,1.);
#4499 = DIRECTION('',(1.,0.));
#4500 = ( GEOMETRIC_REPRESENTATION_CONTEXT(2) 
PARAMETRIC_REPRESENTATION_CONTEXT() REPRESENTATION_CONTEXT('2D SPACE',''
  ) );
#4501 = ORIENTED_EDGE('',*,*,#4502,.F.);
#4502 = EDGE_CURVE('',#4503,#4475,#4505,.T.);
#4503 = VERTEX_POINT('',#4504);
#4504 = CARTESIAN_POINT('',(211.5,2.5,0.));
#4505 = SURFACE_CURVE('',#4506,(#4510,#4517),.PCURVE_S1.);
#4506 = LINE('',#4507,#4508);
#4507 = CARTESIAN_POINT('',(0.,2.5,0.));
#4508 = VECTOR('',#4509,1.);
#4509 = DIRECTION('',(1.,0.,0.));
#4510 = PCURVE('',#365,#4511);
#4511 = DEFINITIONAL_REPRESENTATION('',(#4512),#4516);
#4512 = LINE('',#4513,#4514);
#4513 = CARTESIAN_POINT('',(-12.,1.));
#4514 = VECTOR('',#4515,1.);
#4515 = DIRECTION('',(0.,1.));
#4516 = ( GEOMETRIC_REPRESENTATION_CONTEXT(2) 
PARAMETRIC_REPRESENTATION_CONTEXT() REPRESENTATION_CONTEXT('2D SPACE',''
  ) );
#4517 = PCURVE('',#284,#4518);
#4518 = DEFINITIONAL_REPRESENTATION('',(#4519),#4523);
#4519 = LINE('',#4520,#4521);
#4520 = CARTESIAN_POINT('',(0.,2.5));
#4521 = VECTOR('',#4522,1.);
#4522 = DIRECTION('',(1.,0.));
#4523 = ( GEOMETRIC_REPRESENTATION_CONTEXT(2) 
PARAMETRIC_REPRESENTATION_CONTEXT() REPRESENTATION_CONTEXT('2D SPACE',''
  ) );
#4524 = ORIENTED_EDGE('',*,*,#4525,.T.);
#4525 = EDGE_CURVE('',#4503,#4526,#4528,.T.);
#4526 = VERTEX_POINT('',#4527);
#4527 = CARTESIAN_POINT('',(211.5,2.5,12.));
#4528 = SURFACE_CURVE('',#4529,(#4533,#4540),.PCURVE_S1.);
#4529 = LINE('',#4530,#4531);
#4530 = CARTESIAN_POINT('',(211.5,2.5,0.));
#4531 = VECTOR('',#4532,1.);
#4532 = DIRECTION('',(0.,0.,1.));
#4533 = PCURVE('',#365,#4534);
#4534 = DEFINITIONAL_REPRESENTATION('',(#4535),#4539);
#4535 = LINE('',#4536,#4537);
#4536 = CARTESIAN_POINT('',(-12.,212.5));
#4537 = VECTOR('',#4538,1.);
#4538 = DIRECTION('',(1.,0.));
#4539 = ( GEOMETRIC_REPRESENTATION_CONTEXT(2) 
PARAMETRIC_REPRESENTATION_CONTEXT() REPRESENTATION_CONTEXT('2D SPACE',''
  ) );
#4540 = PCURVE('',#4541,#4546);
#4541 = PLANE('',#4542);
#4542 = AXIS2_PLACEMENT_3D('',#4543,#4544,#4545);
#4543 = CARTESIAN_POINT('',(211.5,2.5,0.));
#4544 = DIRECTION('',(1.,0.,0.));
#4545 = DIRECTION('',(0.,0.,1.));
#4546 = DEFINITIONAL_REPRESENTATION('',(#4547),#4551);
#4547 = LINE('',#4548,#4549);
#4548 = CARTESIAN_POINT('',(0.,0.));
#4549 = VECTOR('',#4550,1.);
#4550 = DIRECTION('',(1.,0.));
#4551 = ( GEOMETRIC_REPRESENTATION_CONTEXT(2) 
PARAMETRIC_REPRESENTATION_CONTEXT() REPRESENTATION_CONTEXT('2D SPACE',''
  ) );
#4552 = ORIENTED_EDGE('',*,*,#4553,.F.);
#4553 = EDGE_CURVE('',#4554,#4526,#4556,.T.);
#4554 = VERTEX_POINT('',#4555);
#4555 = CARTESIAN_POINT('',(208.5,2.5,12.));
#4556 = SURFACE_CURVE('',#4557,(#4561,#4568),.PCURVE_S1.);
#4557 = LINE('',#4558,#4559);
#4558 = CARTESIAN_POINT('',(-1.,2.5,12.));
#4559 = VECTOR('',#4560,1.);
#4560 = DIRECTION('',(1.,0.,0.));
#4561 = PCURVE('',#365,#4562);
#4562 = DEFINITIONAL_REPRESENTATION('',(#4563),#4567);
#4563 = LINE('',#4564,#4565);
#4564 = CARTESIAN_POINT('',(0.,0.));
#4565 = VECTOR('',#4566,1.);
#4566 = DIRECTION('',(0.,1.));
#4567 = ( GEOMETRIC_REPRESENTATION_CONTEXT(2) 
PARAMETRIC_REPRESENTATION_CONTEXT() REPRESENTATION_CONTEXT('2D SPACE',''
  ) );
#4568 = PCURVE('',#4569,#4574);
#4569 = PLANE('',#4570);
#4570 = AXIS2_PLACEMENT_3D('',#4571,#4572,#4573);
#4571 = CARTESIAN_POINT('',(-1.,2.5,12.));
#4572 = DIRECTION('',(0.,0.,1.));
#4573 = DIRECTION('',(1.,0.,0.));
#4574 = DEFINITIONAL_REPRESENTATION('',(#4575),#4579);
#4575 = LINE('',#4576,#4577);
#4576 = CARTESIAN_POINT('',(0.,0.));
#4577 = VECTOR('',#4578,1.);
#4578 = DIRECTION('',(1.,0.));
#4579 = ( GEOMETRIC_REPRESENTATION_CONTEXT(2) 
PARAMETRIC_REPRESENTATION_CONTEXT() REPRESENTATION_CONTEXT('2D SPACE',''
  ) );
#4580 = ORIENTED_EDGE('',*,*,#4581,.F.);
#4581 = EDGE_CURVE('',#4582,#4554,#4584,.T.);
#4582 = VERTEX_POINT('',#4583);
#4583 = CARTESIAN_POINT('',(208.5,2.5,0.));
#4584 = SURFACE_CURVE('',#4585,(#4589,#4596),.PCURVE_S1.);
#4585 = LINE('',#4586,#4587);
#4586 = CARTESIAN_POINT('',(208.5,2.5,0.));
#4587 = VECTOR('',#4588,1.);
#4588 = DIRECTION('',(0.,0.,1.));
#4589 = PCURVE('',#365,#4590);
#4590 = DEFINITIONAL_REPRESENTATION('',(#4591),#4595);
#4591 = LINE('',#4592,#4593);
#4592 = CARTESIAN_POINT('',(-12.,209.5));
#4593 = VECTOR('',#4594,1.);
#4594 = DIRECTION('',(1.,0.));
#4595 = ( GEOMETRIC_REPRESENTATION_CONTEXT(2) 
PARAMETRIC_REPRESENTATION_CONTEXT() REPRESENTATION_CONTEXT('2D SPACE',''
  ) );
#4596 = PCURVE('',#4597,#4602);
#4597 = PLANE('',#4598);
#4598 = AXIS2_PLACEMENT_3D('',#4599,#4600,#4601);
#4599 = CARTESIAN_POINT('',(208.5,2.5,0.));
#4600 = DIRECTION('',(1.,0.,0.));
#4601 = DIRECTION('',(0.,0.,1.));
#4602 = DEFINITIONAL_REPRESENTATION('',(#4603),#4607);
#4603 = LINE('',#4604,#4605);
#4604 = CARTESIAN_POINT('',(0.,0.));
#4605 = VECTOR('',#4606,1.);
#4606 = DIRECTION('',(1.,0.));
#4607 = ( GEOMETRIC_REPRESENTATION_CONTEXT(2) 
PARAMETRIC_REPRESENTATION_CONTEXT() REPRESENTATION_CONTEXT('2D SPACE',''
  ) );
#4608 = ORIENTED_EDGE('',*,*,#4609,.F.);
#4609 = EDGE_CURVE('',#4610,#4582,#4612,.T.);
#4610 = VERTEX_POINT('',#4611);
#4611 = CARTESIAN_POINT('',(177.5,2.5,0.));
#4612 = SURFACE_CURVE('',#4613,(#4617,#4624),.PCURVE_S1.);
#4613 = LINE('',#4614,#4615);
#4614 = CARTESIAN_POINT('',(0.,2.5,0.));
#4615 = VECTOR('',#4616,1.);
#4616 = DIRECTION('',(1.,0.,0.));
#4617 = PCURVE('',#365,#4618);
#4618 = DEFINITIONAL_REPRESENTATION('',(#4619),#4623);
#4619 = LINE('',#4620,#4621);
#4620 = CARTESIAN_POINT('',(-12.,1.));
#4621 = VECTOR('',#4622,1.);
#4622 = DIRECTION('',(0.,1.));
#4623 = ( GEOMETRIC_REPRESENTATION_CONTEXT(2) 
PARAMETRIC_REPRESENTATION_CONTEXT() REPRESENTATION_CONTEXT('2D SPACE',''
  ) );
#4624 = PCURVE('',#284,#4625);
#4625 = DEFINITIONAL_REPRESENTATION('',(#4626),#4630);
#4626 = LINE('',#4627,#4628);
#4627 = CARTESIAN_POINT('',(0.,2.5));
#4628 = VECTOR('',#4629,1.);
#4629 = DIRECTION('',(1.,0.));
#4630 = ( GEOMETRIC_REPRESENTATION_CONTEXT(2) 
PARAMETRIC_REPRESENTATION_CONTEXT() REPRESENTATION_CONTEXT('2D SPACE',''
  ) );
#4631 = ORIENTED_EDGE('',*,*,#4632,.T.);
#4632 = EDGE_CURVE('',#4610,#4633,#4635,.T.);
#4633 = VERTEX_POINT('',#4634);
#4634 = CARTESIAN_POINT('',(177.5,2.5,12.));
#4635 = SURFACE_CURVE('',#4636,(#4640,#4647),.PCURVE_S1.);
#4636 = LINE('',#4637,#4638);
#4637 = CARTESIAN_POINT('',(177.5,2.5,0.));
#4638 = VECTOR('',#4639,1.);
#4639 = DIRECTION('',(0.,0.,1.));
#4640 = PCURVE('',#365,#4641);
#4641 = DEFINITIONAL_REPRESENTATION('',(#4642),#4646);
#4642 = LINE('',#4643,#4644);
#4643 = CARTESIAN_POINT('',(-12.,178.5));
#4644 = VECTOR('',#4645,1.);
#4645 = DIRECTION('',(1.,0.));
#4646 = ( GEOMETRIC_REPRESENTATION_CONTEXT(2) 
PARAMETRIC_REPRESENTATION_CONTEXT() REPRESENTATION_CONTEXT('2D SPACE',''
  ) );
#4647 = PCURVE('',#4648,#4653);
#4648 = PLANE('',#4649);
#4649 = AXIS2_PLACEMENT_3D('',#4650,#4651,#4652);
#4650 = CARTESIAN_POINT('',(177.5,2.5,0.));
#4651 = DIRECTION('',(1.,0.,0.));
#4652 = DIRECTION('',(0.,0.,1.));
#4653 = DEFINITIONAL_REPRESENTATION('',(#4654),#4658);
#4654 = LINE('',#4655,#4656);
#4655 = CARTESIAN_POINT('',(0.,0.));
#4656 = VECTOR('',#4657,1.);
#4657 = DIRECTION('',(1.,0.));
#4658 = ( GEOMETRIC_REPRESENTATION_CONTEXT(2) 
PARAMETRIC_REPRESENTATION_CONTEXT() REPRESENTATION_CONTEXT('2D SPACE',''
  ) );
#4659 = ORIENTED_EDGE('',*,*,#4660,.F.);
#4660 = EDGE_CURVE('',#4661,#4633,#4663,.T.);
#4661 = VERTEX_POINT('',#4662);
#4662 = CARTESIAN_POINT('',(174.5,2.5,12.));
#4663 = SURFACE_CURVE('',#4664,(#4668,#4675),.PCURVE_S1.);
#4664 = LINE('',#4665,#4666);
#4665 = CARTESIAN_POINT('',(-1.,2.5,12.));
#4666 = VECTOR('',#4667,1.);
#4667 = DIRECTION('',(1.,0.,0.));
#4668 = PCURVE('',#365,#4669);
#4669 = DEFINITIONAL_REPRESENTATION('',(#4670),#4674);
#4670 = LINE('',#4671,#4672);
#4671 = CARTESIAN_POINT('',(0.,0.));
#4672 = VECTOR('',#4673,1.);
#4673 = DIRECTION('',(0.,1.));
#4674 = ( GEOMETRIC_REPRESENTATION_CONTEXT(2) 
PARAMETRIC_REPRESENTATION_CONTEXT() REPRESENTATION_CONTEXT('2D SPACE',''
  ) );
#4675 = PCURVE('',#4676,#4681);
#4676 = PLANE('',#4677);
#4677 = AXIS2_PLACEMENT_3D('',#4678,#4679,#4680);
#4678 = CARTESIAN_POINT('',(-1.,2.5,12.));
#4679 = DIRECTION('',(0.,0.,1.));
#4680 = DIRECTION('',(1.,0.,0.));
#4681 = DEFINITIONAL_REPRESENTATION('',(#4682),#4686);
#4682 = LINE('',#4683,#4684);
#4683 = CARTESIAN_POINT('',(0.,0.));
#4684 = VECTOR('',#4685,1.);
#4685 = DIRECTION('',(1.,0.));
#4686 = ( GEOMETRIC_REPRESENTATION_CONTEXT(2) 
PARAMETRIC_REPRESENTATION_CONTEXT() REPRESENTATION_CONTEXT('2D SPACE',''
  ) );
#4687 = ORIENTED_EDGE('',*,*,#4688,.F.);
#4688 = EDGE_CURVE('',#4689,#4661,#4691,.T.);
#4689 = VERTEX_POINT('',#4690);
#4690 = CARTESIAN_POINT('',(174.5,2.5,0.));
#4691 = SURFACE_CURVE('',#4692,(#4696,#4703),.PCURVE_S1.);
#4692 = LINE('',#4693,#4694);
#4693 = CARTESIAN_POINT('',(174.5,2.5,0.));
#4694 = VECTOR('',#4695,1.);
#4695 = DIRECTION('',(0.,0.,1.));
#4696 = PCURVE('',#365,#4697);
#4697 = DEFINITIONAL_REPRESENTATION('',(#4698),#4702);
#4698 = LINE('',#4699,#4700);
#4699 = CARTESIAN_POINT('',(-12.,175.5));
#4700 = VECTOR('',#4701,1.);
#4701 = DIRECTION('',(1.,0.));
#4702 = ( GEOMETRIC_REPRESENTATION_CONTEXT(2) 
PARAMETRIC_REPRESENTATION_CONTEXT() REPRESENTATION_CONTEXT('2D SPACE',''
  ) );
#4703 = PCURVE('',#4704,#4709);
#4704 = PLANE('',#4705);
#4705 = AXIS2_PLACEMENT_3D('',#4706,#4707,#4708);
#4706 = CARTESIAN_POINT('',(174.5,2.5,0.));
#4707 = DIRECTION('',(1.,0.,0.));
#4708 = DIRECTION('',(0.,0.,1.));
#4709 = DEFINITIONAL_REPRESENTATION('',(#4710),#4714);
#4710 = LINE('',#4711,#4712);
#4711 = CARTESIAN_POINT('',(0.,0.));
#4712 = VECTOR('',#4713,1.);
#4713 = DIRECTION('',(1.,0.));
#4714 = ( GEOMETRIC_REPRESENTATION_CONTEXT(2) 
PARAMETRIC_REPRESENTATION_CONTEXT() REPRESENTATION_CONTEXT('2D SPACE',''
  ) );
#4715 = ORIENTED_EDGE('',*,*,#4716,.F.);
#4716 = EDGE_CURVE('',#4717,#4689,#4719,.T.);
#4717 = VERTEX_POINT('',#4718);
#4718 = CARTESIAN_POINT('',(143.5,2.5,0.));
#4719 = SURFACE_CURVE('',#4720,(#4724,#4731),.PCURVE_S1.);
#4720 = LINE('',#4721,#4722);
#4721 = CARTESIAN_POINT('',(0.,2.5,0.));
#4722 = VECTOR('',#4723,1.);
#4723 = DIRECTION('',(1.,0.,0.));
#4724 = PCURVE('',#365,#4725);
#4725 = DEFINITIONAL_REPRESENTATION('',(#4726),#4730);
#4726 = LINE('',#4727,#4728);
#4727 = CARTESIAN_POINT('',(-12.,1.));
#4728 = VECTOR('',#4729,1.);
#4729 = DIRECTION('',(0.,1.));
#4730 = ( GEOMETRIC_REPRESENTATION_CONTEXT(2) 
PARAMETRIC_REPRESENTATION_CONTEXT() REPRESENTATION_CONTEXT('2D SPACE',''
  ) );
#4731 = PCURVE('',#284,#4732);
#4732 = DEFINITIONAL_REPRESENTATION('',(#4733),#4737);
#4733 = LINE('',#4734,#4735);
#4734 = CARTESIAN_POINT('',(0.,2.5));
#4735 = VECTOR('',#4736,1.);
#4736 = DIRECTION('',(1.,0.));
#4737 = ( GEOMETRIC_REPRESENTATION_CONTEXT(2) 
PARAMETRIC_REPRESENTATION_CONTEXT() REPRESENTATION_CONTEXT('2D SPACE',''
  ) );
#4738 = ORIENTED_EDGE('',*,*,#4739,.T.);
#4739 = EDGE_CURVE('',#4717,#4740,#4742,.T.);
#4740 = VERTEX_POINT('',#4741);
#4741 = CARTESIAN_POINT('',(143.5,2.5,12.));
#4742 = SURFACE_CURVE('',#4743,(#4747,#4754),.PCURVE_S1.);
#4743 = LINE('',#4744,#4745);
#4744 = CARTESIAN_POINT('',(143.5,2.5,0.));
#4745 = VECTOR('',#4746,1.);
#4746 = DIRECTION('',(0.,0.,1.));
#4747 = PCURVE('',#365,#4748);
#4748 = DEFINITIONAL_REPRESENTATION('',(#4749),#4753);
#4749 = LINE('',#4750,#4751);
#4750 = CARTESIAN_POINT('',(-12.,144.5));
#4751 = VECTOR('',#4752,1.);
#4752 = DIRECTION('',(1.,0.));
#4753 = ( GEOMETRIC_REPRESENTATION_CONTEXT(2) 
PARAMETRIC_REPRESENTATION_CONTEXT() REPRESENTATION_CONTEXT('2D SPACE',''
  ) );
#4754 = PCURVE('',#4755,#4760);
#4755 = PLANE('',#4756);
#4756 = AXIS2_PLACEMENT_3D('',#4757,#4758,#4759);
#4757 = CARTESIAN_POINT('',(143.5,2.5,0.));
#4758 = DIRECTION('',(1.,0.,0.));
#4759 = DIRECTION('',(0.,0.,1.));
#4760 = DEFINITIONAL_REPRESENTATION('',(#4761),#4765);
#4761 = LINE('',#4762,#4763);
#4762 = CARTESIAN_POINT('',(0.,0.));
#4763 = VECTOR('',#4764,1.);
#4764 = DIRECTION('',(1.,0.));
#4765 = ( GEOMETRIC_REPRESENTATION_CONTEXT(2) 
PARAMETRIC_REPRESENTATION_CONTEXT() REPRESENTATION_CONTEXT('2D SPACE',''
  ) );
#4766 = ORIENTED_EDGE('',*,*,#4767,.F.);
#4767 = EDGE_CURVE('',#4768,#4740,#4770,.T.);
#4768 = VERTEX_POINT('',#4769);
#4769 = CARTESIAN_POINT('',(140.5,2.5,12.));
#4770 = SURFACE_CURVE('',#4771,(#4775,#4782),.PCURVE_S1.);
#4771 = LINE('',#4772,#4773);
#4772 = CARTESIAN_POINT('',(-1.,2.5,12.));
#4773 = VECTOR('',#4774,1.);
#4774 = DIRECTION('',(1.,0.,0.));
#4775 = PCURVE('',#365,#4776);
#4776 = DEFINITIONAL_REPRESENTATION('',(#4777),#4781);
#4777 = LINE('',#4778,#4779);
#4778 = CARTESIAN_POINT('',(0.,0.));
#4779 = VECTOR('',#4780,1.);
#4780 = DIRECTION('',(0.,1.));
#4781 = ( GEOMETRIC_REPRESENTATION_CONTEXT(2) 
PARAMETRIC_REPRESENTATION_CONTEXT() REPRESENTATION_CONTEXT('2D SPACE',''
  ) );
#4782 = PCURVE('',#4783,#4788);
#4783 = PLANE('',#4784);
#4784 = AXIS2_PLACEMENT_3D('',#4785,#4786,#4787);
#4785 = CARTESIAN_POINT('',(-1.,2.5,12.));
#4786 = DIRECTION('',(0.,0.,1.));
#4787 = DIRECTION('',(1.,0.,0.));
#4788 = DEFINITIONAL_REPRESENTATION('',(#4789),#4793);
#4789 = LINE('',#4790,#4791);
#4790 = CARTESIAN_POINT('',(0.,0.));
#4791 = VECTOR('',#4792,1.);
#4792 = DIRECTION('',(1.,0.));
#4793 = ( GEOMETRIC_REPRESENTATION_CONTEXT(2) 
PARAMETRIC_REPRESENTATION_CONTEXT() REPRESENTATION_CONTEXT('2D SPACE',''
  ) );
#4794 = ORIENTED_EDGE('',*,*,#4795,.F.);
#4795 = EDGE_CURVE('',#4796,#4768,#4798,.T.);
#4796 = VERTEX_POINT('',#4797);
#4797 = CARTESIAN_POINT('',(140.5,2.5,0.));
#4798 = SURFACE_CURVE('',#4799,(#4803,#4810),.PCURVE_S1.);
#4799 = LINE('',#4800,#4801);
#4800 = CARTESIAN_POINT('',(140.5,2.5,0.));
#4801 = VECTOR('',#4802,1.);
#4802 = DIRECTION('',(0.,0.,1.));
#4803 = PCURVE('',#365,#4804);
#4804 = DEFINITIONAL_REPRESENTATION('',(#4805),#4809);
#4805 = LINE('',#4806,#4807);
#4806 = CARTESIAN_POINT('',(-12.,141.5));
#4807 = VECTOR('',#4808,1.);
#4808 = DIRECTION('',(1.,0.));
#4809 = ( GEOMETRIC_REPRESENTATION_CONTEXT(2) 
PARAMETRIC_REPRESENTATION_CONTEXT() REPRESENTATION_CONTEXT('2D SPACE',''
  ) );
#4810 = PCURVE('',#4811,#4816);
#4811 = PLANE('',#4812);
#4812 = AXIS2_PLACEMENT_3D('',#4813,#4814,#4815);
#4813 = CARTESIAN_POINT('',(140.5,2.5,0.));
#4814 = DIRECTION('',(1.,0.,0.));
#4815 = DIRECTION('',(0.,0.,1.));
#4816 = DEFINITIONAL_REPRESENTATION('',(#4817),#4821);
#4817 = LINE('',#4818,#4819);
#4818 = CARTESIAN_POINT('',(0.,0.));
#4819 = VECTOR('',#4820,1.);
#4820 = DIRECTION('',(1.,0.));
#4821 = ( GEOMETRIC_REPRESENTATION_CONTEXT(2) 
PARAMETRIC_REPRESENTATION_CONTEXT() REPRESENTATION_CONTEXT('2D SPACE',''
  ) );
#4822 = ORIENTED_EDGE('',*,*,#4823,.F.);
#4823 = EDGE_CURVE('',#4824,#4796,#4826,.T.);
#4824 = VERTEX_POINT('',#4825);
#4825 = CARTESIAN_POINT('',(109.5,2.5,0.));
#4826 = SURFACE_CURVE('',#4827,(#4831,#4838),.PCURVE_S1.);
#4827 = LINE('',#4828,#4829);
#4828 = CARTESIAN_POINT('',(0.,2.5,0.));
#4829 = VECTOR('',#4830,1.);
#4830 = DIRECTION('',(1.,0.,0.));
#4831 = PCURVE('',#365,#4832);
#4832 = DEFINITIONAL_REPRESENTATION('',(#4833),#4837);
#4833 = LINE('',#4834,#4835);
#4834 = CARTESIAN_POINT('',(-12.,1.));
#4835 = VECTOR('',#4836,1.);
#4836 = DIRECTION('',(0.,1.));
#4837 = ( GEOMETRIC_REPRESENTATION_CONTEXT(2) 
PARAMETRIC_REPRESENTATION_CONTEXT() REPRESENTATION_CONTEXT('2D SPACE',''
  ) );
#4838 = PCURVE('',#284,#4839);
#4839 = DEFINITIONAL_REPRESENTATION('',(#4840),#4844);
#4840 = LINE('',#4841,#4842);
#4841 = CARTESIAN_POINT('',(0.,2.5));
#4842 = VECTOR('',#4843,1.);
#4843 = DIRECTION('',(1.,0.));
#4844 = ( GEOMETRIC_REPRESENTATION_CONTEXT(2) 
PARAMETRIC_REPRESENTATION_CONTEXT() REPRESENTATION_CONTEXT('2D SPACE',''
  ) );
#4845 = ORIENTED_EDGE('',*,*,#4846,.T.);
#4846 = EDGE_CURVE('',#4824,#4847,#4849,.T.);
#4847 = VERTEX_POINT('',#4848);
#4848 = CARTESIAN_POINT('',(109.5,2.5,12.));
#4849 = SURFACE_CURVE('',#4850,(#4854,#4861),.PCURVE_S1.);
#4850 = LINE('',#4851,#4852);
#4851 = CARTESIAN_POINT('',(109.5,2.5,0.));
#4852 = VECTOR('',#4853,1.);
#4853 = DIRECTION('',(0.,0.,1.));
#4854 = PCURVE('',#365,#4855);
#4855 = DEFINITIONAL_REPRESENTATION('',(#4856),#4860);
#4856 = LINE('',#4857,#4858);
#4857 = CARTESIAN_POINT('',(-12.,110.5));
#4858 = VECTOR('',#4859,1.);
#4859 = DIRECTION('',(1.,0.));
#4860 = ( GEOMETRIC_REPRESENTATION_CONTEXT(2) 
PARAMETRIC_REPRESENTATION_CONTEXT() REPRESENTATION_CONTEXT('2D SPACE',''
  ) );
#4861 = PCURVE('',#4862,#4867);
#4862 = PLANE('',#4863);
#4863 = AXIS2_PLACEMENT_3D('',#4864,#4865,#4866);
#4864 = CARTESIAN_POINT('',(109.5,2.5,0.));
#4865 = DIRECTION('',(1.,0.,0.));
#4866 = DIRECTION('',(0.,0.,1.));
#4867 = DEFINITIONAL_REPRESENTATION('',(#4868),#4872);
#4868 = LINE('',#4869,#4870);
#4869 = CARTESIAN_POINT('',(0.,0.));
#4870 = VECTOR('',#4871,1.);
#4871 = DIRECTION('',(1.,0.));
#4872 = ( GEOMETRIC_REPRESENTATION_CONTEXT(2) 
PARAMETRIC_REPRESENTATION_CONTEXT() REPRESENTATION_CONTEXT('2D SPACE',''
  ) );
#4873 = ORIENTED_EDGE('',*,*,#4874,.F.);
#4874 = EDGE_CURVE('',#4875,#4847,#4877,.T.);
#4875 = VERTEX_POINT('',#4876);
#4876 = CARTESIAN_POINT('',(106.5,2.5,12.));
#4877 = SURFACE_CURVE('',#4878,(#4882,#4889),.PCURVE_S1.);
#4878 = LINE('',#4879,#4880);
#4879 = CARTESIAN_POINT('',(-1.,2.5,12.));
#4880 = VECTOR('',#4881,1.);
#4881 = DIRECTION('',(1.,0.,0.));
#4882 = PCURVE('',#365,#4883);
#4883 = DEFINITIONAL_REPRESENTATION('',(#4884),#4888);
#4884 = LINE('',#4885,#4886);
#4885 = CARTESIAN_POINT('',(0.,0.));
#4886 = VECTOR('',#4887,1.);
#4887 = DIRECTION('',(0.,1.));
#4888 = ( GEOMETRIC_REPRESENTATION_CONTEXT(2) 
PARAMETRIC_REPRESENTATION_CONTEXT() REPRESENTATION_CONTEXT('2D SPACE',''
  ) );
#4889 = PCURVE('',#4890,#4895);
#4890 = PLANE('',#4891);
#4891 = AXIS2_PLACEMENT_3D('',#4892,#4893,#4894);
#4892 = CARTESIAN_POINT('',(-1.,2.5,12.));
#4893 = DIRECTION('',(0.,0.,1.));
#4894 = DIRECTION('',(1.,0.,0.));
#4895 = DEFINITIONAL_REPRESENTATION('',(#4896),#4900);
#4896 = LINE('',#4897,#4898);
#4897 = CARTESIAN_POINT('',(0.,0.));
#4898 = VECTOR('',#4899,1.);
#4899 = DIRECTION('',(1.,0.));
#4900 = ( GEOMETRIC_REPRESENTATION_CONTEXT(2) 
PARAMETRIC_REPRESENTATION_CONTEXT() REPRESENTATION_CONTEXT('2D SPACE',''
  ) );
#4901 = ORIENTED_EDGE('',*,*,#4902,.F.);
#4902 = EDGE_CURVE('',#4903,#4875,#4905,.T.);
#4903 = VERTEX_POINT('',#4904);
#4904 = CARTESIAN_POINT('',(106.5,2.5,0.));
#4905 = SURFACE_CURVE('',#4906,(#4910,#4917),.PCURVE_S1.);
#4906 = LINE('',#4907,#4908);
#4907 = CARTESIAN_POINT('',(106.5,2.5,0.));
#4908 = VECTOR('',#4909,1.);
#4909 = DIRECTION('',(0.,0.,1.));
#4910 = PCURVE('',#365,#4911);
#4911 = DEFINITIONAL_REPRESENTATION('',(#4912),#4916);
#4912 = LINE('',#4913,#4914);
#4913 = CARTESIAN_POINT('',(-12.,107.5));
#4914 = VECTOR('',#4915,1.);
#4915 = DIRECTION('',(1.,0.));
#4916 = ( GEOMETRIC_REPRESENTATION_CONTEXT(2) 
PARAMETRIC_REPRESENTATION_CONTEXT() REPRESENTATION_CONTEXT('2D SPACE',''
  ) );
#4917 = PCURVE('',#4918,#4923);
#4918 = PLANE('',#4919);
#4919 = AXIS2_PLACEMENT_3D('',#4920,#4921,#4922);
#4920 = CARTESIAN_POINT('',(106.5,2.5,0.));
#4921 = DIRECTION('',(1.,0.,0.));
#4922 = DIRECTION('',(0.,0.,1.));
#4923 = DEFINITIONAL_REPRESENTATION('',(#4924),#4928);
#4924 = LINE('',#4925,#4926);
#4925 = CARTESIAN_POINT('',(0.,0.));
#4926 = VECTOR('',#4927,1.);
#4927 = DIRECTION('',(1.,0.));
#4928 = ( GEOMETRIC_REPRESENTATION_CONTEXT(2) 
PARAMETRIC_REPRESENTATION_CONTEXT() REPRESENTATION_CONTEXT('2D SPACE',''
  ) );
#4929 = ORIENTED_EDGE('',*,*,#4930,.F.);
#4930 = EDGE_CURVE('',#4931,#4903,#4933,.T.);
#4931 = VERTEX_POINT('',#4932);
#4932 = CARTESIAN_POINT('',(75.5,2.5,0.));
#4933 = SURFACE_CURVE('',#4934,(#4938,#4945),.PCURVE_S1.);
#4934 = LINE('',#4935,#4936);
#4935 = CARTESIAN_POINT('',(0.,2.5,0.));
#4936 = VECTOR('',#4937,1.);
#4937 = DIRECTION('',(1.,0.,0.));
#4938 = PCURVE('',#365,#4939);
#4939 = DEFINITIONAL_REPRESENTATION('',(#4940),#4944);
#4940 = LINE('',#4941,#4942);
#4941 = CARTESIAN_POINT('',(-12.,1.));
#4942 = VECTOR('',#4943,1.);
#4943 = DIRECTION('',(0.,1.));
#4944 = ( GEOMETRIC_REPRESENTATION_CONTEXT(2) 
PARAMETRIC_REPRESENTATION_CONTEXT() REPRESENTATION_CONTEXT('2D SPACE',''
  ) );
#4945 = PCURVE('',#284,#4946);
#4946 = DEFINITIONAL_REPRESENTATION('',(#4947),#4951);
#4947 = LINE('',#4948,#4949);
#4948 = CARTESIAN_POINT('',(0.,2.5));
#4949 = VECTOR('',#4950,1.);
#4950 = DIRECTION('',(1.,0.));
#4951 = ( GEOMETRIC_REPRESENTATION_CONTEXT(2) 
PARAMETRIC_REPRESENTATION_CONTEXT() REPRESENTATION_CONTEXT('2D SPACE',''
  ) );
#4952 = ORIENTED_EDGE('',*,*,#4953,.T.);
#4953 = EDGE_CURVE('',#4931,#4954,#4956,.T.);
#4954 = VERTEX_POINT('',#4955);
#4955 = CARTESIAN_POINT('',(75.5,2.5,12.));
#4956 = SURFACE_CURVE('',#4957,(#4961,#4968),.PCURVE_S1.);
#4957 = LINE('',#4958,#4959);
#4958 = CARTESIAN_POINT('',(75.5,2.5,0.));
#4959 = VECTOR('',#4960,1.);
#4960 = DIRECTION('',(0.,0.,1.));
#4961 = PCURVE('',#365,#4962);
#4962 = DEFINITIONAL_REPRESENTATION('',(#4963),#4967);
#4963 = LINE('',#4964,#4965);
#4964 = CARTESIAN_POINT('',(-12.,76.5));
#4965 = VECTOR('',#4966,1.);
#4966 = DIRECTION('',(1.,0.));
#4967 = ( GEOMETRIC_REPRESENTATION_CONTEXT(2) 
PARAMETRIC_REPRESENTATION_CONTEXT() REPRESENTATION_CONTEXT('2D SPACE',''
  ) );
#4968 = PCURVE('',#4969,#4974);
#4969 = PLANE('',#4970);
#4970 = AXIS2_PLACEMENT_3D('',#4971,#4972,#4973);
#4971 = CARTESIAN_POINT('',(75.5,2.5,0.));
#4972 = DIRECTION('',(1.,0.,0.));
#4973 = DIRECTION('',(0.,0.,1.));
#4974 = DEFINITIONAL_REPRESENTATION('',(#4975),#4979);
#4975 = LINE('',#4976,#4977);
#4976 = CARTESIAN_POINT('',(0.,0.));
#4977 = VECTOR('',#4978,1.);
#4978 = DIRECTION('',(1.,0.));
#4979 = ( GEOMETRIC_REPRESENTATION_CONTEXT(2) 
PARAMETRIC_REPRESENTATION_CONTEXT() REPRESENTATION_CONTEXT('2D SPACE',''
  ) );
#4980 = ORIENTED_EDGE('',*,*,#4981,.F.);
#4981 = EDGE_CURVE('',#4982,#4954,#4984,.T.);
#4982 = VERTEX_POINT('',#4983);
#4983 = CARTESIAN_POINT('',(72.5,2.5,12.));
#4984 = SURFACE_CURVE('',#4985,(#4989,#4996),.PCURVE_S1.);
#4985 = LINE('',#4986,#4987);
#4986 = CARTESIAN_POINT('',(-1.,2.5,12.));
#4987 = VECTOR('',#4988,1.);
#4988 = DIRECTION('',(1.,0.,0.));
#4989 = PCURVE('',#365,#4990);
#4990 = DEFINITIONAL_REPRESENTATION('',(#4991),#4995);
#4991 = LINE('',#4992,#4993);
#4992 = CARTESIAN_POINT('',(0.,0.));
#4993 = VECTOR('',#4994,1.);
#4994 = DIRECTION('',(0.,1.));
#4995 = ( GEOMETRIC_REPRESENTATION_CONTEXT(2) 
PARAMETRIC_REPRESENTATION_CONTEXT() REPRESENTATION_CONTEXT('2D SPACE',''
  ) );
#4996 = PCURVE('',#4997,#5002);
#4997 = PLANE('',#4998);
#4998 = AXIS2_PLACEMENT_3D('',#4999,#5000,#5001);
#4999 = CARTESIAN_POINT('',(-1.,2.5,12.));
#5000 = DIRECTION('',(0.,0.,1.));
#5001 = DIRECTION('',(1.,0.,0.));
#5002 = DEFINITIONAL_REPRESENTATION('',(#5003),#5007);
#5003 = LINE('',#5004,#5005);
#5004 = CARTESIAN_POINT('',(0.,0.));
#5005 = VECTOR('',#5006,1.);
#5006 = DIRECTION('',(1.,0.));
#5007 = ( GEOMETRIC_REPRESENTATION_CONTEXT(2) 
PARAMETRIC_REPRESENTATION_CONTEXT() REPRESENTATION_CONTEXT('2D SPACE',''
  ) );
#5008 = ORIENTED_EDGE('',*,*,#5009,.F.);
#5009 = EDGE_CURVE('',#5010,#4982,#5012,.T.);
#5010 = VERTEX_POINT('',#5011);
#5011 = CARTESIAN_POINT('',(72.5,2.5,0.));
#5012 = SURFACE_CURVE('',#5013,(#5017,#5024),.PCURVE_S1.);
#5013 = LINE('',#5014,#5015);
#5014 = CARTESIAN_POINT('',(72.5,2.5,0.));
#5015 = VECTOR('',#5016,1.);
#5016 = DIRECTION('',(0.,0.,1.));
#5017 = PCURVE('',#365,#5018);
#5018 = DEFINITIONAL_REPRESENTATION('',(#5019),#5023);
#5019 = LINE('',#5020,#5021);
#5020 = CARTESIAN_POINT('',(-12.,73.5));
#5021 = VECTOR('',#5022,1.);
#5022 = DIRECTION('',(1.,0.));
#5023 = ( GEOMETRIC_REPRESENTATION_CONTEXT(2) 
PARAMETRIC_REPRESENTATION_CONTEXT() REPRESENTATION_CONTEXT('2D SPACE',''
  ) );
#5024 = PCURVE('',#5025,#5030);
#5025 = PLANE('',#5026);
#5026 = AXIS2_PLACEMENT_3D('',#5027,#5028,#5029);
#5027 = CARTESIAN_POINT('',(72.5,2.5,0.));
#5028 = DIRECTION('',(1.,0.,0.));
#5029 = DIRECTION('',(0.,0.,1.));
#5030 = DEFINITIONAL_REPRESENTATION('',(#5031),#5035);
#5031 = LINE('',#5032,#5033);
#5032 = CARTESIAN_POINT('',(0.,0.));
#5033 = VECTOR('',#5034,1.);
#5034 = DIRECTION('',(1.,0.));
#5035 = ( GEOMETRIC_REPRESENTATION_CONTEXT(2) 
PARAMETRIC_REPRESENTATION_CONTEXT() REPRESENTATION_CONTEXT('2D SPACE',''
  ) );
#5036 = ORIENTED_EDGE('',*,*,#5037,.F.);
#5037 = EDGE_CURVE('',#5038,#5010,#5040,.T.);
#5038 = VERTEX_POINT('',#5039);
#5039 = CARTESIAN_POINT('',(41.5,2.5,0.));
#5040 = SURFACE_CURVE('',#5041,(#5045,#5052),.PCURVE_S1.);
#5041 = LINE('',#5042,#5043);
#5042 = CARTESIAN_POINT('',(0.,2.5,0.));
#5043 = VECTOR('',#5044,1.);
#5044 = DIRECTION('',(1.,0.,0.));
#5045 = PCURVE('',#365,#5046);
#5046 = DEFINITIONAL_REPRESENTATION('',(#5047),#5051);
#5047 = LINE('',#5048,#5049);
#5048 = CARTESIAN_POINT('',(-12.,1.));
#5049 = VECTOR('',#5050,1.);
#5050 = DIRECTION('',(0.,1.));
#5051 = ( GEOMETRIC_REPRESENTATION_CONTEXT(2) 
PARAMETRIC_REPRESENTATION_CONTEXT() REPRESENTATION_CONTEXT('2D SPACE',''
  ) );
#5052 = PCURVE('',#284,#5053);
#5053 = DEFINITIONAL_REPRESENTATION('',(#5054),#5058);
#5054 = LINE('',#5055,#5056);
#5055 = CARTESIAN_POINT('',(0.,2.5));
#5056 = VECTOR('',#5057,1.);
#5057 = DIRECTION('',(1.,0.));
#5058 = ( GEOMETRIC_REPRESENTATION_CONTEXT(2) 
PARAMETRIC_REPRESENTATION_CONTEXT() REPRESENTATION_CONTEXT('2D SPACE',''
  ) );
#5059 = ORIENTED_EDGE('',*,*,#5060,.T.);
#5060 = EDGE_CURVE('',#5038,#5061,#5063,.T.);
#5061 = VERTEX_POINT('',#5062);
#5062 = CARTESIAN_POINT('',(41.5,2.5,12.));
#5063 = SURFACE_CURVE('',#5064,(#5068,#5075),.PCURVE_S1.);
#5064 = LINE('',#5065,#5066);
#5065 = CARTESIAN_POINT('',(41.5,2.5,0.));
#5066 = VECTOR('',#5067,1.);
#5067 = DIRECTION('',(0.,0.,1.));
#5068 = PCURVE('',#365,#5069);
#5069 = DEFINITIONAL_REPRESENTATION('',(#5070),#5074);
#5070 = LINE('',#5071,#5072);
#5071 = CARTESIAN_POINT('',(-12.,42.5));
#5072 = VECTOR('',#5073,1.);
#5073 = DIRECTION('',(1.,0.));
#5074 = ( GEOMETRIC_REPRESENTATION_CONTEXT(2) 
PARAMETRIC_REPRESENTATION_CONTEXT() REPRESENTATION_CONTEXT('2D SPACE',''
  ) );
#5075 = PCURVE('',#5076,#5081);
#5076 = PLANE('',#5077);
#5077 = AXIS2_PLACEMENT_3D('',#5078,#5079,#5080);
#5078 = CARTESIAN_POINT('',(41.5,2.5,0.));
#5079 = DIRECTION('',(1.,0.,0.));
#5080 = DIRECTION('',(0.,0.,1.));
#5081 = DEFINITIONAL_REPRESENTATION('',(#5082),#5086);
#5082 = LINE('',#5083,#5084);
#5083 = CARTESIAN_POINT('',(0.,0.));
#5084 = VECTOR('',#5085,1.);
#5085 = DIRECTION('',(1.,0.));
#5086 = ( GEOMETRIC_REPRESENTATION_CONTEXT(2) 
PARAMETRIC_REPRESENTATION_CONTEXT() REPRESENTATION_CONTEXT('2D SPACE',''
  ) );
#5087 = ORIENTED_EDGE('',*,*,#5088,.F.);
#5088 = EDGE_CURVE('',#5089,#5061,#5091,.T.);
#5089 = VERTEX_POINT('',#5090);
#5090 = CARTESIAN_POINT('',(38.5,2.5,12.));
#5091 = SURFACE_CURVE('',#5092,(#5096,#5103),.PCURVE_S1.);
#5092 = LINE('',#5093,#5094);
#5093 = CARTESIAN_POINT('',(-1.,2.5,12.));
#5094 = VECTOR('',#5095,1.);
#5095 = DIRECTION('',(1.,0.,0.));
#5096 = PCURVE('',#365,#5097);
#5097 = DEFINITIONAL_REPRESENTATION('',(#5098),#5102);
#5098 = LINE('',#5099,#5100);
#5099 = CARTESIAN_POINT('',(0.,0.));
#5100 = VECTOR('',#5101,1.);
#5101 = DIRECTION('',(0.,1.));
#5102 = ( GEOMETRIC_REPRESENTATION_CONTEXT(2) 
PARAMETRIC_REPRESENTATION_CONTEXT() REPRESENTATION_CONTEXT('2D SPACE',''
  ) );
#5103 = PCURVE('',#5104,#5109);
#5104 = PLANE('',#5105);
#5105 = AXIS2_PLACEMENT_3D('',#5106,#5107,#5108);
#5106 = CARTESIAN_POINT('',(-1.,2.5,12.));
#5107 = DIRECTION('',(0.,0.,1.));
#5108 = DIRECTION('',(1.,0.,0.));
#5109 = DEFINITIONAL_REPRESENTATION('',(#5110),#5114);
#5110 = LINE('',#5111,#5112);
#5111 = CARTESIAN_POINT('',(0.,0.));
#5112 = VECTOR('',#5113,1.);
#5113 = DIRECTION('',(1.,0.));
#5114 = ( GEOMETRIC_REPRESENTATION_CONTEXT(2) 
PARAMETRIC_REPRESENTATION_CONTEXT() REPRESENTATION_CONTEXT('2D SPACE',''
  ) );
#5115 = ORIENTED_EDGE('',*,*,#5116,.F.);
#5116 = EDGE_CURVE('',#5117,#5089,#5119,.T.);
#5117 = VERTEX_POINT('',#5118);
#5118 = CARTESIAN_POINT('',(38.5,2.5,0.));
#5119 = SURFACE_CURVE('',#5120,(#5124,#5131),.PCURVE_S1.);
#5120 = LINE('',#5121,#5122);
#5121 = CARTESIAN_POINT('',(38.5,2.5,0.));
#5122 = VECTOR('',#5123,1.);
#5123 = DIRECTION('',(0.,0.,1.));
#5124 = PCURVE('',#365,#5125);
#5125 = DEFINITIONAL_REPRESENTATION('',(#5126),#5130);
#5126 = LINE('',#5127,#5128);
#5127 = CARTESIAN_POINT('',(-12.,39.5));
#5128 = VECTOR('',#5129,1.);
#5129 = DIRECTION('',(1.,0.));
#5130 = ( GEOMETRIC_REPRESENTATION_CONTEXT(2) 
PARAMETRIC_REPRESENTATION_CONTEXT() REPRESENTATION_CONTEXT('2D SPACE',''
  ) );
#5131 = PCURVE('',#5132,#5137);
#5132 = PLANE('',#5133);
#5133 = AXIS2_PLACEMENT_3D('',#5134,#5135,#5136);
#5134 = CARTESIAN_POINT('',(38.5,2.5,0.));
#5135 = DIRECTION('',(1.,0.,0.));
#5136 = DIRECTION('',(0.,0.,1.));
#5137 = DEFINITIONAL_REPRESENTATION('',(#5138),#5142);
#5138 = LINE('',#5139,#5140);
#5139 = CARTESIAN_POINT('',(0.,0.));
#5140 = VECTOR('',#5141,1.);
#5141 = DIRECTION('',(1.,0.));
#5142 = ( GEOMETRIC_REPRESENTATION_CONTEXT(2) 
PARAMETRIC_REPRESENTATION_CONTEXT() REPRESENTATION_CONTEXT('2D SPACE',''
  ) );
#5143 = ORIENTED_EDGE('',*,*,#5144,.F.);
#5144 = EDGE_CURVE('',#5145,#5117,#5147,.T.);
#5145 = VERTEX_POINT('',#5146);
#5146 = CARTESIAN_POINT('',(7.5,2.5,0.));
#5147 = SURFACE_CURVE('',#5148,(#5152,#5159),.PCURVE_S1.);
#5148 = LINE('',#5149,#5150);
#5149 = CARTESIAN_POINT('',(0.,2.5,0.));
#5150 = VECTOR('',#5151,1.);
#5151 = DIRECTION('',(1.,0.,0.));
#5152 = PCURVE('',#365,#5153);
#5153 = DEFINITIONAL_REPRESENTATION('',(#5154),#5158);
#5154 = LINE('',#5155,#5156);
#5155 = CARTESIAN_POINT('',(-12.,1.));
#5156 = VECTOR('',#5157,1.);
#5157 = DIRECTION('',(0.,1.));
#5158 = ( GEOMETRIC_REPRESENTATION_CONTEXT(2) 
PARAMETRIC_REPRESENTATION_CONTEXT() REPRESENTATION_CONTEXT('2D SPACE',''
  ) );
#5159 = PCURVE('',#284,#5160);
#5160 = DEFINITIONAL_REPRESENTATION('',(#5161),#5165);
#5161 = LINE('',#5162,#5163);
#5162 = CARTESIAN_POINT('',(0.,2.5));
#5163 = VECTOR('',#5164,1.);
#5164 = DIRECTION('',(1.,0.));
#5165 = ( GEOMETRIC_REPRESENTATION_CONTEXT(2) 
PARAMETRIC_REPRESENTATION_CONTEXT() REPRESENTATION_CONTEXT('2D SPACE',''
  ) );
#5166 = ORIENTED_EDGE('',*,*,#5167,.T.);
#5167 = EDGE_CURVE('',#5145,#5168,#5170,.T.);
#5168 = VERTEX_POINT('',#5169);
#5169 = CARTESIAN_POINT('',(7.5,2.5,12.));
#5170 = SURFACE_CURVE('',#5171,(#5175,#5182),.PCURVE_S1.);
#5171 = LINE('',#5172,#5173);
#5172 = CARTESIAN_POINT('',(7.5,2.5,0.));
#5173 = VECTOR('',#5174,1.);
#5174 = DIRECTION('',(0.,0.,1.));
#5175 = PCURVE('',#365,#5176);
#5176 = DEFINITIONAL_REPRESENTATION('',(#5177),#5181);
#5177 = LINE('',#5178,#5179);
#5178 = CARTESIAN_POINT('',(-12.,8.5));
#5179 = VECTOR('',#5180,1.);
#5180 = DIRECTION('',(1.,0.));
#5181 = ( GEOMETRIC_REPRESENTATION_CONTEXT(2) 
PARAMETRIC_REPRESENTATION_CONTEXT() REPRESENTATION_CONTEXT('2D SPACE',''
  ) );
#5182 = PCURVE('',#5183,#5188);
#5183 = PLANE('',#5184);
#5184 = AXIS2_PLACEMENT_3D('',#5185,#5186,#5187);
#5185 = CARTESIAN_POINT('',(7.5,2.5,0.));
#5186 = DIRECTION('',(1.,0.,0.));
#5187 = DIRECTION('',(0.,0.,1.));
#5188 = DEFINITIONAL_REPRESENTATION('',(#5189),#5193);
#5189 = LINE('',#5190,#5191);
#5190 = CARTESIAN_POINT('',(0.,0.));
#5191 = VECTOR('',#5192,1.);
#5192 = DIRECTION('',(1.,0.));
#5193 = ( GEOMETRIC_REPRESENTATION_CONTEXT(2) 
PARAMETRIC_REPRESENTATION_CONTEXT() REPRESENTATION_CONTEXT('2D SPACE',''
  ) );
#5194 = ORIENTED_EDGE('',*,*,#5195,.F.);
#5195 = EDGE_CURVE('',#325,#5168,#5196,.T.);
#5196 = SURFACE_CURVE('',#5197,(#5201,#5208),.PCURVE_S1.);
#5197 = LINE('',#5198,#5199);
#5198 = CARTESIAN_POINT('',(-1.,2.5,12.));
#5199 = VECTOR('',#5200,1.);
#5200 = DIRECTION('',(1.,0.,0.));
#5201 = PCURVE('',#365,#5202);
#5202 = DEFINITIONAL_REPRESENTATION('',(#5203),#5207);
#5203 = LINE('',#5204,#5205);
#5204 = CARTESIAN_POINT('',(0.,0.));
#5205 = VECTOR('',#5206,1.);
#5206 = DIRECTION('',(0.,1.));
#5207 = ( GEOMETRIC_REPRESENTATION_CONTEXT(2) 
PARAMETRIC_REPRESENTATION_CONTEXT() REPRESENTATION_CONTEXT('2D SPACE',''
  ) );
#5208 = PCURVE('',#339,#5209);
#5209 = DEFINITIONAL_REPRESENTATION('',(#5210),#5214);
#5210 = LINE('',#5211,#5212);
#5211 = CARTESIAN_POINT('',(0.,0.));
#5212 = VECTOR('',#5213,1.);
#5213 = DIRECTION('',(1.,0.));
#5214 = ( GEOMETRIC_REPRESENTATION_CONTEXT(2) 
PARAMETRIC_REPRESENTATION_CONTEXT() REPRESENTATION_CONTEXT('2D SPACE',''
  ) );
#5215 = ORIENTED_EDGE('',*,*,#350,.T.);
#5216 = FACE_BOUND('',#5217,.T.);
#5217 = EDGE_LOOP('',(#5218));
#5218 = ORIENTED_EDGE('',*,*,#5219,.T.);
#5219 = EDGE_CURVE('',#5220,#5220,#5222,.T.);
#5220 = VERTEX_POINT('',#5221);
#5221 = CARTESIAN_POINT('',(35.5,2.5,179.5));
#5222 = SURFACE_CURVE('',#5223,(#5228,#5239),.PCURVE_S1.);
#5223 = CIRCLE('',#5224,12.5);
#5224 = AXIS2_PLACEMENT_3D('',#5225,#5226,#5227);
#5225 = CARTESIAN_POINT('',(23.,2.5,179.5));
#5226 = DIRECTION('',(0.,-1.,0.));
#5227 = DIRECTION('',(1.,0.,0.));
#5228 = PCURVE('',#365,#5229);
#5229 = DEFINITIONAL_REPRESENTATION('',(#5230),#5238);
#5230 = ( BOUNDED_CURVE() B_SPLINE_CURVE(2,(#5231,#5232,#5233,#5234,
#5235,#5236,#5237),.UNSPECIFIED.,.T.,.F.) B_SPLINE_CURVE_WITH_KNOTS((1,2
    ,2,2,2,1),(-2.094395102393,0.,2.094395102393,4.188790204786,
6.28318530718,8.377580409573),.UNSPECIFIED.) CURVE() 
GEOMETRIC_REPRESENTATION_ITEM() RATIONAL_B_SPLINE_CURVE((1.,0.5,1.,0.5,
1.,0.5,1.)) REPRESENTATION_ITEM('') );
#5231 = CARTESIAN_POINT('',(167.5,36.5));
#5232 = CARTESIAN_POINT('',(189.15063509461,36.5));
#5233 = CARTESIAN_POINT('',(178.3253175473,17.75));
#5234 = CARTESIAN_POINT('',(167.5,-1.));
#5235 = CARTESIAN_POINT('',(156.67468245269,17.75));
#5236 = CARTESIAN_POINT('',(145.84936490538,36.5));
#5237 = CARTESIAN_POINT('',(167.5,36.5));
#5238 = ( GEOMETRIC_REPRESENTATION_CONTEXT(2) 
PARAMETRIC_REPRESENTATION_CONTEXT() REPRESENTATION_CONTEXT('2D SPACE',''
  ) );
#5239 = PCURVE('',#2471,#5240);
#5240 = DEFINITIONAL_REPRESENTATION('',(#5241),#5245);
#5241 = LINE('',#5242,#5243);
#5242 = CARTESIAN_POINT('',(0.,-15.));
#5243 = VECTOR('',#5244,1.);
#5244 = DIRECTION('',(1.,0.));
#5245 = ( GEOMETRIC_REPRESENTATION_CONTEXT(2) 
PARAMETRIC_REPRESENTATION_CONTEXT() REPRESENTATION_CONTEXT('2D SPACE',''
  ) );
#5246 = FACE_BOUND('',#5247,.T.);
#5247 = EDGE_LOOP('',(#5248));
#5248 = ORIENTED_EDGE('',*,*,#5249,.T.);
#5249 = EDGE_CURVE('',#5250,#5250,#5252,.T.);
#5250 = VERTEX_POINT('',#5251);
#5251 = CARTESIAN_POINT('',(35.5,2.5,34.5));
#5252 = SURFACE_CURVE('',#5253,(#5258,#5269),.PCURVE_S1.);
#5253 = CIRCLE('',#5254,12.5);
#5254 = AXIS2_PLACEMENT_3D('',#5255,#5256,#5257);
#5255 = CARTESIAN_POINT('',(23.,2.5,34.5));
#5256 = DIRECTION('',(0.,-1.,0.));
#5257 = DIRECTION('',(1.,0.,0.));
#5258 = PCURVE('',#365,#5259);
#5259 = DEFINITIONAL_REPRESENTATION('',(#5260),#5268);
#5260 = ( BOUNDED_CURVE() B_SPLINE_CURVE(2,(#5261,#5262,#5263,#5264,
#5265,#5266,#5267),.UNSPECIFIED.,.T.,.F.) B_SPLINE_CURVE_WITH_KNOTS((1,2
    ,2,2,2,1),(-2.094395102393,0.,2.094395102393,4.188790204786,
6.28318530718,8.377580409573),.UNSPECIFIED.) CURVE() 
GEOMETRIC_REPRESENTATION_ITEM() RATIONAL_B_SPLINE_CURVE((1.,0.5,1.,0.5,
1.,0.5,1.)) REPRESENTATION_ITEM('') );
#5261 = CARTESIAN_POINT('',(22.5,36.5));
#5262 = CARTESIAN_POINT('',(44.150635094611,36.5));
#5263 = CARTESIAN_POINT('',(33.325317547305,17.75));
#5264 = CARTESIAN_POINT('',(22.5,-1.));
#5265 = CARTESIAN_POINT('',(11.674682452695,17.75));
#5266 = CARTESIAN_POINT('',(0.849364905389,36.5));
#5267 = CARTESIAN_POINT('',(22.5,36.5));
#5268 = ( GEOMETRIC_REPRESENTATION_CONTEXT(2) 
PARAMETRIC_REPRESENTATION_CONTEXT() REPRESENTATION_CONTEXT('2D SPACE',''
  ) );
#5269 = PCURVE('',#2051,#5270);
#5270 = DEFINITIONAL_REPRESENTATION('',(#5271),#5275);
#5271 = LINE('',#5272,#5273);
#5272 = CARTESIAN_POINT('',(0.,-15.));
#5273 = VECTOR('',#5274,1.);
#5274 = DIRECTION('',(1.,0.));
#5275 = ( GEOMETRIC_REPRESENTATION_CONTEXT(2) 
PARAMETRIC_REPRESENTATION_CONTEXT() REPRESENTATION_CONTEXT('2D SPACE',''
  ) );
#5276 = FACE_BOUND('',#5277,.T.);
#5277 = EDGE_LOOP('',(#5278));
#5278 = ORIENTED_EDGE('',*,*,#5279,.T.);
#5279 = EDGE_CURVE('',#5280,#5280,#5282,.T.);
#5280 = VERTEX_POINT('',#5281);
#5281 = CARTESIAN_POINT('',(35.5,2.5,63.5));
#5282 = SURFACE_CURVE('',#5283,(#5288,#5299),.PCURVE_S1.);
#5283 = CIRCLE('',#5284,12.5);
#5284 = AXIS2_PLACEMENT_3D('',#5285,#5286,#5287);
#5285 = CARTESIAN_POINT('',(23.,2.5,63.5));
#5286 = DIRECTION('',(0.,-1.,0.));
#5287 = DIRECTION('',(1.,0.,0.));
#5288 = PCURVE('',#365,#5289);
#5289 = DEFINITIONAL_REPRESENTATION('',(#5290),#5298);
#5290 = ( BOUNDED_CURVE() B_SPLINE_CURVE(2,(#5291,#5292,#5293,#5294,
#5295,#5296,#5297),.UNSPECIFIED.,.T.,.F.) B_SPLINE_CURVE_WITH_KNOTS((1,2
    ,2,2,2,1),(-2.094395102393,0.,2.094395102393,4.188790204786,
6.28318530718,8.377580409573),.UNSPECIFIED.) CURVE() 
GEOMETRIC_REPRESENTATION_ITEM() RATIONAL_B_SPLINE_CURVE((1.,0.5,1.,0.5,
1.,0.5,1.)) REPRESENTATION_ITEM('') );
#5291 = CARTESIAN_POINT('',(51.5,36.5));
#5292 = CARTESIAN_POINT('',(73.150635094611,36.5));
#5293 = CARTESIAN_POINT('',(62.325317547305,17.75));
#5294 = CARTESIAN_POINT('',(51.5,-1.));
#5295 = CARTESIAN_POINT('',(40.674682452695,17.75));
#5296 = CARTESIAN_POINT('',(29.849364905389,36.5));
#5297 = CARTESIAN_POINT('',(51.5,36.5));
#5298 = ( GEOMETRIC_REPRESENTATION_CONTEXT(2) 
PARAMETRIC_REPRESENTATION_CONTEXT() REPRESENTATION_CONTEXT('2D SPACE',''
  ) );
#5299 = PCURVE('',#2086,#5300);
#5300 = DEFINITIONAL_REPRESENTATION('',(#5301),#5305);
#5301 = LINE('',#5302,#5303);
#5302 = CARTESIAN_POINT('',(0.,-15.));
#5303 = VECTOR('',#5304,1.);
#5304 = DIRECTION('',(1.,0.));
#5305 = ( GEOMETRIC_REPRESENTATION_CONTEXT(2) 
PARAMETRIC_REPRESENTATION_CONTEXT() REPRESENTATION_CONTEXT('2D SPACE',''
  ) );
#5306 = FACE_BOUND('',#5307,.T.);
#5307 = EDGE_LOOP('',(#5308));
#5308 = ORIENTED_EDGE('',*,*,#5309,.T.);
#5309 = EDGE_CURVE('',#5310,#5310,#5312,.T.);
#5310 = VERTEX_POINT('',#5311);
#5311 = CARTESIAN_POINT('',(35.5,2.5,92.5));
#5312 = SURFACE_CURVE('',#5313,(#5318,#5329),.PCURVE_S1.);
#5313 = CIRCLE('',#5314,12.5);
#5314 = AXIS2_PLACEMENT_3D('',#5315,#5316,#5317);
#5315 = CARTESIAN_POINT('',(23.,2.5,92.5));
#5316 = DIRECTION('',(0.,-1.,0.));
#5317 = DIRECTION('',(1.,0.,0.));
#5318 = PCURVE('',#365,#5319);
#5319 = DEFINITIONAL_REPRESENTATION('',(#5320),#5328);
#5320 = ( BOUNDED_CURVE() B_SPLINE_CURVE(2,(#5321,#5322,#5323,#5324,
#5325,#5326,#5327),.UNSPECIFIED.,.T.,.F.) B_SPLINE_CURVE_WITH_KNOTS((1,2
    ,2,2,2,1),(-2.094395102393,0.,2.094395102393,4.188790204786,
6.28318530718,8.377580409573),.UNSPECIFIED.) CURVE() 
GEOMETRIC_REPRESENTATION_ITEM() RATIONAL_B_SPLINE_CURVE((1.,0.5,1.,0.5,
1.,0.5,1.)) REPRESENTATION_ITEM('') );
#5321 = CARTESIAN_POINT('',(80.5,36.5));
#5322 = CARTESIAN_POINT('',(102.15063509461,36.5));
#5323 = CARTESIAN_POINT('',(91.325317547305,17.75));
#5324 = CARTESIAN_POINT('',(80.5,-1.));
#5325 = CARTESIAN_POINT('',(69.674682452695,17.75));
#5326 = CARTESIAN_POINT('',(58.849364905389,36.5));
#5327 = CARTESIAN_POINT('',(80.5,36.5));
#5328 = ( GEOMETRIC_REPRESENTATION_CONTEXT(2) 
PARAMETRIC_REPRESENTATION_CONTEXT() REPRESENTATION_CONTEXT('2D SPACE',''
  ) );
#5329 = PCURVE('',#2191,#5330);
#5330 = DEFINITIONAL_REPRESENTATION('',(#5331),#5335);
#5331 = LINE('',#5332,#5333);
#5332 = CARTESIAN_POINT('',(0.,-15.));
#5333 = VECTOR('',#5334,1.);
#5334 = DIRECTION('',(1.,0.));
#5335 = ( GEOMETRIC_REPRESENTATION_CONTEXT(2) 
PARAMETRIC_REPRESENTATION_CONTEXT() REPRESENTATION_CONTEXT('2D SPACE',''
  ) );
#5336 = FACE_BOUND('',#5337,.T.);
#5337 = EDGE_LOOP('',(#5338));
#5338 = ORIENTED_EDGE('',*,*,#5339,.T.);
#5339 = EDGE_CURVE('',#5340,#5340,#5342,.T.);
#5340 = VERTEX_POINT('',#5341);
#5341 = CARTESIAN_POINT('',(35.5,2.5,121.5));
#5342 = SURFACE_CURVE('',#5343,(#5348,#5359),.PCURVE_S1.);
#5343 = CIRCLE('',#5344,12.5);
#5344 = AXIS2_PLACEMENT_3D('',#5345,#5346,#5347);
#5345 = CARTESIAN_POINT('',(23.,2.5,121.5));
#5346 = DIRECTION('',(0.,-1.,0.));
#5347 = DIRECTION('',(1.,0.,0.));
#5348 = PCURVE('',#365,#5349);
#5349 = DEFINITIONAL_REPRESENTATION('',(#5350),#5358);
#5350 = ( BOUNDED_CURVE() B_SPLINE_CURVE(2,(#5351,#5352,#5353,#5354,
#5355,#5356,#5357),.UNSPECIFIED.,.T.,.F.) B_SPLINE_CURVE_WITH_KNOTS((1,2
    ,2,2,2,1),(-2.094395102393,0.,2.094395102393,4.188790204786,
6.28318530718,8.377580409573),.UNSPECIFIED.) CURVE() 
GEOMETRIC_REPRESENTATION_ITEM() RATIONAL_B_SPLINE_CURVE((1.,0.5,1.,0.5,
1.,0.5,1.)) REPRESENTATION_ITEM('') );
#5351 = CARTESIAN_POINT('',(109.5,36.5));
#5352 = CARTESIAN_POINT('',(131.15063509461,36.5));
#5353 = CARTESIAN_POINT('',(120.3253175473,17.75));
#5354 = CARTESIAN_POINT('',(109.5,-1.));
#5355 = CARTESIAN_POINT('',(98.674682452695,17.75));
#5356 = CARTESIAN_POINT('',(87.849364905389,36.5));
#5357 = CARTESIAN_POINT('',(109.5,36.5));
#5358 = ( GEOMETRIC_REPRESENTATION_CONTEXT(2) 
PARAMETRIC_REPRESENTATION_CONTEXT() REPRESENTATION_CONTEXT('2D SPACE',''
  ) );
#5359 = PCURVE('',#2366,#5360);
#5360 = DEFINITIONAL_REPRESENTATION('',(#5361),#5365);
#5361 = LINE('',#5362,#5363);
#5362 = CARTESIAN_POINT('',(0.,-15.));
#5363 = VECTOR('',#5364,1.);
#5364 = DIRECTION('',(1.,0.));
#5365 = ( GEOMETRIC_REPRESENTATION_CONTEXT(2) 
PARAMETRIC_REPRESENTATION_CONTEXT() REPRESENTATION_CONTEXT('2D SPACE',''
  ) );
#5366 = FACE_BOUND('',#5367,.T.);
#5367 = EDGE_LOOP('',(#5368));
#5368 = ORIENTED_EDGE('',*,*,#5369,.T.);
#5369 = EDGE_CURVE('',#5370,#5370,#5372,.T.);
#5370 = VERTEX_POINT('',#5371);
#5371 = CARTESIAN_POINT('',(35.5,2.5,150.5));
#5372 = SURFACE_CURVE('',#5373,(#5378,#5389),.PCURVE_S1.);
#5373 = CIRCLE('',#5374,12.5);
#5374 = AXIS2_PLACEMENT_3D('',#5375,#5376,#5377);
#5375 = CARTESIAN_POINT('',(23.,2.5,150.5));
#5376 = DIRECTION('',(0.,-1.,0.));
#5377 = DIRECTION('',(1.,0.,0.));
#5378 = PCURVE('',#365,#5379);
#5379 = DEFINITIONAL_REPRESENTATION('',(#5380),#5388);
#5380 = ( BOUNDED_CURVE() B_SPLINE_CURVE(2,(#5381,#5382,#5383,#5384,
#5385,#5386,#5387),.UNSPECIFIED.,.T.,.F.) B_SPLINE_CURVE_WITH_KNOTS((1,2
    ,2,2,2,1),(-2.094395102393,0.,2.094395102393,4.188790204786,
6.28318530718,8.377580409573),.UNSPECIFIED.) CURVE() 
GEOMETRIC_REPRESENTATION_ITEM() RATIONAL_B_SPLINE_CURVE((1.,0.5,1.,0.5,
1.,0.5,1.)) REPRESENTATION_ITEM('') );
#5381 = CARTESIAN_POINT('',(138.5,36.5));
#5382 = CARTESIAN_POINT('',(160.15063509461,36.5));
#5383 = CARTESIAN_POINT('',(149.3253175473,17.75));
#5384 = CARTESIAN_POINT('',(138.5,-1.));
#5385 = CARTESIAN_POINT('',(127.67468245269,17.75));
#5386 = CARTESIAN_POINT('',(116.84936490538,36.5));
#5387 = CARTESIAN_POINT('',(138.5,36.5));
#5388 = ( GEOMETRIC_REPRESENTATION_CONTEXT(2) 
PARAMETRIC_REPRESENTATION_CONTEXT() REPRESENTATION_CONTEXT('2D SPACE',''
  ) );
#5389 = PCURVE('',#2436,#5390);
#5390 = DEFINITIONAL_REPRESENTATION('',(#5391),#5395);
#5391 = LINE('',#5392,#5393);
#5392 = CARTESIAN_POINT('',(0.,-15.));
#5393 = VECTOR('',#5394,1.);
#5394 = DIRECTION('',(1.,0.));
#5395 = ( GEOMETRIC_REPRESENTATION_CONTEXT(2) 
PARAMETRIC_REPRESENTATION_CONTEXT() REPRESENTATION_CONTEXT('2D SPACE',''
  ) );
#5396 = FACE_BOUND('',#5397,.T.);
#5397 = EDGE_LOOP('',(#5398));
#5398 = ORIENTED_EDGE('',*,*,#5399,.T.);
#5399 = EDGE_CURVE('',#5400,#5400,#5402,.T.);
#5400 = VERTEX_POINT('',#5401);
#5401 = CARTESIAN_POINT('',(69.5,2.5,179.5));
#5402 = SURFACE_CURVE('',#5403,(#5408,#5419),.PCURVE_S1.);
#5403 = CIRCLE('',#5404,12.5);
#5404 = AXIS2_PLACEMENT_3D('',#5405,#5406,#5407);
#5405 = CARTESIAN_POINT('',(57.,2.5,179.5));
#5406 = DIRECTION('',(0.,-1.,0.));
#5407 = DIRECTION('',(1.,0.,0.));
#5408 = PCURVE('',#365,#5409);
#5409 = DEFINITIONAL_REPRESENTATION('',(#5410),#5418);
#5410 = ( BOUNDED_CURVE() B_SPLINE_CURVE(2,(#5411,#5412,#5413,#5414,
#5415,#5416,#5417),.UNSPECIFIED.,.T.,.F.) B_SPLINE_CURVE_WITH_KNOTS((1,2
    ,2,2,2,1),(-2.094395102393,0.,2.094395102393,4.188790204786,
6.28318530718,8.377580409573),.UNSPECIFIED.) CURVE() 
GEOMETRIC_REPRESENTATION_ITEM() RATIONAL_B_SPLINE_CURVE((1.,0.5,1.,0.5,
1.,0.5,1.)) REPRESENTATION_ITEM('') );
#5411 = CARTESIAN_POINT('',(167.5,70.5));
#5412 = CARTESIAN_POINT('',(189.15063509461,70.5));
#5413 = CARTESIAN_POINT('',(178.3253175473,51.75));
#5414 = CARTESIAN_POINT('',(167.5,33.));
#5415 = CARTESIAN_POINT('',(156.67468245269,51.75));
#5416 = CARTESIAN_POINT('',(145.84936490538,70.5));
#5417 = CARTESIAN_POINT('',(167.5,70.5));
#5418 = ( GEOMETRIC_REPRESENTATION_CONTEXT(2) 
PARAMETRIC_REPRESENTATION_CONTEXT() REPRESENTATION_CONTEXT('2D SPACE',''
  ) );
#5419 = PCURVE('',#2541,#5420);
#5420 = DEFINITIONAL_REPRESENTATION('',(#5421),#5425);
#5421 = LINE('',#5422,#5423);
#5422 = CARTESIAN_POINT('',(0.,-15.));
#5423 = VECTOR('',#5424,1.);
#5424 = DIRECTION('',(1.,0.));
#5425 = ( GEOMETRIC_REPRESENTATION_CONTEXT(2) 
PARAMETRIC_REPRESENTATION_CONTEXT() REPRESENTATION_CONTEXT('2D SPACE',''
  ) );
#5426 = FACE_BOUND('',#5427,.T.);
#5427 = EDGE_LOOP('',(#5428));
#5428 = ORIENTED_EDGE('',*,*,#5429,.T.);
#5429 = EDGE_CURVE('',#5430,#5430,#5432,.T.);
#5430 = VERTEX_POINT('',#5431);
#5431 = CARTESIAN_POINT('',(69.5,2.5,34.5));
#5432 = SURFACE_CURVE('',#5433,(#5438,#5449),.PCURVE_S1.);
#5433 = CIRCLE('',#5434,12.5);
#5434 = AXIS2_PLACEMENT_3D('',#5435,#5436,#5437);
#5435 = CARTESIAN_POINT('',(57.,2.5,34.5));
#5436 = DIRECTION('',(0.,-1.,0.));
#5437 = DIRECTION('',(1.,0.,0.));
#5438 = PCURVE('',#365,#5439);
#5439 = DEFINITIONAL_REPRESENTATION('',(#5440),#5448);
#5440 = ( BOUNDED_CURVE() B_SPLINE_CURVE(2,(#5441,#5442,#5443,#5444,
#5445,#5446,#5447),.UNSPECIFIED.,.T.,.F.) B_SPLINE_CURVE_WITH_KNOTS((1,2
    ,2,2,2,1),(-2.094395102393,0.,2.094395102393,4.188790204786,
6.28318530718,8.377580409573),.UNSPECIFIED.) CURVE() 
GEOMETRIC_REPRESENTATION_ITEM() RATIONAL_B_SPLINE_CURVE((1.,0.5,1.,0.5,
1.,0.5,1.)) REPRESENTATION_ITEM('') );
#5441 = CARTESIAN_POINT('',(22.5,70.5));
#5442 = CARTESIAN_POINT('',(44.150635094611,70.5));
#5443 = CARTESIAN_POINT('',(33.325317547305,51.75));
#5444 = CARTESIAN_POINT('',(22.5,33.));
#5445 = CARTESIAN_POINT('',(11.674682452695,51.75));
#5446 = CARTESIAN_POINT('',(0.849364905389,70.5));
#5447 = CARTESIAN_POINT('',(22.5,70.5));
#5448 = ( GEOMETRIC_REPRESENTATION_CONTEXT(2) 
PARAMETRIC_REPRESENTATION_CONTEXT() REPRESENTATION_CONTEXT('2D SPACE',''
  ) );
#5449 = PCURVE('',#2121,#5450);
#5450 = DEFINITIONAL_REPRESENTATION('',(#5451),#5455);
#5451 = LINE('',#5452,#5453);
#5452 = CARTESIAN_POINT('',(0.,-15.));
#5453 = VECTOR('',#5454,1.);
#5454 = DIRECTION('',(1.,0.));
#5455 = ( GEOMETRIC_REPRESENTATION_CONTEXT(2) 
PARAMETRIC_REPRESENTATION_CONTEXT() REPRESENTATION_CONTEXT('2D SPACE',''
  ) );
#5456 = FACE_BOUND('',#5457,.T.);
#5457 = EDGE_LOOP('',(#5458));
#5458 = ORIENTED_EDGE('',*,*,#5459,.T.);
#5459 = EDGE_CURVE('',#5460,#5460,#5462,.T.);
#5460 = VERTEX_POINT('',#5461);
#5461 = CARTESIAN_POINT('',(69.5,2.5,63.5));
#5462 = SURFACE_CURVE('',#5463,(#5468,#5479),.PCURVE_S1.);
#5463 = CIRCLE('',#5464,12.5);
#5464 = AXIS2_PLACEMENT_3D('',#5465,#5466,#5467);
#5465 = CARTESIAN_POINT('',(57.,2.5,63.5));
#5466 = DIRECTION('',(0.,-1.,0.));
#5467 = DIRECTION('',(1.,0.,0.));
#5468 = PCURVE('',#365,#5469);
#5469 = DEFINITIONAL_REPRESENTATION('',(#5470),#5478);
#5470 = ( BOUNDED_CURVE() B_SPLINE_CURVE(2,(#5471,#5472,#5473,#5474,
#5475,#5476,#5477),.UNSPECIFIED.,.T.,.F.) B_SPLINE_CURVE_WITH_KNOTS((1,2
    ,2,2,2,1),(-2.094395102393,0.,2.094395102393,4.188790204786,
6.28318530718,8.377580409573),.UNSPECIFIED.) CURVE() 
GEOMETRIC_REPRESENTATION_ITEM() RATIONAL_B_SPLINE_CURVE((1.,0.5,1.,0.5,
1.,0.5,1.)) REPRESENTATION_ITEM('') );
#5471 = CARTESIAN_POINT('',(51.5,70.5));
#5472 = CARTESIAN_POINT('',(73.150635094611,70.5));
#5473 = CARTESIAN_POINT('',(62.325317547305,51.75));
#5474 = CARTESIAN_POINT('',(51.5,33.));
#5475 = CARTESIAN_POINT('',(40.674682452695,51.75));
#5476 = CARTESIAN_POINT('',(29.849364905389,70.5));
#5477 = CARTESIAN_POINT('',(51.5,70.5));
#5478 = ( GEOMETRIC_REPRESENTATION_CONTEXT(2) 
PARAMETRIC_REPRESENTATION_CONTEXT() REPRESENTATION_CONTEXT('2D SPACE',''
  ) );
#5479 = PCURVE('',#2156,#5480);
#5480 = DEFINITIONAL_REPRESENTATION('',(#5481),#5485);
#5481 = LINE('',#5482,#5483);
#5482 = CARTESIAN_POINT('',(0.,-15.));
#5483 = VECTOR('',#5484,1.);
#5484 = DIRECTION('',(1.,0.));
#5485 = ( GEOMETRIC_REPRESENTATION_CONTEXT(2) 
PARAMETRIC_REPRESENTATION_CONTEXT() REPRESENTATION_CONTEXT('2D SPACE',''
  ) );
#5486 = FACE_BOUND('',#5487,.T.);
#5487 = EDGE_LOOP('',(#5488));
#5488 = ORIENTED_EDGE('',*,*,#5489,.T.);
#5489 = EDGE_CURVE('',#5490,#5490,#5492,.T.);
#5490 = VERTEX_POINT('',#5491);
#5491 = CARTESIAN_POINT('',(69.5,2.5,92.5));
#5492 = SURFACE_CURVE('',#5493,(#5498,#5509),.PCURVE_S1.);
#5493 = CIRCLE('',#5494,12.5);
#5494 = AXIS2_PLACEMENT_3D('',#5495,#5496,#5497);
#5495 = CARTESIAN_POINT('',(57.,2.5,92.5));
#5496 = DIRECTION('',(0.,-1.,0.));
#5497 = DIRECTION('',(1.,0.,0.));
#5498 = PCURVE('',#365,#5499);
#5499 = DEFINITIONAL_REPRESENTATION('',(#5500),#5508);
#5500 = ( BOUNDED_CURVE() B_SPLINE_CURVE(2,(#5501,#5502,#5503,#5504,
#5505,#5506,#5507),.UNSPECIFIED.,.T.,.F.) B_SPLINE_CURVE_WITH_KNOTS((1,2
    ,2,2,2,1),(-2.094395102393,0.,2.094395102393,4.188790204786,
6.28318530718,8.377580409573),.UNSPECIFIED.) CURVE() 
GEOMETRIC_REPRESENTATION_ITEM() RATIONAL_B_SPLINE_CURVE((1.,0.5,1.,0.5,
1.,0.5,1.)) REPRESENTATION_ITEM('') );
#5501 = CARTESIAN_POINT('',(80.5,70.5));
#5502 = CARTESIAN_POINT('',(102.15063509461,70.5));
#5503 = CARTESIAN_POINT('',(91.325317547305,51.75));
#5504 = CARTESIAN_POINT('',(80.5,33.));
#5505 = CARTESIAN_POINT('',(69.674682452695,51.75));
#5506 = CARTESIAN_POINT('',(58.849364905389,70.5));
#5507 = CARTESIAN_POINT('',(80.5,70.5));
#5508 = ( GEOMETRIC_REPRESENTATION_CONTEXT(2) 
PARAMETRIC_REPRESENTATION_CONTEXT() REPRESENTATION_CONTEXT('2D SPACE',''
  ) );
#5509 = PCURVE('',#2226,#5510);
#5510 = DEFINITIONAL_REPRESENTATION('',(#5511),#5515);
#5511 = LINE('',#5512,#5513);
#5512 = CARTESIAN_POINT('',(0.,-15.));
#5513 = VECTOR('',#5514,1.);
#5514 = DIRECTION('',(1.,0.));
#5515 = ( GEOMETRIC_REPRESENTATION_CONTEXT(2) 
PARAMETRIC_REPRESENTATION_CONTEXT() REPRESENTATION_CONTEXT('2D SPACE',''
  ) );
#5516 = FACE_BOUND('',#5517,.T.);
#5517 = EDGE_LOOP('',(#5518));
#5518 = ORIENTED_EDGE('',*,*,#5519,.T.);
#5519 = EDGE_CURVE('',#5520,#5520,#5522,.T.);
#5520 = VERTEX_POINT('',#5521);
#5521 = CARTESIAN_POINT('',(69.5,2.5,121.5));
#5522 = SURFACE_CURVE('',#5523,(#5528,#5539),.PCURVE_S1.);
#5523 = CIRCLE('',#5524,12.5);
#5524 = AXIS2_PLACEMENT_3D('',#5525,#5526,#5527);
#5525 = CARTESIAN_POINT('',(57.,2.5,121.5));
#5526 = DIRECTION('',(0.,-1.,0.));
#5527 = DIRECTION('',(1.,0.,0.));
#5528 = PCURVE('',#365,#5529);
#5529 = DEFINITIONAL_REPRESENTATION('',(#5530),#5538);
#5530 = ( BOUNDED_CURVE() B_SPLINE_CURVE(2,(#5531,#5532,#5533,#5534,
#5535,#5536,#5537),.UNSPECIFIED.,.T.,.F.) B_SPLINE_CURVE_WITH_KNOTS((1,2
    ,2,2,2,1),(-2.094395102393,0.,2.094395102393,4.188790204786,
6.28318530718,8.377580409573),.UNSPECIFIED.) CURVE() 
GEOMETRIC_REPRESENTATION_ITEM() RATIONAL_B_SPLINE_CURVE((1.,0.5,1.,0.5,
1.,0.5,1.)) REPRESENTATION_ITEM('') );
#5531 = CARTESIAN_POINT('',(109.5,70.5));
#5532 = CARTESIAN_POINT('',(131.15063509461,70.5));
#5533 = CARTESIAN_POINT('',(120.3253175473,51.75));
#5534 = CARTESIAN_POINT('',(109.5,33.));
#5535 = CARTESIAN_POINT('',(98.674682452695,51.75));
#5536 = CARTESIAN_POINT('',(87.849364905389,70.5));
#5537 = CARTESIAN_POINT('',(109.5,70.5));
#5538 = ( GEOMETRIC_REPRESENTATION_CONTEXT(2) 
PARAMETRIC_REPRESENTATION_CONTEXT() REPRESENTATION_CONTEXT('2D SPACE',''
  ) );
#5539 = PCURVE('',#2401,#5540);
#5540 = DEFINITIONAL_REPRESENTATION('',(#5541),#5545);
#5541 = LINE('',#5542,#5543);
#5542 = CARTESIAN_POINT('',(0.,-15.));
#5543 = VECTOR('',#5544,1.);
#5544 = DIRECTION('',(1.,0.));
#5545 = ( GEOMETRIC_REPRESENTATION_CONTEXT(2) 
PARAMETRIC_REPRESENTATION_CONTEXT() REPRESENTATION_CONTEXT('2D SPACE',''
  ) );
#5546 = FACE_BOUND('',#5547,.T.);
#5547 = EDGE_LOOP('',(#5548));
#5548 = ORIENTED_EDGE('',*,*,#5549,.T.);
#5549 = EDGE_CURVE('',#5550,#5550,#5552,.T.);
#5550 = VERTEX_POINT('',#5551);
#5551 = CARTESIAN_POINT('',(69.5,2.5,150.5));
#5552 = SURFACE_CURVE('',#5553,(#5558,#5569),.PCURVE_S1.);
#5553 = CIRCLE('',#5554,12.5);
#5554 = AXIS2_PLACEMENT_3D('',#5555,#5556,#5557);
#5555 = CARTESIAN_POINT('',(57.,2.5,150.5));
#5556 = DIRECTION('',(0.,-1.,0.));
#5557 = DIRECTION('',(1.,0.,0.));
#5558 = PCURVE('',#365,#5559);
#5559 = DEFINITIONAL_REPRESENTATION('',(#5560),#5568);
#5560 = ( BOUNDED_CURVE() B_SPLINE_CURVE(2,(#5561,#5562,#5563,#5564,
#5565,#5566,#5567),.UNSPECIFIED.,.T.,.F.) B_SPLINE_CURVE_WITH_KNOTS((1,2
    ,2,2,2,1),(-2.094395102393,0.,2.094395102393,4.188790204786,
6.28318530718,8.377580409573),.UNSPECIFIED.) CURVE() 
GEOMETRIC_REPRESENTATION_ITEM() RATIONAL_B_SPLINE_CURVE((1.,0.5,1.,0.5,
1.,0.5,1.)) REPRESENTATION_ITEM('') );
#5561 = CARTESIAN_POINT('',(138.5,70.5));
#5562 = CARTESIAN_POINT('',(160.15063509461,70.5));
#5563 = CARTESIAN_POINT('',(149.3253175473,51.75));
#5564 = CARTESIAN_POINT('',(138.5,33.));
#5565 = CARTESIAN_POINT('',(127.67468245269,51.75));
#5566 = CARTESIAN_POINT('',(116.84936490538,70.5));
#5567 = CARTESIAN_POINT('',(138.5,70.5));
#5568 = ( GEOMETRIC_REPRESENTATION_CONTEXT(2) 
PARAMETRIC_REPRESENTATION_CONTEXT() REPRESENTATION_CONTEXT('2D SPACE',''
  ) );
#5569 = PCURVE('',#2506,#5570);
#5570 = DEFINITIONAL_REPRESENTATION('',(#5571),#5575);
#5571 = LINE('',#5572,#5573);
#5572 = CARTESIAN_POINT('',(0.,-15.));
#5573 = VECTOR('',#5574,1.);
#5574 = DIRECTION('',(1.,0.));
#5575 = ( GEOMETRIC_REPRESENTATION_CONTEXT(2) 
PARAMETRIC_REPRESENTATION_CONTEXT() REPRESENTATION_CONTEXT('2D SPACE',''
  ) );
#5576 = FACE_BOUND('',#5577,.T.);
#5577 = EDGE_LOOP('',(#5578));
#5578 = ORIENTED_EDGE('',*,*,#5579,.T.);
#5579 = EDGE_CURVE('',#5580,#5580,#5582,.T.);
#5580 = VERTEX_POINT('',#5581);
#5581 = CARTESIAN_POINT('',(103.5,2.5,179.5));
#5582 = SURFACE_CURVE('',#5583,(#5588,#5599),.PCURVE_S1.);
#5583 = CIRCLE('',#5584,12.5);
#5584 = AXIS2_PLACEMENT_3D('',#5585,#5586,#5587);
#5585 = CARTESIAN_POINT('',(91.,2.5,179.5));
#5586 = DIRECTION('',(0.,-1.,0.));
#5587 = DIRECTION('',(1.,0.,0.));
#5588 = PCURVE('',#365,#5589);
#5589 = DEFINITIONAL_REPRESENTATION('',(#5590),#5598);
#5590 = ( BOUNDED_CURVE() B_SPLINE_CURVE(2,(#5591,#5592,#5593,#5594,
#5595,#5596,#5597),.UNSPECIFIED.,.T.,.F.) B_SPLINE_CURVE_WITH_KNOTS((1,2
    ,2,2,2,1),(-2.094395102393,0.,2.094395102393,4.188790204786,
6.28318530718,8.377580409573),.UNSPECIFIED.) CURVE() 
GEOMETRIC_REPRESENTATION_ITEM() RATIONAL_B_SPLINE_CURVE((1.,0.5,1.,0.5,
1.,0.5,1.)) REPRESENTATION_ITEM('') );
#5591 = CARTESIAN_POINT('',(167.5,104.5));
#5592 = CARTESIAN_POINT('',(189.15063509461,104.5));
#5593 = CARTESIAN_POINT('',(178.3253175473,85.75));
#5594 = CARTESIAN_POINT('',(167.5,67.));
#5595 = CARTESIAN_POINT('',(156.67468245269,85.75));
#5596 = CARTESIAN_POINT('',(145.84936490538,104.5));
#5597 = CARTESIAN_POINT('',(167.5,104.5));
#5598 = ( GEOMETRIC_REPRESENTATION_CONTEXT(2) 
PARAMETRIC_REPRESENTATION_CONTEXT() REPRESENTATION_CONTEXT('2D SPACE',''
  ) );
#5599 = PCURVE('',#2646,#5600);
#5600 = DEFINITIONAL_REPRESENTATION('',(#5601),#5605);
#5601 = LINE('',#5602,#5603);
#5602 = CARTESIAN_POINT('',(0.,-15.));
#5603 = VECTOR('',#5604,1.);
#5604 = DIRECTION('',(1.,0.));
#5605 = ( GEOMETRIC_REPRESENTATION_CONTEXT(2) 
PARAMETRIC_REPRESENTATION_CONTEXT() REPRESENTATION_CONTEXT('2D SPACE',''
  ) );
#5606 = FACE_BOUND('',#5607,.T.);
#5607 = EDGE_LOOP('',(#5608));
#5608 = ORIENTED_EDGE('',*,*,#5609,.T.);
#5609 = EDGE_CURVE('',#5610,#5610,#5612,.T.);
#5610 = VERTEX_POINT('',#5611);
#5611 = CARTESIAN_POINT('',(103.5,2.5,34.5));
#5612 = SURFACE_CURVE('',#5613,(#5618,#5629),.PCURVE_S1.);
#5613 = CIRCLE('',#5614,12.5);
#5614 = AXIS2_PLACEMENT_3D('',#5615,#5616,#5617);
#5615 = CARTESIAN_POINT('',(91.,2.5,34.5));
#5616 = DIRECTION('',(0.,-1.,0.));
#5617 = DIRECTION('',(1.,0.,0.));
#5618 = PCURVE('',#365,#5619);
#5619 = DEFINITIONAL_REPRESENTATION('',(#5620),#5628);
#5620 = ( BOUNDED_CURVE() B_SPLINE_CURVE(2,(#5621,#5622,#5623,#5624,
#5625,#5626,#5627),.UNSPECIFIED.,.T.,.F.) B_SPLINE_CURVE_WITH_KNOTS((1,2
    ,2,2,2,1),(-2.094395102393,0.,2.094395102393,4.188790204786,
6.28318530718,8.377580409573),.UNSPECIFIED.) CURVE() 
GEOMETRIC_REPRESENTATION_ITEM() RATIONAL_B_SPLINE_CURVE((1.,0.5,1.,0.5,
1.,0.5,1.)) REPRESENTATION_ITEM('') );
#5621 = CARTESIAN_POINT('',(22.5,104.5));
#5622 = CARTESIAN_POINT('',(44.150635094611,104.5));
#5623 = CARTESIAN_POINT('',(33.325317547305,85.75));
#5624 = CARTESIAN_POINT('',(22.5,67.));
#5625 = CARTESIAN_POINT('',(11.674682452695,85.75));
#5626 = CARTESIAN_POINT('',(0.849364905389,104.5));
#5627 = CARTESIAN_POINT('',(22.5,104.5));
#5628 = ( GEOMETRIC_REPRESENTATION_CONTEXT(2) 
PARAMETRIC_REPRESENTATION_CONTEXT() REPRESENTATION_CONTEXT('2D SPACE',''
  ) );
#5629 = PCURVE('',#2261,#5630);
#5630 = DEFINITIONAL_REPRESENTATION('',(#5631),#5635);
#5631 = LINE('',#5632,#5633);
#5632 = CARTESIAN_POINT('',(0.,-15.));
#5633 = VECTOR('',#5634,1.);
#5634 = DIRECTION('',(1.,0.));
#5635 = ( GEOMETRIC_REPRESENTATION_CONTEXT(2) 
PARAMETRIC_REPRESENTATION_CONTEXT() REPRESENTATION_CONTEXT('2D SPACE',''
  ) );
#5636 = FACE_BOUND('',#5637,.T.);
#5637 = EDGE_LOOP('',(#5638));
#5638 = ORIENTED_EDGE('',*,*,#5639,.T.);
#5639 = EDGE_CURVE('',#5640,#5640,#5642,.T.);
#5640 = VERTEX_POINT('',#5641);
#5641 = CARTESIAN_POINT('',(103.5,2.5,63.5));
#5642 = SURFACE_CURVE('',#5643,(#5648,#5659),.PCURVE_S1.);
#5643 = CIRCLE('',#5644,12.5);
#5644 = AXIS2_PLACEMENT_3D('',#5645,#5646,#5647);
#5645 = CARTESIAN_POINT('',(91.,2.5,63.5));
#5646 = DIRECTION('',(0.,-1.,0.));
#5647 = DIRECTION('',(1.,0.,0.));
#5648 = PCURVE('',#365,#5649);
#5649 = DEFINITIONAL_REPRESENTATION('',(#5650),#5658);
#5650 = ( BOUNDED_CURVE() B_SPLINE_CURVE(2,(#5651,#5652,#5653,#5654,
#5655,#5656,#5657),.UNSPECIFIED.,.T.,.F.) B_SPLINE_CURVE_WITH_KNOTS((1,2
    ,2,2,2,1),(-2.094395102393,0.,2.094395102393,4.188790204786,
6.28318530718,8.377580409573),.UNSPECIFIED.) CURVE() 
GEOMETRIC_REPRESENTATION_ITEM() RATIONAL_B_SPLINE_CURVE((1.,0.5,1.,0.5,
1.,0.5,1.)) REPRESENTATION_ITEM('') );
#5651 = CARTESIAN_POINT('',(51.5,104.5));
#5652 = CARTESIAN_POINT('',(73.150635094611,104.5));
#5653 = CARTESIAN_POINT('',(62.325317547305,85.75));
#5654 = CARTESIAN_POINT('',(51.5,67.));
#5655 = CARTESIAN_POINT('',(40.674682452695,85.75));
#5656 = CARTESIAN_POINT('',(29.849364905389,104.5));
#5657 = CARTESIAN_POINT('',(51.5,104.5));
#5658 = ( GEOMETRIC_REPRESENTATION_CONTEXT(2) 
PARAMETRIC_REPRESENTATION_CONTEXT() REPRESENTATION_CONTEXT('2D SPACE',''
  ) );
#5659 = PCURVE('',#2296,#5660);
#5660 = DEFINITIONAL_REPRESENTATION('',(#5661),#5665);
#5661 = LINE('',#5662,#5663);
#5662 = CARTESIAN_POINT('',(0.,-15.));
#5663 = VECTOR('',#5664,1.);
#5664 = DIRECTION('',(1.,0.));
#5665 = ( GEOMETRIC_REPRESENTATION_CONTEXT(2) 
PARAMETRIC_REPRESENTATION_CONTEXT() REPRESENTATION_CONTEXT('2D SPACE',''
  ) );
#5666 = FACE_BOUND('',#5667,.T.);
#5667 = EDGE_LOOP('',(#5668));
#5668 = ORIENTED_EDGE('',*,*,#5669,.T.);
#5669 = EDGE_CURVE('',#5670,#5670,#5672,.T.);
#5670 = VERTEX_POINT('',#5671);
#5671 = CARTESIAN_POINT('',(103.5,2.5,92.5));
#5672 = SURFACE_CURVE('',#5673,(#5678,#5689),.PCURVE_S1.);
#5673 = CIRCLE('',#5674,12.5);
#5674 = AXIS2_PLACEMENT_3D('',#5675,#5676,#5677);
#5675 = CARTESIAN_POINT('',(91.,2.5,92.5));
#5676 = DIRECTION('',(0.,-1.,0.));
#5677 = DIRECTION('',(1.,0.,0.));
#5678 = PCURVE('',#365,#5679);
#5679 = DEFINITIONAL_REPRESENTATION('',(#5680),#5688);
#5680 = ( BOUNDED_CURVE() B_SPLINE_CURVE(2,(#5681,#5682,#5683,#5684,
#5685,#5686,#5687),.UNSPECIFIED.,.T.,.F.) B_SPLINE_CURVE_WITH_KNOTS((1,2
    ,2,2,2,1),(-2.094395102393,0.,2.094395102393,4.188790204786,
6.28318530718,8.377580409573),.UNSPECIFIED.) CURVE() 
GEOMETRIC_REPRESENTATION_ITEM() RATIONAL_B_SPLINE_CURVE((1.,0.5,1.,0.5,
1.,0.5,1.)) REPRESENTATION_ITEM('') );
#5681 = CARTESIAN_POINT('',(80.5,104.5));
#5682 = CARTESIAN_POINT('',(102.15063509461,104.5));
#5683 = CARTESIAN_POINT('',(91.325317547305,85.75));
#5684 = CARTESIAN_POINT('',(80.5,67.));
#5685 = CARTESIAN_POINT('',(69.674682452695,85.75));
#5686 = CARTESIAN_POINT('',(58.849364905389,104.5));
#5687 = CARTESIAN_POINT('',(80.5,104.5));
#5688 = ( GEOMETRIC_REPRESENTATION_CONTEXT(2) 
PARAMETRIC_REPRESENTATION_CONTEXT() REPRESENTATION_CONTEXT('2D SPACE',''
  ) );
#5689 = PCURVE('',#2331,#5690);
#5690 = DEFINITIONAL_REPRESENTATION('',(#5691),#5695);
#5691 = LINE('',#5692,#5693);
#5692 = CARTESIAN_POINT('',(0.,-15.));
#5693 = VECTOR('',#5694,1.);
#5694 = DIRECTION('',(1.,0.));
#5695 = ( GEOMETRIC_REPRESENTATION_CONTEXT(2) 
PARAMETRIC_REPRESENTATION_CONTEXT() REPRESENTATION_CONTEXT('2D SPACE',''
  ) );
#5696 = FACE_BOUND('',#5697,.T.);
#5697 = EDGE_LOOP('',(#5698));
#5698 = ORIENTED_EDGE('',*,*,#5699,.T.);
#5699 = EDGE_CURVE('',#5700,#5700,#5702,.T.);
#5700 = VERTEX_POINT('',#5701);
#5701 = CARTESIAN_POINT('',(103.5,2.5,121.5));
#5702 = SURFACE_CURVE('',#5703,(#5708,#5719),.PCURVE_S1.);
#5703 = CIRCLE('',#5704,12.5);
#5704 = AXIS2_PLACEMENT_3D('',#5705,#5706,#5707);
#5705 = CARTESIAN_POINT('',(91.,2.5,121.5));
#5706 = DIRECTION('',(0.,-1.,0.));
#5707 = DIRECTION('',(1.,0.,0.));
#5708 = PCURVE('',#365,#5709);
#5709 = DEFINITIONAL_REPRESENTATION('',(#5710),#5718);
#5710 = ( BOUNDED_CURVE() B_SPLINE_CURVE(2,(#5711,#5712,#5713,#5714,
#5715,#5716,#5717),.UNSPECIFIED.,.T.,.F.) B_SPLINE_CURVE_WITH_KNOTS((1,2
    ,2,2,2,1),(-2.094395102393,0.,2.094395102393,4.188790204786,
6.28318530718,8.377580409573),.UNSPECIFIED.) CURVE() 
GEOMETRIC_REPRESENTATION_ITEM() RATIONAL_B_SPLINE_CURVE((1.,0.5,1.,0.5,
1.,0.5,1.)) REPRESENTATION_ITEM('') );
#5711 = CARTESIAN_POINT('',(109.5,104.5));
#5712 = CARTESIAN_POINT('',(131.15063509461,104.5));
#5713 = CARTESIAN_POINT('',(120.3253175473,85.75));
#5714 = CARTESIAN_POINT('',(109.5,67.));
#5715 = CARTESIAN_POINT('',(98.674682452695,85.75));
#5716 = CARTESIAN_POINT('',(87.849364905389,104.5));
#5717 = CARTESIAN_POINT('',(109.5,104.5));
#5718 = ( GEOMETRIC_REPRESENTATION_CONTEXT(2) 
PARAMETRIC_REPRESENTATION_CONTEXT() REPRESENTATION_CONTEXT('2D SPACE',''
  ) );
#5719 = PCURVE('',#2576,#5720);
#5720 = DEFINITIONAL_REPRESENTATION('',(#5721),#5725);
#5721 = LINE('',#5722,#5723);
#5722 = CARTESIAN_POINT('',(0.,-15.));
#5723 = VECTOR('',#5724,1.);
#5724 = DIRECTION('',(1.,0.));
#5725 = ( GEOMETRIC_REPRESENTATION_CONTEXT(2) 
PARAMETRIC_REPRESENTATION_CONTEXT() REPRESENTATION_CONTEXT('2D SPACE',''
  ) );
#5726 = FACE_BOUND('',#5727,.T.);
#5727 = EDGE_LOOP('',(#5728));
#5728 = ORIENTED_EDGE('',*,*,#5729,.T.);
#5729 = EDGE_CURVE('',#5730,#5730,#5732,.T.);
#5730 = VERTEX_POINT('',#5731);
#5731 = CARTESIAN_POINT('',(103.5,2.5,150.5));
#5732 = SURFACE_CURVE('',#5733,(#5738,#5749),.PCURVE_S1.);
#5733 = CIRCLE('',#5734,12.5);
#5734 = AXIS2_PLACEMENT_3D('',#5735,#5736,#5737);
#5735 = CARTESIAN_POINT('',(91.,2.5,150.5));
#5736 = DIRECTION('',(0.,-1.,0.));
#5737 = DIRECTION('',(1.,0.,0.));
#5738 = PCURVE('',#365,#5739);
#5739 = DEFINITIONAL_REPRESENTATION('',(#5740),#5748);
#5740 = ( BOUNDED_CURVE() B_SPLINE_CURVE(2,(#5741,#5742,#5743,#5744,
#5745,#5746,#5747),.UNSPECIFIED.,.T.,.F.) B_SPLINE_CURVE_WITH_KNOTS((1,2
    ,2,2,2,1),(-2.094395102393,0.,2.094395102393,4.188790204786,
6.28318530718,8.377580409573),.UNSPECIFIED.) CURVE() 
GEOMETRIC_REPRESENTATION_ITEM() RATIONAL_B_SPLINE_CURVE((1.,0.5,1.,0.5,
1.,0.5,1.)) REPRESENTATION_ITEM('') );
#5741 = CARTESIAN_POINT('',(138.5,104.5));
#5742 = CARTESIAN_POINT('',(160.15063509461,104.5));
#5743 = CARTESIAN_POINT('',(149.3253175473,85.75));
#5744 = CARTESIAN_POINT('',(138.5,67.));
#5745 = CARTESIAN_POINT('',(127.67468245269,85.75));
#5746 = CARTESIAN_POINT('',(116.84936490538,104.5));
#5747 = CARTESIAN_POINT('',(138.5,104.5));
#5748 = ( GEOMETRIC_REPRESENTATION_CONTEXT(2) 
PARAMETRIC_REPRESENTATION_CONTEXT() REPRESENTATION_CONTEXT('2D SPACE',''
  ) );
#5749 = PCURVE('',#2611,#5750);
#5750 = DEFINITIONAL_REPRESENTATION('',(#5751),#5755);
#5751 = LINE('',#5752,#5753);
#5752 = CARTESIAN_POINT('',(0.,-15.));
#5753 = VECTOR('',#5754,1.);
#5754 = DIRECTION('',(1.,0.));
#5755 = ( GEOMETRIC_REPRESENTATION_CONTEXT(2) 
PARAMETRIC_REPRESENTATION_CONTEXT() REPRESENTATION_CONTEXT('2D SPACE',''
  ) );
#5756 = FACE_BOUND('',#5757,.T.);
#5757 = EDGE_LOOP('',(#5758));
#5758 = ORIENTED_EDGE('',*,*,#5759,.T.);
#5759 = EDGE_CURVE('',#5760,#5760,#5762,.T.);
#5760 = VERTEX_POINT('',#5761);
#5761 = CARTESIAN_POINT('',(137.5,2.5,179.5));
#5762 = SURFACE_CURVE('',#5763,(#5768,#5779),.PCURVE_S1.);
#5763 = CIRCLE('',#5764,12.5);
#5764 = AXIS2_PLACEMENT_3D('',#5765,#5766,#5767);
#5765 = CARTESIAN_POINT('',(125.,2.5,179.5));
#5766 = DIRECTION('',(0.,-1.,0.));
#5767 = DIRECTION('',(1.,0.,0.));
#5768 = PCURVE('',#365,#5769);
#5769 = DEFINITIONAL_REPRESENTATION('',(#5770),#5778);
#5770 = ( BOUNDED_CURVE() B_SPLINE_CURVE(2,(#5771,#5772,#5773,#5774,
#5775,#5776,#5777),.UNSPECIFIED.,.T.,.F.) B_SPLINE_CURVE_WITH_KNOTS((1,2
    ,2,2,2,1),(-2.094395102393,0.,2.094395102393,4.188790204786,
6.28318530718,8.377580409573),.UNSPECIFIED.) CURVE() 
GEOMETRIC_REPRESENTATION_ITEM() RATIONAL_B_SPLINE_CURVE((1.,0.5,1.,0.5,
1.,0.5,1.)) REPRESENTATION_ITEM('') );
#5771 = CARTESIAN_POINT('',(167.5,138.5));
#5772 = CARTESIAN_POINT('',(189.15063509461,138.5));
#5773 = CARTESIAN_POINT('',(178.3253175473,119.75));
#5774 = CARTESIAN_POINT('',(167.5,101.));
#5775 = CARTESIAN_POINT('',(156.67468245269,119.75));
#5776 = CARTESIAN_POINT('',(145.84936490538,138.5));
#5777 = CARTESIAN_POINT('',(167.5,138.5));
#5778 = ( GEOMETRIC_REPRESENTATION_CONTEXT(2) 
PARAMETRIC_REPRESENTATION_CONTEXT() REPRESENTATION_CONTEXT('2D SPACE',''
  ) );
#5779 = PCURVE('',#3206,#5780);
#5780 = DEFINITIONAL_REPRESENTATION('',(#5781),#5785);
#5781 = LINE('',#5782,#5783);
#5782 = CARTESIAN_POINT('',(0.,-15.));
#5783 = VECTOR('',#5784,1.);
#5784 = DIRECTION('',(1.,0.));
#5785 = ( GEOMETRIC_REPRESENTATION_CONTEXT(2) 
PARAMETRIC_REPRESENTATION_CONTEXT() REPRESENTATION_CONTEXT('2D SPACE',''
  ) );
#5786 = FACE_BOUND('',#5787,.T.);
#5787 = EDGE_LOOP('',(#5788));
#5788 = ORIENTED_EDGE('',*,*,#5789,.T.);
#5789 = EDGE_CURVE('',#5790,#5790,#5792,.T.);
#5790 = VERTEX_POINT('',#5791);
#5791 = CARTESIAN_POINT('',(137.5,2.5,34.5));
#5792 = SURFACE_CURVE('',#5793,(#5798,#5809),.PCURVE_S1.);
#5793 = CIRCLE('',#5794,12.5);
#5794 = AXIS2_PLACEMENT_3D('',#5795,#5796,#5797);
#5795 = CARTESIAN_POINT('',(125.,2.5,34.5));
#5796 = DIRECTION('',(0.,-1.,0.));
#5797 = DIRECTION('',(1.,0.,0.));
#5798 = PCURVE('',#365,#5799);
#5799 = DEFINITIONAL_REPRESENTATION('',(#5800),#5808);
#5800 = ( BOUNDED_CURVE() B_SPLINE_CURVE(2,(#5801,#5802,#5803,#5804,
#5805,#5806,#5807),.UNSPECIFIED.,.T.,.F.) B_SPLINE_CURVE_WITH_KNOTS((1,2
    ,2,2,2,1),(-2.094395102393,0.,2.094395102393,4.188790204786,
6.28318530718,8.377580409573),.UNSPECIFIED.) CURVE() 
GEOMETRIC_REPRESENTATION_ITEM() RATIONAL_B_SPLINE_CURVE((1.,0.5,1.,0.5,
1.,0.5,1.)) REPRESENTATION_ITEM('') );
#5801 = CARTESIAN_POINT('',(22.5,138.5));
#5802 = CARTESIAN_POINT('',(44.150635094611,138.5));
#5803 = CARTESIAN_POINT('',(33.325317547305,119.75));
#5804 = CARTESIAN_POINT('',(22.5,101.));
#5805 = CARTESIAN_POINT('',(11.674682452695,119.75));
#5806 = CARTESIAN_POINT('',(0.849364905389,138.5));
#5807 = CARTESIAN_POINT('',(22.5,138.5));
#5808 = ( GEOMETRIC_REPRESENTATION_CONTEXT(2) 
PARAMETRIC_REPRESENTATION_CONTEXT() REPRESENTATION_CONTEXT('2D SPACE',''
  ) );
#5809 = PCURVE('',#2681,#5810);
#5810 = DEFINITIONAL_REPRESENTATION('',(#5811),#5815);
#5811 = LINE('',#5812,#5813);
#5812 = CARTESIAN_POINT('',(0.,-15.));
#5813 = VECTOR('',#5814,1.);
#5814 = DIRECTION('',(1.,0.));
#5815 = ( GEOMETRIC_REPRESENTATION_CONTEXT(2) 
PARAMETRIC_REPRESENTATION_CONTEXT() REPRESENTATION_CONTEXT('2D SPACE',''
  ) );
#5816 = FACE_BOUND('',#5817,.T.);
#5817 = EDGE_LOOP('',(#5818));
#5818 = ORIENTED_EDGE('',*,*,#5819,.T.);
#5819 = EDGE_CURVE('',#5820,#5820,#5822,.T.);
#5820 = VERTEX_POINT('',#5821);
#5821 = CARTESIAN_POINT('',(137.5,2.5,63.5));
#5822 = SURFACE_CURVE('',#5823,(#5828,#5839),.PCURVE_S1.);
#5823 = CIRCLE('',#5824,12.5);
#5824 = AXIS2_PLACEMENT_3D('',#5825,#5826,#5827);
#5825 = CARTESIAN_POINT('',(125.,2.5,63.5));
#5826 = DIRECTION('',(0.,-1.,0.));
#5827 = DIRECTION('',(1.,0.,0.));
#5828 = PCURVE('',#365,#5829);
#5829 = DEFINITIONAL_REPRESENTATION('',(#5830),#5838);
#5830 = ( BOUNDED_CURVE() B_SPLINE_CURVE(2,(#5831,#5832,#5833,#5834,
#5835,#5836,#5837),.UNSPECIFIED.,.T.,.F.) B_SPLINE_CURVE_WITH_KNOTS((1,2
    ,2,2,2,1),(-2.094395102393,0.,2.094395102393,4.188790204786,
6.28318530718,8.377580409573),.UNSPECIFIED.) CURVE() 
GEOMETRIC_REPRESENTATION_ITEM() RATIONAL_B_SPLINE_CURVE((1.,0.5,1.,0.5,
1.,0.5,1.)) REPRESENTATION_ITEM('') );
#5831 = CARTESIAN_POINT('',(51.5,138.5));
#5832 = CARTESIAN_POINT('',(73.150635094611,138.5));
#5833 = CARTESIAN_POINT('',(62.325317547305,119.75));
#5834 = CARTESIAN_POINT('',(51.5,101.));
#5835 = CARTESIAN_POINT('',(40.674682452695,119.75));
#5836 = CARTESIAN_POINT('',(29.849364905389,138.5));
#5837 = CARTESIAN_POINT('',(51.5,138.5));
#5838 = ( GEOMETRIC_REPRESENTATION_CONTEXT(2) 
PARAMETRIC_REPRESENTATION_CONTEXT() REPRESENTATION_CONTEXT('2D SPACE',''
  ) );
#5839 = PCURVE('',#2716,#5840);
#5840 = DEFINITIONAL_REPRESENTATION('',(#5841),#5845);
#5841 = LINE('',#5842,#5843);
#5842 = CARTESIAN_POINT('',(0.,-15.));
#5843 = VECTOR('',#5844,1.);
#5844 = DIRECTION('',(1.,0.));
#5845 = ( GEOMETRIC_REPRESENTATION_CONTEXT(2) 
PARAMETRIC_REPRESENTATION_CONTEXT() REPRESENTATION_CONTEXT('2D SPACE',''
  ) );
#5846 = FACE_BOUND('',#5847,.T.);
#5847 = EDGE_LOOP('',(#5848));
#5848 = ORIENTED_EDGE('',*,*,#5849,.T.);
#5849 = EDGE_CURVE('',#5850,#5850,#5852,.T.);
#5850 = VERTEX_POINT('',#5851);
#5851 = CARTESIAN_POINT('',(137.5,2.5,92.5));
#5852 = SURFACE_CURVE('',#5853,(#5858,#5869),.PCURVE_S1.);
#5853 = CIRCLE('',#5854,12.5);
#5854 = AXIS2_PLACEMENT_3D('',#5855,#5856,#5857);
#5855 = CARTESIAN_POINT('',(125.,2.5,92.5));
#5856 = DIRECTION('',(0.,-1.,0.));
#5857 = DIRECTION('',(1.,0.,0.));
#5858 = PCURVE('',#365,#5859);
#5859 = DEFINITIONAL_REPRESENTATION('',(#5860),#5868);
#5860 = ( BOUNDED_CURVE() B_SPLINE_CURVE(2,(#5861,#5862,#5863,#5864,
#5865,#5866,#5867),.UNSPECIFIED.,.T.,.F.) B_SPLINE_CURVE_WITH_KNOTS((1,2
    ,2,2,2,1),(-2.094395102393,0.,2.094395102393,4.188790204786,
6.28318530718,8.377580409573),.UNSPECIFIED.) CURVE() 
GEOMETRIC_REPRESENTATION_ITEM() RATIONAL_B_SPLINE_CURVE((1.,0.5,1.,0.5,
1.,0.5,1.)) REPRESENTATION_ITEM('') );
#5861 = CARTESIAN_POINT('',(80.5,138.5));
#5862 = CARTESIAN_POINT('',(102.15063509461,138.5));
#5863 = CARTESIAN_POINT('',(91.325317547305,119.75));
#5864 = CARTESIAN_POINT('',(80.5,101.));
#5865 = CARTESIAN_POINT('',(69.674682452695,119.75));
#5866 = CARTESIAN_POINT('',(58.849364905389,138.5));
#5867 = CARTESIAN_POINT('',(80.5,138.5));
#5868 = ( GEOMETRIC_REPRESENTATION_CONTEXT(2) 
PARAMETRIC_REPRESENTATION_CONTEXT() REPRESENTATION_CONTEXT('2D SPACE',''
  ) );
#5869 = PCURVE('',#2821,#5870);
#5870 = DEFINITIONAL_REPRESENTATION('',(#5871),#5875);
#5871 = LINE('',#5872,#5873);
#5872 = CARTESIAN_POINT('',(0.,-15.));
#5873 = VECTOR('',#5874,1.);
#5874 = DIRECTION('',(1.,0.));
#5875 = ( GEOMETRIC_REPRESENTATION_CONTEXT(2) 
PARAMETRIC_REPRESENTATION_CONTEXT() REPRESENTATION_CONTEXT('2D SPACE',''
  ) );
#5876 = FACE_BOUND('',#5877,.T.);
#5877 = EDGE_LOOP('',(#5878));
#5878 = ORIENTED_EDGE('',*,*,#5879,.T.);
#5879 = EDGE_CURVE('',#5880,#5880,#5882,.T.);
#5880 = VERTEX_POINT('',#5881);
#5881 = CARTESIAN_POINT('',(137.5,2.5,121.5));
#5882 = SURFACE_CURVE('',#5883,(#5888,#5899),.PCURVE_S1.);
#5883 = CIRCLE('',#5884,12.5);
#5884 = AXIS2_PLACEMENT_3D('',#5885,#5886,#5887);
#5885 = CARTESIAN_POINT('',(125.,2.5,121.5));
#5886 = DIRECTION('',(0.,-1.,0.));
#5887 = DIRECTION('',(1.,0.,0.));
#5888 = PCURVE('',#365,#5889);
#5889 = DEFINITIONAL_REPRESENTATION('',(#5890),#5898);
#5890 = ( BOUNDED_CURVE() B_SPLINE_CURVE(2,(#5891,#5892,#5893,#5894,
#5895,#5896,#5897),.UNSPECIFIED.,.T.,.F.) B_SPLINE_CURVE_WITH_KNOTS((1,2
    ,2,2,2,1),(-2.094395102393,0.,2.094395102393,4.188790204786,
6.28318530718,8.377580409573),.UNSPECIFIED.) CURVE() 
GEOMETRIC_REPRESENTATION_ITEM() RATIONAL_B_SPLINE_CURVE((1.,0.5,1.,0.5,
1.,0.5,1.)) REPRESENTATION_ITEM('') );
#5891 = CARTESIAN_POINT('',(109.5,138.5));
#5892 = CARTESIAN_POINT('',(131.15063509461,138.5));
#5893 = CARTESIAN_POINT('',(120.3253175473,119.75));
#5894 = CARTESIAN_POINT('',(109.5,101.));
#5895 = CARTESIAN_POINT('',(98.674682452695,119.75));
#5896 = CARTESIAN_POINT('',(87.849364905389,138.5));
#5897 = CARTESIAN_POINT('',(109.5,138.5));
#5898 = ( GEOMETRIC_REPRESENTATION_CONTEXT(2) 
PARAMETRIC_REPRESENTATION_CONTEXT() REPRESENTATION_CONTEXT('2D SPACE',''
  ) );
#5899 = PCURVE('',#3101,#5900);
#5900 = DEFINITIONAL_REPRESENTATION('',(#5901),#5905);
#5901 = LINE('',#5902,#5903);
#5902 = CARTESIAN_POINT('',(0.,-15.));
#5903 = VECTOR('',#5904,1.);
#5904 = DIRECTION('',(1.,0.));
#5905 = ( GEOMETRIC_REPRESENTATION_CONTEXT(2) 
PARAMETRIC_REPRESENTATION_CONTEXT() REPRESENTATION_CONTEXT('2D SPACE',''
  ) );
#5906 = FACE_BOUND('',#5907,.T.);
#5907 = EDGE_LOOP('',(#5908));
#5908 = ORIENTED_EDGE('',*,*,#5909,.T.);
#5909 = EDGE_CURVE('',#5910,#5910,#5912,.T.);
#5910 = VERTEX_POINT('',#5911);
#5911 = CARTESIAN_POINT('',(137.5,2.5,150.5));
#5912 = SURFACE_CURVE('',#5913,(#5918,#5929),.PCURVE_S1.);
#5913 = CIRCLE('',#5914,12.5);
#5914 = AXIS2_PLACEMENT_3D('',#5915,#5916,#5917);
#5915 = CARTESIAN_POINT('',(125.,2.5,150.5));
#5916 = DIRECTION('',(0.,-1.,0.));
#5917 = DIRECTION('',(1.,0.,0.));
#5918 = PCURVE('',#365,#5919);
#5919 = DEFINITIONAL_REPRESENTATION('',(#5920),#5928);
#5920 = ( BOUNDED_CURVE() B_SPLINE_CURVE(2,(#5921,#5922,#5923,#5924,
#5925,#5926,#5927),.UNSPECIFIED.,.T.,.F.) B_SPLINE_CURVE_WITH_KNOTS((1,2
    ,2,2,2,1),(-2.094395102393,0.,2.094395102393,4.188790204786,
6.28318530718,8.377580409573),.UNSPECIFIED.) CURVE() 
GEOMETRIC_REPRESENTATION_ITEM() RATIONAL_B_SPLINE_CURVE((1.,0.5,1.,0.5,
1.,0.5,1.)) REPRESENTATION_ITEM('') );
#5921 = CARTESIAN_POINT('',(138.5,138.5));
#5922 = CARTESIAN_POINT('',(160.15063509461,138.5));
#5923 = CARTESIAN_POINT('',(149.3253175473,119.75));
#5924 = CARTESIAN_POINT('',(138.5,101.));
#5925 = CARTESIAN_POINT('',(127.67468245269,119.75));
#5926 = CARTESIAN_POINT('',(116.84936490538,138.5));
#5927 = CARTESIAN_POINT('',(138.5,138.5));
#5928 = ( GEOMETRIC_REPRESENTATION_CONTEXT(2) 
PARAMETRIC_REPRESENTATION_CONTEXT() REPRESENTATION_CONTEXT('2D SPACE',''
  ) );
#5929 = PCURVE('',#3171,#5930);
#5930 = DEFINITIONAL_REPRESENTATION('',(#5931),#5935);
#5931 = LINE('',#5932,#5933);
#5932 = CARTESIAN_POINT('',(0.,-15.));
#5933 = VECTOR('',#5934,1.);
#5934 = DIRECTION('',(1.,0.));
#5935 = ( GEOMETRIC_REPRESENTATION_CONTEXT(2) 
PARAMETRIC_REPRESENTATION_CONTEXT() REPRESENTATION_CONTEXT('2D SPACE',''
  ) );
#5936 = FACE_BOUND('',#5937,.T.);
#5937 = EDGE_LOOP('',(#5938));
#5938 = ORIENTED_EDGE('',*,*,#5939,.T.);
#5939 = EDGE_CURVE('',#5940,#5940,#5942,.T.);
#5940 = VERTEX_POINT('',#5941);
#5941 = CARTESIAN_POINT('',(171.5,2.5,179.5));
#5942 = SURFACE_CURVE('',#5943,(#5948,#5959),.PCURVE_S1.);
#5943 = CIRCLE('',#5944,12.5);
#5944 = AXIS2_PLACEMENT_3D('',#5945,#5946,#5947);
#5945 = CARTESIAN_POINT('',(159.,2.5,179.5));
#5946 = DIRECTION('',(0.,-1.,0.));
#5947 = DIRECTION('',(1.,0.,0.));
#5948 = PCURVE('',#365,#5949);
#5949 = DEFINITIONAL_REPRESENTATION('',(#5950),#5958);
#5950 = ( BOUNDED_CURVE() B_SPLINE_CURVE(2,(#5951,#5952,#5953,#5954,
#5955,#5956,#5957),.UNSPECIFIED.,.T.,.F.) B_SPLINE_CURVE_WITH_KNOTS((1,2
    ,2,2,2,1),(-2.094395102393,0.,2.094395102393,4.188790204786,
6.28318530718,8.377580409573),.UNSPECIFIED.) CURVE() 
GEOMETRIC_REPRESENTATION_ITEM() RATIONAL_B_SPLINE_CURVE((1.,0.5,1.,0.5,
1.,0.5,1.)) REPRESENTATION_ITEM('') );
#5951 = CARTESIAN_POINT('',(167.5,172.5));
#5952 = CARTESIAN_POINT('',(189.15063509461,172.5));
#5953 = CARTESIAN_POINT('',(178.3253175473,153.75));
#5954 = CARTESIAN_POINT('',(167.5,135.));
#5955 = CARTESIAN_POINT('',(156.67468245269,153.75));
#5956 = CARTESIAN_POINT('',(145.84936490538,172.5));
#5957 = CARTESIAN_POINT('',(167.5,172.5));
#5958 = ( GEOMETRIC_REPRESENTATION_CONTEXT(2) 
PARAMETRIC_REPRESENTATION_CONTEXT() REPRESENTATION_CONTEXT('2D SPACE',''
  ) );
#5959 = PCURVE('',#3276,#5960);
#5960 = DEFINITIONAL_REPRESENTATION('',(#5961),#5965);
#5961 = LINE('',#5962,#5963);
#5962 = CARTESIAN_POINT('',(0.,-15.));
#5963 = VECTOR('',#5964,1.);
#5964 = DIRECTION('',(1.,0.));
#5965 = ( GEOMETRIC_REPRESENTATION_CONTEXT(2) 
PARAMETRIC_REPRESENTATION_CONTEXT() REPRESENTATION_CONTEXT('2D SPACE',''
  ) );
#5966 = FACE_BOUND('',#5967,.T.);
#5967 = EDGE_LOOP('',(#5968));
#5968 = ORIENTED_EDGE('',*,*,#5969,.T.);
#5969 = EDGE_CURVE('',#5970,#5970,#5972,.T.);
#5970 = VERTEX_POINT('',#5971);
#5971 = CARTESIAN_POINT('',(171.5,2.5,34.5));
#5972 = SURFACE_CURVE('',#5973,(#5978,#5989),.PCURVE_S1.);
#5973 = CIRCLE('',#5974,12.5);
#5974 = AXIS2_PLACEMENT_3D('',#5975,#5976,#5977);
#5975 = CARTESIAN_POINT('',(159.,2.5,34.5));
#5976 = DIRECTION('',(0.,-1.,0.));
#5977 = DIRECTION('',(1.,0.,0.));
#5978 = PCURVE('',#365,#5979);
#5979 = DEFINITIONAL_REPRESENTATION('',(#5980),#5988);
#5980 = ( BOUNDED_CURVE() B_SPLINE_CURVE(2,(#5981,#5982,#5983,#5984,
#5985,#5986,#5987),.UNSPECIFIED.,.T.,.F.) B_SPLINE_CURVE_WITH_KNOTS((1,2
    ,2,2,2,1),(-2.094395102393,0.,2.094395102393,4.188790204786,
6.28318530718,8.377580409573),.UNSPECIFIED.) CURVE() 
GEOMETRIC_REPRESENTATION_ITEM() RATIONAL_B_SPLINE_CURVE((1.,0.5,1.,0.5,
1.,0.5,1.)) REPRESENTATION_ITEM('') );
#5981 = CARTESIAN_POINT('',(22.5,172.5));
#5982 = CARTESIAN_POINT('',(44.150635094611,172.5));
#5983 = CARTESIAN_POINT('',(33.325317547305,153.75));
#5984 = CARTESIAN_POINT('',(22.5,135.));
#5985 = CARTESIAN_POINT('',(11.674682452695,153.75));
#5986 = CARTESIAN_POINT('',(0.849364905389,172.5));
#5987 = CARTESIAN_POINT('',(22.5,172.5));
#5988 = ( GEOMETRIC_REPRESENTATION_CONTEXT(2) 
PARAMETRIC_REPRESENTATION_CONTEXT() REPRESENTATION_CONTEXT('2D SPACE',''
  ) );
#5989 = PCURVE('',#2751,#5990);
#5990 = DEFINITIONAL_REPRESENTATION('',(#5991),#5995);
#5991 = LINE('',#5992,#5993);
#5992 = CARTESIAN_POINT('',(0.,-15.));
#5993 = VECTOR('',#5994,1.);
#5994 = DIRECTION('',(1.,0.));
#5995 = ( GEOMETRIC_REPRESENTATION_CONTEXT(2) 
PARAMETRIC_REPRESENTATION_CONTEXT() REPRESENTATION_CONTEXT('2D SPACE',''
  ) );
#5996 = FACE_BOUND('',#5997,.T.);
#5997 = EDGE_LOOP('',(#5998));
#5998 = ORIENTED_EDGE('',*,*,#5999,.T.);
#5999 = EDGE_CURVE('',#6000,#6000,#6002,.T.);
#6000 = VERTEX_POINT('',#6001);
#6001 = CARTESIAN_POINT('',(171.5,2.5,63.5));
#6002 = SURFACE_CURVE('',#6003,(#6008,#6019),.PCURVE_S1.);
#6003 = CIRCLE('',#6004,12.5);
#6004 = AXIS2_PLACEMENT_3D('',#6005,#6006,#6007);
#6005 = CARTESIAN_POINT('',(159.,2.5,63.5));
#6006 = DIRECTION('',(0.,-1.,0.));
#6007 = DIRECTION('',(1.,0.,0.));
#6008 = PCURVE('',#365,#6009);
#6009 = DEFINITIONAL_REPRESENTATION('',(#6010),#6018);
#6010 = ( BOUNDED_CURVE() B_SPLINE_CURVE(2,(#6011,#6012,#6013,#6014,
#6015,#6016,#6017),.UNSPECIFIED.,.T.,.F.) B_SPLINE_CURVE_WITH_KNOTS((1,2
    ,2,2,2,1),(-2.094395102393,0.,2.094395102393,4.188790204786,
6.28318530718,8.377580409573),.UNSPECIFIED.) CURVE() 
GEOMETRIC_REPRESENTATION_ITEM() RATIONAL_B_SPLINE_CURVE((1.,0.5,1.,0.5,
1.,0.5,1.)) REPRESENTATION_ITEM('') );
#6011 = CARTESIAN_POINT('',(51.5,172.5));
#6012 = CARTESIAN_POINT('',(73.150635094611,172.5));
#6013 = CARTESIAN_POINT('',(62.325317547305,153.75));
#6014 = CARTESIAN_POINT('',(51.5,135.));
#6015 = CARTESIAN_POINT('',(40.674682452695,153.75));
#6016 = CARTESIAN_POINT('',(29.849364905389,172.5));
#6017 = CARTESIAN_POINT('',(51.5,172.5));
#6018 = ( GEOMETRIC_REPRESENTATION_CONTEXT(2) 
PARAMETRIC_REPRESENTATION_CONTEXT() REPRESENTATION_CONTEXT('2D SPACE',''
  ) );
#6019 = PCURVE('',#2786,#6020);
#6020 = DEFINITIONAL_REPRESENTATION('',(#6021),#6025);
#6021 = LINE('',#6022,#6023);
#6022 = CARTESIAN_POINT('',(0.,-15.));
#6023 = VECTOR('',#6024,1.);
#6024 = DIRECTION('',(1.,0.));
#6025 = ( GEOMETRIC_REPRESENTATION_CONTEXT(2) 
PARAMETRIC_REPRESENTATION_CONTEXT() REPRESENTATION_CONTEXT('2D SPACE',''
  ) );
#6026 = FACE_BOUND('',#6027,.T.);
#6027 = EDGE_LOOP('',(#6028));
#6028 = ORIENTED_EDGE('',*,*,#6029,.T.);
#6029 = EDGE_CURVE('',#6030,#6030,#6032,.T.);
#6030 = VERTEX_POINT('',#6031);
#6031 = CARTESIAN_POINT('',(171.5,2.5,92.5));
#6032 = SURFACE_CURVE('',#6033,(#6038,#6049),.PCURVE_S1.);
#6033 = CIRCLE('',#6034,12.5);
#6034 = AXIS2_PLACEMENT_3D('',#6035,#6036,#6037);
#6035 = CARTESIAN_POINT('',(159.,2.5,92.5));
#6036 = DIRECTION('',(0.,-1.,0.));
#6037 = DIRECTION('',(1.,0.,0.));
#6038 = PCURVE('',#365,#6039);
#6039 = DEFINITIONAL_REPRESENTATION('',(#6040),#6048);
#6040 = ( BOUNDED_CURVE() B_SPLINE_CURVE(2,(#6041,#6042,#6043,#6044,
#6045,#6046,#6047),.UNSPECIFIED.,.T.,.F.) B_SPLINE_CURVE_WITH_KNOTS((1,2
    ,2,2,2,1),(-2.094395102393,0.,2.094395102393,4.188790204786,
6.28318530718,8.377580409573),.UNSPECIFIED.) CURVE() 
GEOMETRIC_REPRESENTATION_ITEM() RATIONAL_B_SPLINE_CURVE((1.,0.5,1.,0.5,
1.,0.5,1.)) REPRESENTATION_ITEM('') );
#6041 = CARTESIAN_POINT('',(80.5,172.5));
#6042 = CARTESIAN_POINT('',(102.15063509461,172.5));
#6043 = CARTESIAN_POINT('',(91.325317547305,153.75));
#6044 = CARTESIAN_POINT('',(80.5,135.));
#6045 = CARTESIAN_POINT('',(69.674682452695,153.75));
#6046 = CARTESIAN_POINT('',(58.849364905389,172.5));
#6047 = CARTESIAN_POINT('',(80.5,172.5));
#6048 = ( GEOMETRIC_REPRESENTATION_CONTEXT(2) 
PARAMETRIC_REPRESENTATION_CONTEXT() REPRESENTATION_CONTEXT('2D SPACE',''
  ) );
#6049 = PCURVE('',#2856,#6050);
#6050 = DEFINITIONAL_REPRESENTATION('',(#6051),#6055);
#6051 = LINE('',#6052,#6053);
#6052 = CARTESIAN_POINT('',(0.,-15.));
#6053 = VECTOR('',#6054,1.);
#6054 = DIRECTION('',(1.,0.));
#6055 = ( GEOMETRIC_REPRESENTATION_CONTEXT(2) 
PARAMETRIC_REPRESENTATION_CONTEXT() REPRESENTATION_CONTEXT('2D SPACE',''
  ) );
#6056 = FACE_BOUND('',#6057,.T.);
#6057 = EDGE_LOOP('',(#6058));
#6058 = ORIENTED_EDGE('',*,*,#6059,.T.);
#6059 = EDGE_CURVE('',#6060,#6060,#6062,.T.);
#6060 = VERTEX_POINT('',#6061);
#6061 = CARTESIAN_POINT('',(171.5,2.5,121.5));
#6062 = SURFACE_CURVE('',#6063,(#6068,#6079),.PCURVE_S1.);
#6063 = CIRCLE('',#6064,12.5);
#6064 = AXIS2_PLACEMENT_3D('',#6065,#6066,#6067);
#6065 = CARTESIAN_POINT('',(159.,2.5,121.5));
#6066 = DIRECTION('',(0.,-1.,0.));
#6067 = DIRECTION('',(1.,0.,0.));
#6068 = PCURVE('',#365,#6069);
#6069 = DEFINITIONAL_REPRESENTATION('',(#6070),#6078);
#6070 = ( BOUNDED_CURVE() B_SPLINE_CURVE(2,(#6071,#6072,#6073,#6074,
#6075,#6076,#6077),.UNSPECIFIED.,.T.,.F.) B_SPLINE_CURVE_WITH_KNOTS((1,2
    ,2,2,2,1),(-2.094395102393,0.,2.094395102393,4.188790204786,
6.28318530718,8.377580409573),.UNSPECIFIED.) CURVE() 
GEOMETRIC_REPRESENTATION_ITEM() RATIONAL_B_SPLINE_CURVE((1.,0.5,1.,0.5,
1.,0.5,1.)) REPRESENTATION_ITEM('') );
#6071 = CARTESIAN_POINT('',(109.5,172.5));
#6072 = CARTESIAN_POINT('',(131.15063509461,172.5));
#6073 = CARTESIAN_POINT('',(120.3253175473,153.75));
#6074 = CARTESIAN_POINT('',(109.5,135.));
#6075 = CARTESIAN_POINT('',(98.674682452695,153.75));
#6076 = CARTESIAN_POINT('',(87.849364905389,172.5));
#6077 = CARTESIAN_POINT('',(109.5,172.5));
#6078 = ( GEOMETRIC_REPRESENTATION_CONTEXT(2) 
PARAMETRIC_REPRESENTATION_CONTEXT() REPRESENTATION_CONTEXT('2D SPACE',''
  ) );
#6079 = PCURVE('',#3136,#6080);
#6080 = DEFINITIONAL_REPRESENTATION('',(#6081),#6085);
#6081 = LINE('',#6082,#6083);
#6082 = CARTESIAN_POINT('',(0.,-15.));
#6083 = VECTOR('',#6084,1.);
#6084 = DIRECTION('',(1.,0.));
#6085 = ( GEOMETRIC_REPRESENTATION_CONTEXT(2) 
PARAMETRIC_REPRESENTATION_CONTEXT() REPRESENTATION_CONTEXT('2D SPACE',''
  ) );
#6086 = FACE_BOUND('',#6087,.T.);
#6087 = EDGE_LOOP('',(#6088));
#6088 = ORIENTED_EDGE('',*,*,#6089,.T.);
#6089 = EDGE_CURVE('',#6090,#6090,#6092,.T.);
#6090 = VERTEX_POINT('',#6091);
#6091 = CARTESIAN_POINT('',(171.5,2.5,150.5));
#6092 = SURFACE_CURVE('',#6093,(#6098,#6109),.PCURVE_S1.);
#6093 = CIRCLE('',#6094,12.5);
#6094 = AXIS2_PLACEMENT_3D('',#6095,#6096,#6097);
#6095 = CARTESIAN_POINT('',(159.,2.5,150.5));
#6096 = DIRECTION('',(0.,-1.,0.));
#6097 = DIRECTION('',(1.,0.,0.));
#6098 = PCURVE('',#365,#6099);
#6099 = DEFINITIONAL_REPRESENTATION('',(#6100),#6108);
#6100 = ( BOUNDED_CURVE() B_SPLINE_CURVE(2,(#6101,#6102,#6103,#6104,
#6105,#6106,#6107),.UNSPECIFIED.,.T.,.F.) B_SPLINE_CURVE_WITH_KNOTS((1,2
    ,2,2,2,1),(-2.094395102393,0.,2.094395102393,4.188790204786,
6.28318530718,8.377580409573),.UNSPECIFIED.) CURVE() 
GEOMETRIC_REPRESENTATION_ITEM() RATIONAL_B_SPLINE_CURVE((1.,0.5,1.,0.5,
1.,0.5,1.)) REPRESENTATION_ITEM('') );
#6101 = CARTESIAN_POINT('',(138.5,172.5));
#6102 = CARTESIAN_POINT('',(160.15063509461,172.5));
#6103 = CARTESIAN_POINT('',(149.3253175473,153.75));
#6104 = CARTESIAN_POINT('',(138.5,135.));
#6105 = CARTESIAN_POINT('',(127.67468245269,153.75));
#6106 = CARTESIAN_POINT('',(116.84936490538,172.5));
#6107 = CARTESIAN_POINT('',(138.5,172.5));
#6108 = ( GEOMETRIC_REPRESENTATION_CONTEXT(2) 
PARAMETRIC_REPRESENTATION_CONTEXT() REPRESENTATION_CONTEXT('2D SPACE',''
  ) );
#6109 = PCURVE('',#3241,#6110);
#6110 = DEFINITIONAL_REPRESENTATION('',(#6111),#6115);
#6111 = LINE('',#6112,#6113);
#6112 = CARTESIAN_POINT('',(0.,-15.));
#6113 = VECTOR('',#6114,1.);
#6114 = DIRECTION('',(1.,0.));
#6115 = ( GEOMETRIC_REPRESENTATION_CONTEXT(2) 
PARAMETRIC_REPRESENTATION_CONTEXT() REPRESENTATION_CONTEXT('2D SPACE',''
  ) );
#6116 = FACE_BOUND('',#6117,.T.);
#6117 = EDGE_LOOP('',(#6118));
#6118 = ORIENTED_EDGE('',*,*,#6119,.T.);
#6119 = EDGE_CURVE('',#6120,#6120,#6122,.T.);
#6120 = VERTEX_POINT('',#6121);
#6121 = CARTESIAN_POINT('',(205.5,2.5,179.5));
#6122 = SURFACE_CURVE('',#6123,(#6128,#6139),.PCURVE_S1.);
#6123 = CIRCLE('',#6124,12.5);
#6124 = AXIS2_PLACEMENT_3D('',#6125,#6126,#6127);
#6125 = CARTESIAN_POINT('',(193.,2.5,179.5));
#6126 = DIRECTION('',(0.,-1.,0.));
#6127 = DIRECTION('',(1.,0.,0.));
#6128 = PCURVE('',#365,#6129);
#6129 = DEFINITIONAL_REPRESENTATION('',(#6130),#6138);
#6130 = ( BOUNDED_CURVE() B_SPLINE_CURVE(2,(#6131,#6132,#6133,#6134,
#6135,#6136,#6137),.UNSPECIFIED.,.T.,.F.) B_SPLINE_CURVE_WITH_KNOTS((1,2
    ,2,2,2,1),(-2.094395102393,0.,2.094395102393,4.188790204786,
6.28318530718,8.377580409573),.UNSPECIFIED.) CURVE() 
GEOMETRIC_REPRESENTATION_ITEM() RATIONAL_B_SPLINE_CURVE((1.,0.5,1.,0.5,
1.,0.5,1.)) REPRESENTATION_ITEM('') );
#6131 = CARTESIAN_POINT('',(167.5,206.5));
#6132 = CARTESIAN_POINT('',(189.15063509461,206.5));
#6133 = CARTESIAN_POINT('',(178.3253175473,187.75));
#6134 = CARTESIAN_POINT('',(167.5,169.));
#6135 = CARTESIAN_POINT('',(156.67468245269,187.75));
#6136 = CARTESIAN_POINT('',(145.84936490538,206.5));
#6137 = CARTESIAN_POINT('',(167.5,206.5));
#6138 = ( GEOMETRIC_REPRESENTATION_CONTEXT(2) 
PARAMETRIC_REPRESENTATION_CONTEXT() REPRESENTATION_CONTEXT('2D SPACE',''
  ) );
#6139 = PCURVE('',#3416,#6140);
#6140 = DEFINITIONAL_REPRESENTATION('',(#6141),#6145);
#6141 = LINE('',#6142,#6143);
#6142 = CARTESIAN_POINT('',(0.,-15.));
#6143 = VECTOR('',#6144,1.);
#6144 = DIRECTION('',(1.,0.));
#6145 = ( GEOMETRIC_REPRESENTATION_CONTEXT(2) 
PARAMETRIC_REPRESENTATION_CONTEXT() REPRESENTATION_CONTEXT('2D SPACE',''
  ) );
#6146 = FACE_BOUND('',#6147,.T.);
#6147 = EDGE_LOOP('',(#6148));
#6148 = ORIENTED_EDGE('',*,*,#6149,.T.);
#6149 = EDGE_CURVE('',#6150,#6150,#6152,.T.);
#6150 = VERTEX_POINT('',#6151);
#6151 = CARTESIAN_POINT('',(205.5,2.5,34.5));
#6152 = SURFACE_CURVE('',#6153,(#6158,#6169),.PCURVE_S1.);
#6153 = CIRCLE('',#6154,12.5);
#6154 = AXIS2_PLACEMENT_3D('',#6155,#6156,#6157);
#6155 = CARTESIAN_POINT('',(193.,2.5,34.5));
#6156 = DIRECTION('',(0.,-1.,0.));
#6157 = DIRECTION('',(1.,0.,0.));
#6158 = PCURVE('',#365,#6159);
#6159 = DEFINITIONAL_REPRESENTATION('',(#6160),#6168);
#6160 = ( BOUNDED_CURVE() B_SPLINE_CURVE(2,(#6161,#6162,#6163,#6164,
#6165,#6166,#6167),.UNSPECIFIED.,.T.,.F.) B_SPLINE_CURVE_WITH_KNOTS((1,2
    ,2,2,2,1),(-2.094395102393,0.,2.094395102393,4.188790204786,
6.28318530718,8.377580409573),.UNSPECIFIED.) CURVE() 
GEOMETRIC_REPRESENTATION_ITEM() RATIONAL_B_SPLINE_CURVE((1.,0.5,1.,0.5,
1.,0.5,1.)) REPRESENTATION_ITEM('') );
#6161 = CARTESIAN_POINT('',(22.5,206.5));
#6162 = CARTESIAN_POINT('',(44.150635094611,206.5));
#6163 = CARTESIAN_POINT('',(33.325317547305,187.75));
#6164 = CARTESIAN_POINT('',(22.5,169.));
#6165 = CARTESIAN_POINT('',(11.674682452695,187.75));
#6166 = CARTESIAN_POINT('',(0.849364905389,206.5));
#6167 = CARTESIAN_POINT('',(22.5,206.5));
#6168 = ( GEOMETRIC_REPRESENTATION_CONTEXT(2) 
PARAMETRIC_REPRESENTATION_CONTEXT() REPRESENTATION_CONTEXT('2D SPACE',''
  ) );
#6169 = PCURVE('',#2891,#6170);
#6170 = DEFINITIONAL_REPRESENTATION('',(#6171),#6175);
#6171 = LINE('',#6172,#6173);
#6172 = CARTESIAN_POINT('',(0.,-15.));
#6173 = VECTOR('',#6174,1.);
#6174 = DIRECTION('',(1.,0.));
#6175 = ( GEOMETRIC_REPRESENTATION_CONTEXT(2) 
PARAMETRIC_REPRESENTATION_CONTEXT() REPRESENTATION_CONTEXT('2D SPACE',''
  ) );
#6176 = FACE_BOUND('',#6177,.T.);
#6177 = EDGE_LOOP('',(#6178));
#6178 = ORIENTED_EDGE('',*,*,#6179,.T.);
#6179 = EDGE_CURVE('',#6180,#6180,#6182,.T.);
#6180 = VERTEX_POINT('',#6181);
#6181 = CARTESIAN_POINT('',(205.5,2.5,63.5));
#6182 = SURFACE_CURVE('',#6183,(#6188,#6199),.PCURVE_S1.);
#6183 = CIRCLE('',#6184,12.5);
#6184 = AXIS2_PLACEMENT_3D('',#6185,#6186,#6187);
#6185 = CARTESIAN_POINT('',(193.,2.5,63.5));
#6186 = DIRECTION('',(0.,-1.,0.));
#6187 = DIRECTION('',(1.,0.,0.));
#6188 = PCURVE('',#365,#6189);
#6189 = DEFINITIONAL_REPRESENTATION('',(#6190),#6198);
#6190 = ( BOUNDED_CURVE() B_SPLINE_CURVE(2,(#6191,#6192,#6193,#6194,
#6195,#6196,#6197),.UNSPECIFIED.,.T.,.F.) B_SPLINE_CURVE_WITH_KNOTS((1,2
    ,2,2,2,1),(-2.094395102393,0.,2.094395102393,4.188790204786,
6.28318530718,8.377580409573),.UNSPECIFIED.) CURVE() 
GEOMETRIC_REPRESENTATION_ITEM() RATIONAL_B_SPLINE_CURVE((1.,0.5,1.,0.5,
1.,0.5,1.)) REPRESENTATION_ITEM('') );
#6191 = CARTESIAN_POINT('',(51.5,206.5));
#6192 = CARTESIAN_POINT('',(73.150635094611,206.5));
#6193 = CARTESIAN_POINT('',(62.325317547305,187.75));
#6194 = CARTESIAN_POINT('',(51.5,169.));
#6195 = CARTESIAN_POINT('',(40.674682452695,187.75));
#6196 = CARTESIAN_POINT('',(29.849364905389,206.5));
#6197 = CARTESIAN_POINT('',(51.5,206.5));
#6198 = ( GEOMETRIC_REPRESENTATION_CONTEXT(2) 
PARAMETRIC_REPRESENTATION_CONTEXT() REPRESENTATION_CONTEXT('2D SPACE',''
  ) );
#6199 = PCURVE('',#2926,#6200);
#6200 = DEFINITIONAL_REPRESENTATION('',(#6201),#6205);
#6201 = LINE('',#6202,#6203);
#6202 = CARTESIAN_POINT('',(0.,-15.));
#6203 = VECTOR('',#6204,1.);
#6204 = DIRECTION('',(1.,0.));
#6205 = ( GEOMETRIC_REPRESENTATION_CONTEXT(2) 
PARAMETRIC_REPRESENTATION_CONTEXT() REPRESENTATION_CONTEXT('2D SPACE',''
  ) );
#6206 = FACE_BOUND('',#6207,.T.);
#6207 = EDGE_LOOP('',(#6208));
#6208 = ORIENTED_EDGE('',*,*,#6209,.T.);
#6209 = EDGE_CURVE('',#6210,#6210,#6212,.T.);
#6210 = VERTEX_POINT('',#6211);
#6211 = CARTESIAN_POINT('',(205.5,2.5,92.5));
#6212 = SURFACE_CURVE('',#6213,(#6218,#6229),.PCURVE_S1.);
#6213 = CIRCLE('',#6214,12.5);
#6214 = AXIS2_PLACEMENT_3D('',#6215,#6216,#6217);
#6215 = CARTESIAN_POINT('',(193.,2.5,92.5));
#6216 = DIRECTION('',(0.,-1.,0.));
#6217 = DIRECTION('',(1.,0.,0.));
#6218 = PCURVE('',#365,#6219);
#6219 = DEFINITIONAL_REPRESENTATION('',(#6220),#6228);
#6220 = ( BOUNDED_CURVE() B_SPLINE_CURVE(2,(#6221,#6222,#6223,#6224,
#6225,#6226,#6227),.UNSPECIFIED.,.T.,.F.) B_SPLINE_CURVE_WITH_KNOTS((1,2
    ,2,2,2,1),(-2.094395102393,0.,2.094395102393,4.188790204786,
6.28318530718,8.377580409573),.UNSPECIFIED.) CURVE() 
GEOMETRIC_REPRESENTATION_ITEM() RATIONAL_B_SPLINE_CURVE((1.,0.5,1.,0.5,
1.,0.5,1.)) REPRESENTATION_ITEM('') );
#6221 = CARTESIAN_POINT('',(80.5,206.5));
#6222 = CARTESIAN_POINT('',(102.15063509461,206.5));
#6223 = CARTESIAN_POINT('',(91.325317547305,187.75));
#6224 = CARTESIAN_POINT('',(80.5,169.));
#6225 = CARTESIAN_POINT('',(69.674682452695,187.75));
#6226 = CARTESIAN_POINT('',(58.849364905389,206.5));
#6227 = CARTESIAN_POINT('',(80.5,206.5));
#6228 = ( GEOMETRIC_REPRESENTATION_CONTEXT(2) 
PARAMETRIC_REPRESENTATION_CONTEXT() REPRESENTATION_CONTEXT('2D SPACE',''
  ) );
#6229 = PCURVE('',#3031,#6230);
#6230 = DEFINITIONAL_REPRESENTATION('',(#6231),#6235);
#6231 = LINE('',#6232,#6233);
#6232 = CARTESIAN_POINT('',(0.,-15.));
#6233 = VECTOR('',#6234,1.);
#6234 = DIRECTION('',(1.,0.));
#6235 = ( GEOMETRIC_REPRESENTATION_CONTEXT(2) 
PARAMETRIC_REPRESENTATION_CONTEXT() REPRESENTATION_CONTEXT('2D SPACE',''
  ) );
#6236 = FACE_BOUND('',#6237,.T.);
#6237 = EDGE_LOOP('',(#6238));
#6238 = ORIENTED_EDGE('',*,*,#6239,.T.);
#6239 = EDGE_CURVE('',#6240,#6240,#6242,.T.);
#6240 = VERTEX_POINT('',#6241);
#6241 = CARTESIAN_POINT('',(205.5,2.5,121.5));
#6242 = SURFACE_CURVE('',#6243,(#6248,#6259),.PCURVE_S1.);
#6243 = CIRCLE('',#6244,12.5);
#6244 = AXIS2_PLACEMENT_3D('',#6245,#6246,#6247);
#6245 = CARTESIAN_POINT('',(193.,2.5,121.5));
#6246 = DIRECTION('',(0.,-1.,0.));
#6247 = DIRECTION('',(1.,0.,0.));
#6248 = PCURVE('',#365,#6249);
#6249 = DEFINITIONAL_REPRESENTATION('',(#6250),#6258);
#6250 = ( BOUNDED_CURVE() B_SPLINE_CURVE(2,(#6251,#6252,#6253,#6254,
#6255,#6256,#6257),.UNSPECIFIED.,.T.,.F.) B_SPLINE_CURVE_WITH_KNOTS((1,2
    ,2,2,2,1),(-2.094395102393,0.,2.094395102393,4.188790204786,
6.28318530718,8.377580409573),.UNSPECIFIED.) CURVE() 
GEOMETRIC_REPRESENTATION_ITEM() RATIONAL_B_SPLINE_CURVE((1.,0.5,1.,0.5,
1.,0.5,1.)) REPRESENTATION_ITEM('') );
#6251 = CARTESIAN_POINT('',(109.5,206.5));
#6252 = CARTESIAN_POINT('',(131.15063509461,206.5));
#6253 = CARTESIAN_POINT('',(120.3253175473,187.75));
#6254 = CARTESIAN_POINT('',(109.5,169.));
#6255 = CARTESIAN_POINT('',(98.674682452695,187.75));
#6256 = CARTESIAN_POINT('',(87.849364905389,206.5));
#6257 = CARTESIAN_POINT('',(109.5,206.5));
#6258 = ( GEOMETRIC_REPRESENTATION_CONTEXT(2) 
PARAMETRIC_REPRESENTATION_CONTEXT() REPRESENTATION_CONTEXT('2D SPACE',''
  ) );
#6259 = PCURVE('',#3311,#6260);
#6260 = DEFINITIONAL_REPRESENTATION('',(#6261),#6265);
#6261 = LINE('',#6262,#6263);
#6262 = CARTESIAN_POINT('',(0.,-15.));
#6263 = VECTOR('',#6264,1.);
#6264 = DIRECTION('',(1.,0.));
#6265 = ( GEOMETRIC_REPRESENTATION_CONTEXT(2) 
PARAMETRIC_REPRESENTATION_CONTEXT() REPRESENTATION_CONTEXT('2D SPACE',''
  ) );
#6266 = FACE_BOUND('',#6267,.T.);
#6267 = EDGE_LOOP('',(#6268));
#6268 = ORIENTED_EDGE('',*,*,#6269,.T.);
#6269 = EDGE_CURVE('',#6270,#6270,#6272,.T.);
#6270 = VERTEX_POINT('',#6271);
#6271 = CARTESIAN_POINT('',(205.5,2.5,150.5));
#6272 = SURFACE_CURVE('',#6273,(#6278,#6289),.PCURVE_S1.);
#6273 = CIRCLE('',#6274,12.5);
#6274 = AXIS2_PLACEMENT_3D('',#6275,#6276,#6277);
#6275 = CARTESIAN_POINT('',(193.,2.5,150.5));
#6276 = DIRECTION('',(0.,-1.,0.));
#6277 = DIRECTION('',(1.,0.,0.));
#6278 = PCURVE('',#365,#6279);
#6279 = DEFINITIONAL_REPRESENTATION('',(#6280),#6288);
#6280 = ( BOUNDED_CURVE() B_SPLINE_CURVE(2,(#6281,#6282,#6283,#6284,
#6285,#6286,#6287),.UNSPECIFIED.,.T.,.F.) B_SPLINE_CURVE_WITH_KNOTS((1,2
    ,2,2,2,1),(-2.094395102393,0.,2.094395102393,4.188790204786,
6.28318530718,8.377580409573),.UNSPECIFIED.) CURVE() 
GEOMETRIC_REPRESENTATION_ITEM() RATIONAL_B_SPLINE_CURVE((1.,0.5,1.,0.5,
1.,0.5,1.)) REPRESENTATION_ITEM('') );
#6281 = CARTESIAN_POINT('',(138.5,206.5));
#6282 = CARTESIAN_POINT('',(160.15063509461,206.5));
#6283 = CARTESIAN_POINT('',(149.3253175473,187.75));
#6284 = CARTESIAN_POINT('',(138.5,169.));
#6285 = CARTESIAN_POINT('',(127.67468245269,187.75));
#6286 = CARTESIAN_POINT('',(116.84936490538,206.5));
#6287 = CARTESIAN_POINT('',(138.5,206.5));
#6288 = ( GEOMETRIC_REPRESENTATION_CONTEXT(2) 
PARAMETRIC_REPRESENTATION_CONTEXT() REPRESENTATION_CONTEXT('2D SPACE',''
  ) );
#6289 = PCURVE('',#3381,#6290);
#6290 = DEFINITIONAL_REPRESENTATION('',(#6291),#6295);
#6291 = LINE('',#6292,#6293);
#6292 = CARTESIAN_POINT('',(0.,-15.));
#6293 = VECTOR('',#6294,1.);
#6294 = DIRECTION('',(1.,0.));
#6295 = ( GEOMETRIC_REPRESENTATION_CONTEXT(2) 
PARAMETRIC_REPRESENTATION_CONTEXT() REPRESENTATION_CONTEXT('2D SPACE',''
  ) );
#6296 = FACE_BOUND('',#6297,.T.);
#6297 = EDGE_LOOP('',(#6298));
#6298 = ORIENTED_EDGE('',*,*,#6299,.T.);
#6299 = EDGE_CURVE('',#6300,#6300,#6302,.T.);
#6300 = VERTEX_POINT('',#6301);
#6301 = CARTESIAN_POINT('',(239.5,2.5,179.5));
#6302 = SURFACE_CURVE('',#6303,(#6308,#6319),.PCURVE_S1.);
#6303 = CIRCLE('',#6304,12.5);
#6304 = AXIS2_PLACEMENT_3D('',#6305,#6306,#6307);
#6305 = CARTESIAN_POINT('',(227.,2.5,179.5));
#6306 = DIRECTION('',(0.,-1.,0.));
#6307 = DIRECTION('',(1.,0.,0.));
#6308 = PCURVE('',#365,#6309);
#6309 = DEFINITIONAL_REPRESENTATION('',(#6310),#6318);
#6310 = ( BOUNDED_CURVE() B_SPLINE_CURVE(2,(#6311,#6312,#6313,#6314,
#6315,#6316,#6317),.UNSPECIFIED.,.T.,.F.) B_SPLINE_CURVE_WITH_KNOTS((1,2
    ,2,2,2,1),(-2.094395102393,0.,2.094395102393,4.188790204786,
6.28318530718,8.377580409573),.UNSPECIFIED.) CURVE() 
GEOMETRIC_REPRESENTATION_ITEM() RATIONAL_B_SPLINE_CURVE((1.,0.5,1.,0.5,
1.,0.5,1.)) REPRESENTATION_ITEM('') );
#6311 = CARTESIAN_POINT('',(167.5,240.5));
#6312 = CARTESIAN_POINT('',(189.15063509461,240.5));
#6313 = CARTESIAN_POINT('',(178.3253175473,221.75));
#6314 = CARTESIAN_POINT('',(167.5,203.));
#6315 = CARTESIAN_POINT('',(156.67468245269,221.75));
#6316 = CARTESIAN_POINT('',(145.84936490538,240.5));
#6317 = CARTESIAN_POINT('',(167.5,240.5));
#6318 = ( GEOMETRIC_REPRESENTATION_CONTEXT(2) 
PARAMETRIC_REPRESENTATION_CONTEXT() REPRESENTATION_CONTEXT('2D SPACE',''
  ) );
#6319 = PCURVE('',#3486,#6320);
#6320 = DEFINITIONAL_REPRESENTATION('',(#6321),#6325);
#6321 = LINE('',#6322,#6323);
#6322 = CARTESIAN_POINT('',(0.,-15.));
#6323 = VECTOR('',#6324,1.);
#6324 = DIRECTION('',(1.,0.));
#6325 = ( GEOMETRIC_REPRESENTATION_CONTEXT(2) 
PARAMETRIC_REPRESENTATION_CONTEXT() REPRESENTATION_CONTEXT('2D SPACE',''
  ) );
#6326 = FACE_BOUND('',#6327,.T.);
#6327 = EDGE_LOOP('',(#6328));
#6328 = ORIENTED_EDGE('',*,*,#6329,.T.);
#6329 = EDGE_CURVE('',#6330,#6330,#6332,.T.);
#6330 = VERTEX_POINT('',#6331);
#6331 = CARTESIAN_POINT('',(239.5,2.5,34.5));
#6332 = SURFACE_CURVE('',#6333,(#6338,#6349),.PCURVE_S1.);
#6333 = CIRCLE('',#6334,12.5);
#6334 = AXIS2_PLACEMENT_3D('',#6335,#6336,#6337);
#6335 = CARTESIAN_POINT('',(227.,2.5,34.5));
#6336 = DIRECTION('',(0.,-1.,0.));
#6337 = DIRECTION('',(1.,0.,0.));
#6338 = PCURVE('',#365,#6339);
#6339 = DEFINITIONAL_REPRESENTATION('',(#6340),#6348);
#6340 = ( BOUNDED_CURVE() B_SPLINE_CURVE(2,(#6341,#6342,#6343,#6344,
#6345,#6346,#6347),.UNSPECIFIED.,.T.,.F.) B_SPLINE_CURVE_WITH_KNOTS((1,2
    ,2,2,2,1),(-2.094395102393,0.,2.094395102393,4.188790204786,
6.28318530718,8.377580409573),.UNSPECIFIED.) CURVE() 
GEOMETRIC_REPRESENTATION_ITEM() RATIONAL_B_SPLINE_CURVE((1.,0.5,1.,0.5,
1.,0.5,1.)) REPRESENTATION_ITEM('') );
#6341 = CARTESIAN_POINT('',(22.5,240.5));
#6342 = CARTESIAN_POINT('',(44.150635094611,240.5));
#6343 = CARTESIAN_POINT('',(33.325317547305,221.75));
#6344 = CARTESIAN_POINT('',(22.5,203.));
#6345 = CARTESIAN_POINT('',(11.674682452695,221.75));
#6346 = CARTESIAN_POINT('',(0.849364905389,240.5));
#6347 = CARTESIAN_POINT('',(22.5,240.5));
#6348 = ( GEOMETRIC_REPRESENTATION_CONTEXT(2) 
PARAMETRIC_REPRESENTATION_CONTEXT() REPRESENTATION_CONTEXT('2D SPACE',''
  ) );
#6349 = PCURVE('',#2961,#6350);
#6350 = DEFINITIONAL_REPRESENTATION('',(#6351),#6355);
#6351 = LINE('',#6352,#6353);
#6352 = CARTESIAN_POINT('',(0.,-15.));
#6353 = VECTOR('',#6354,1.);
#6354 = DIRECTION('',(1.,0.));
#6355 = ( GEOMETRIC_REPRESENTATION_CONTEXT(2) 
PARAMETRIC_REPRESENTATION_CONTEXT() REPRESENTATION_CONTEXT('2D SPACE',''
  ) );
#6356 = FACE_BOUND('',#6357,.T.);
#6357 = EDGE_LOOP('',(#6358));
#6358 = ORIENTED_EDGE('',*,*,#6359,.T.);
#6359 = EDGE_CURVE('',#6360,#6360,#6362,.T.);
#6360 = VERTEX_POINT('',#6361);
#6361 = CARTESIAN_POINT('',(239.5,2.5,63.5));
#6362 = SURFACE_CURVE('',#6363,(#6368,#6379),.PCURVE_S1.);
#6363 = CIRCLE('',#6364,12.5);
#6364 = AXIS2_PLACEMENT_3D('',#6365,#6366,#6367);
#6365 = CARTESIAN_POINT('',(227.,2.5,63.5));
#6366 = DIRECTION('',(0.,-1.,0.));
#6367 = DIRECTION('',(1.,0.,0.));
#6368 = PCURVE('',#365,#6369);
#6369 = DEFINITIONAL_REPRESENTATION('',(#6370),#6378);
#6370 = ( BOUNDED_CURVE() B_SPLINE_CURVE(2,(#6371,#6372,#6373,#6374,
#6375,#6376,#6377),.UNSPECIFIED.,.T.,.F.) B_SPLINE_CURVE_WITH_KNOTS((1,2
    ,2,2,2,1),(-2.094395102393,0.,2.094395102393,4.188790204786,
6.28318530718,8.377580409573),.UNSPECIFIED.) CURVE() 
GEOMETRIC_REPRESENTATION_ITEM() RATIONAL_B_SPLINE_CURVE((1.,0.5,1.,0.5,
1.,0.5,1.)) REPRESENTATION_ITEM('') );
#6371 = CARTESIAN_POINT('',(51.5,240.5));
#6372 = CARTESIAN_POINT('',(73.150635094611,240.5));
#6373 = CARTESIAN_POINT('',(62.325317547305,221.75));
#6374 = CARTESIAN_POINT('',(51.5,203.));
#6375 = CARTESIAN_POINT('',(40.674682452695,221.75));
#6376 = CARTESIAN_POINT('',(29.849364905389,240.5));
#6377 = CARTESIAN_POINT('',(51.5,240.5));
#6378 = ( GEOMETRIC_REPRESENTATION_CONTEXT(2) 
PARAMETRIC_REPRESENTATION_CONTEXT() REPRESENTATION_CONTEXT('2D SPACE',''
  ) );
#6379 = PCURVE('',#2996,#6380);
#6380 = DEFINITIONAL_REPRESENTATION('',(#6381),#6385);
#6381 = LINE('',#6382,#6383);
#6382 = CARTESIAN_POINT('',(0.,-15.));
#6383 = VECTOR('',#6384,1.);
#6384 = DIRECTION('',(1.,0.));
#6385 = ( GEOMETRIC_REPRESENTATION_CONTEXT(2) 
PARAMETRIC_REPRESENTATION_CONTEXT() REPRESENTATION_CONTEXT('2D SPACE',''
  ) );
#6386 = FACE_BOUND('',#6387,.T.);
#6387 = EDGE_LOOP('',(#6388));
#6388 = ORIENTED_EDGE('',*,*,#6389,.T.);
#6389 = EDGE_CURVE('',#6390,#6390,#6392,.T.);
#6390 = VERTEX_POINT('',#6391);
#6391 = CARTESIAN_POINT('',(239.5,2.5,92.5));
#6392 = SURFACE_CURVE('',#6393,(#6398,#6409),.PCURVE_S1.);
#6393 = CIRCLE('',#6394,12.5);
#6394 = AXIS2_PLACEMENT_3D('',#6395,#6396,#6397);
#6395 = CARTESIAN_POINT('',(227.,2.5,92.5));
#6396 = DIRECTION('',(0.,-1.,0.));
#6397 = DIRECTION('',(1.,0.,0.));
#6398 = PCURVE('',#365,#6399);
#6399 = DEFINITIONAL_REPRESENTATION('',(#6400),#6408);
#6400 = ( BOUNDED_CURVE() B_SPLINE_CURVE(2,(#6401,#6402,#6403,#6404,
#6405,#6406,#6407),.UNSPECIFIED.,.T.,.F.) B_SPLINE_CURVE_WITH_KNOTS((1,2
    ,2,2,2,1),(-2.094395102393,0.,2.094395102393,4.188790204786,
6.28318530718,8.377580409573),.UNSPECIFIED.) CURVE() 
GEOMETRIC_REPRESENTATION_ITEM() RATIONAL_B_SPLINE_CURVE((1.,0.5,1.,0.5,
1.,0.5,1.)) REPRESENTATION_ITEM('') );
#6401 = CARTESIAN_POINT('',(80.5,240.5));
#6402 = CARTESIAN_POINT('',(102.15063509461,240.5));
#6403 = CARTESIAN_POINT('',(91.325317547305,221.75));
#6404 = CARTESIAN_POINT('',(80.5,203.));
#6405 = CARTESIAN_POINT('',(69.674682452695,221.75));
#6406 = CARTESIAN_POINT('',(58.849364905389,240.5));
#6407 = CARTESIAN_POINT('',(80.5,240.5));
#6408 = ( GEOMETRIC_REPRESENTATION_CONTEXT(2) 
PARAMETRIC_REPRESENTATION_CONTEXT() REPRESENTATION_CONTEXT('2D SPACE',''
  ) );
#6409 = PCURVE('',#3066,#6410);
#6410 = DEFINITIONAL_REPRESENTATION('',(#6411),#6415);
#6411 = LINE('',#6412,#6413);
#6412 = CARTESIAN_POINT('',(0.,-15.));
#6413 = VECTOR('',#6414,1.);
#6414 = DIRECTION('',(1.,0.));
#6415 = ( GEOMETRIC_REPRESENTATION_CONTEXT(2) 
PARAMETRIC_REPRESENTATION_CONTEXT() REPRESENTATION_CONTEXT('2D SPACE',''
  ) );
#6416 = FACE_BOUND('',#6417,.T.);
#6417 = EDGE_LOOP('',(#6418));
#6418 = ORIENTED_EDGE('',*,*,#6419,.T.);
#6419 = EDGE_CURVE('',#6420,#6420,#6422,.T.);
#6420 = VERTEX_POINT('',#6421);
#6421 = CARTESIAN_POINT('',(239.5,2.5,121.5));
#6422 = SURFACE_CURVE('',#6423,(#6428,#6439),.PCURVE_S1.);
#6423 = CIRCLE('',#6424,12.5);
#6424 = AXIS2_PLACEMENT_3D('',#6425,#6426,#6427);
#6425 = CARTESIAN_POINT('',(227.,2.5,121.5));
#6426 = DIRECTION('',(0.,-1.,0.));
#6427 = DIRECTION('',(1.,0.,0.));
#6428 = PCURVE('',#365,#6429);
#6429 = DEFINITIONAL_REPRESENTATION('',(#6430),#6438);
#6430 = ( BOUNDED_CURVE() B_SPLINE_CURVE(2,(#6431,#6432,#6433,#6434,
#6435,#6436,#6437),.UNSPECIFIED.,.T.,.F.) B_SPLINE_CURVE_WITH_KNOTS((1,2
    ,2,2,2,1),(-2.094395102393,0.,2.094395102393,4.188790204786,
6.28318530718,8.377580409573),.UNSPECIFIED.) CURVE() 
GEOMETRIC_REPRESENTATION_ITEM() RATIONAL_B_SPLINE_CURVE((1.,0.5,1.,0.5,
1.,0.5,1.)) REPRESENTATION_ITEM('') );
#6431 = CARTESIAN_POINT('',(109.5,240.5));
#6432 = CARTESIAN_POINT('',(131.15063509461,240.5));
#6433 = CARTESIAN_POINT('',(120.3253175473,221.75));
#6434 = CARTESIAN_POINT('',(109.5,203.));
#6435 = CARTESIAN_POINT('',(98.674682452695,221.75));
#6436 = CARTESIAN_POINT('',(87.849364905389,240.5));
#6437 = CARTESIAN_POINT('',(109.5,240.5));
#6438 = ( GEOMETRIC_REPRESENTATION_CONTEXT(2) 
PARAMETRIC_REPRESENTATION_CONTEXT() REPRESENTATION_CONTEXT('2D SPACE',''
  ) );
#6439 = PCURVE('',#3346,#6440);
#6440 = DEFINITIONAL_REPRESENTATION('',(#6441),#6445);
#6441 = LINE('',#6442,#6443);
#6442 = CARTESIAN_POINT('',(0.,-15.));
#6443 = VECTOR('',#6444,1.);
#6444 = DIRECTION('',(1.,0.));
#6445 = ( GEOMETRIC_REPRESENTATION_CONTEXT(2) 
PARAMETRIC_REPRESENTATION_CONTEXT() REPRESENTATION_CONTEXT('2D SPACE',''
  ) );
#6446 = FACE_BOUND('',#6447,.T.);
#6447 = EDGE_LOOP('',(#6448));
#6448 = ORIENTED_EDGE('',*,*,#6449,.T.);
#6449 = EDGE_CURVE('',#6450,#6450,#6452,.T.);
#6450 = VERTEX_POINT('',#6451);
#6451 = CARTESIAN_POINT('',(239.5,2.5,150.5));
#6452 = SURFACE_CURVE('',#6453,(#6458,#6469),.PCURVE_S1.);
#6453 = CIRCLE('',#6454,12.5);
#6454 = AXIS2_PLACEMENT_3D('',#6455,#6456,#6457);
#6455 = CARTESIAN_POINT('',(227.,2.5,150.5));
#6456 = DIRECTION('',(0.,-1.,0.));
#6457 = DIRECTION('',(1.,0.,0.));
#6458 = PCURVE('',#365,#6459);
#6459 = DEFINITIONAL_REPRESENTATION('',(#6460),#6468);
#6460 = ( BOUNDED_CURVE() B_SPLINE_CURVE(2,(#6461,#6462,#6463,#6464,
#6465,#6466,#6467),.UNSPECIFIED.,.T.,.F.) B_SPLINE_CURVE_WITH_KNOTS((1,2
    ,2,2,2,1),(-2.094395102393,0.,2.094395102393,4.188790204786,
6.28318530718,8.377580409573),.UNSPECIFIED.) CURVE() 
GEOMETRIC_REPRESENTATION_ITEM() RATIONAL_B_SPLINE_CURVE((1.,0.5,1.,0.5,
1.,0.5,1.)) REPRESENTATION_ITEM('') );
#6461 = CARTESIAN_POINT('',(138.5,240.5));
#6462 = CARTESIAN_POINT('',(160.15063509461,240.5));
#6463 = CARTESIAN_POINT('',(149.3253175473,221.75));
#6464 = CARTESIAN_POINT('',(138.5,203.));
#6465 = CARTESIAN_POINT('',(127.67468245269,221.75));
#6466 = CARTESIAN_POINT('',(116.84936490538,240.5));
#6467 = CARTESIAN_POINT('',(138.5,240.5));
#6468 = ( GEOMETRIC_REPRESENTATION_CONTEXT(2) 
PARAMETRIC_REPRESENTATION_CONTEXT() REPRESENTATION_CONTEXT('2D SPACE',''
  ) );
#6469 = PCURVE('',#3451,#6470);
#6470 = DEFINITIONAL_REPRESENTATION('',(#6471),#6475);
#6471 = LINE('',#6472,#6473);
#6472 = CARTESIAN_POINT('',(0.,-15.));
#6473 = VECTOR('',#6474,1.);
#6474 = DIRECTION('',(1.,0.));
#6475 = ( GEOMETRIC_REPRESENTATION_CONTEXT(2) 
PARAMETRIC_REPRESENTATION_CONTEXT() REPRESENTATION_CONTEXT('2D SPACE',''
  ) );
#6476 = ADVANCED_FACE('',(#6477),#339,.T.);
#6477 = FACE_BOUND('',#6478,.T.);
#6478 = EDGE_LOOP('',(#6479,#6480,#6481,#6502));
#6479 = ORIENTED_EDGE('',*,*,#324,.T.);
#6480 = ORIENTED_EDGE('',*,*,#5195,.T.);
#6481 = ORIENTED_EDGE('',*,*,#6482,.F.);
#6482 = EDGE_CURVE('',#6483,#5168,#6485,.T.);
#6483 = VERTEX_POINT('',#6484);
#6484 = CARTESIAN_POINT('',(7.5,6.25,12.));
#6485 = SURFACE_CURVE('',#6486,(#6490,#6496),.PCURVE_S1.);
#6486 = LINE('',#6487,#6488);
#6487 = CARTESIAN_POINT('',(7.5,2.5,12.));
#6488 = VECTOR('',#6489,1.);
#6489 = DIRECTION('',(0.,-1.,0.));
#6490 = PCURVE('',#339,#6491);
#6491 = DEFINITIONAL_REPRESENTATION('',(#6492),#6495);
#6492 = B_SPLINE_CURVE_WITH_KNOTS('',1,(#6493,#6494),.UNSPECIFIED.,.F.,
  .F.,(2,2),(-3.75,0.),.PIECEWISE_BEZIER_KNOTS.);
#6493 = CARTESIAN_POINT('',(8.5,3.75));
#6494 = CARTESIAN_POINT('',(8.5,0.));
#6495 = ( GEOMETRIC_REPRESENTATION_CONTEXT(2) 
PARAMETRIC_REPRESENTATION_CONTEXT() REPRESENTATION_CONTEXT('2D SPACE',''
  ) );
#6496 = PCURVE('',#5183,#6497);
#6497 = DEFINITIONAL_REPRESENTATION('',(#6498),#6501);
#6498 = B_SPLINE_CURVE_WITH_KNOTS('',1,(#6499,#6500),.UNSPECIFIED.,.F.,
  .F.,(2,2),(-3.75,0.),.PIECEWISE_BEZIER_KNOTS.);
#6499 = CARTESIAN_POINT('',(12.,-3.75));
#6500 = CARTESIAN_POINT('',(12.,0.));
#6501 = ( GEOMETRIC_REPRESENTATION_CONTEXT(2) 
PARAMETRIC_REPRESENTATION_CONTEXT() REPRESENTATION_CONTEXT('2D SPACE',''
  ) );
#6502 = ORIENTED_EDGE('',*,*,#6503,.F.);
#6503 = EDGE_CURVE('',#297,#6483,#6504,.T.);
#6504 = SURFACE_CURVE('',#6505,(#6509,#6515),.PCURVE_S1.);
#6505 = LINE('',#6506,#6507);
#6506 = CARTESIAN_POINT('',(-0.5,6.25,12.));
#6507 = VECTOR('',#6508,1.);
#6508 = DIRECTION('',(1.,0.,0.));
#6509 = PCURVE('',#339,#6510);
#6510 = DEFINITIONAL_REPRESENTATION('',(#6511),#6514);
#6511 = B_SPLINE_CURVE_WITH_KNOTS('',1,(#6512,#6513),.UNSPECIFIED.,.F.,
  .F.,(2,2),(0.5,8.),.PIECEWISE_BEZIER_KNOTS.);
#6512 = CARTESIAN_POINT('',(1.,3.75));
#6513 = CARTESIAN_POINT('',(8.5,3.75));
#6514 = ( GEOMETRIC_REPRESENTATION_CONTEXT(2) 
PARAMETRIC_REPRESENTATION_CONTEXT() REPRESENTATION_CONTEXT('2D SPACE',''
  ) );
#6515 = PCURVE('',#312,#6516);
#6516 = DEFINITIONAL_REPRESENTATION('',(#6517),#6520);
#6517 = B_SPLINE_CURVE_WITH_KNOTS('',1,(#6518,#6519),.UNSPECIFIED.,.F.,
  .F.,(2,2),(0.5,8.),.PIECEWISE_BEZIER_KNOTS.);
#6518 = CARTESIAN_POINT('',(12.,0.));
#6519 = CARTESIAN_POINT('',(12.,7.5));
#6520 = ( GEOMETRIC_REPRESENTATION_CONTEXT(2) 
PARAMETRIC_REPRESENTATION_CONTEXT() REPRESENTATION_CONTEXT('2D SPACE',''
  ) );
#6521 = ADVANCED_FACE('',(#6522),#181,.F.);
#6522 = FACE_BOUND('',#6523,.T.);
#6523 = EDGE_LOOP('',(#6524,#6546,#6547,#6548));
#6524 = ORIENTED_EDGE('',*,*,#6525,.T.);
#6525 = EDGE_CURVE('',#1894,#1915,#6526,.T.);
#6526 = SURFACE_CURVE('',#6527,(#6532,#6539),.PCURVE_S1.);
#6527 = CIRCLE('',#6528,0.7);
#6528 = AXIS2_PLACEMENT_3D('',#6529,#6530,#6531);
#6529 = CARTESIAN_POINT('',(6.5,-0.3,130.));
#6530 = DIRECTION('',(1.,-0.,0.));
#6531 = DIRECTION('',(0.,0.428571428571,-0.903507902905));
#6532 = PCURVE('',#181,#6533);
#6533 = DEFINITIONAL_REPRESENTATION('',(#6534),#6538);
#6534 = LINE('',#6535,#6536);
#6535 = CARTESIAN_POINT('',(-5.155300024458,-7.5));
#6536 = VECTOR('',#6537,1.);
#6537 = DIRECTION('',(-1.,-0.));
#6538 = ( GEOMETRIC_REPRESENTATION_CONTEXT(2) 
PARAMETRIC_REPRESENTATION_CONTEXT() REPRESENTATION_CONTEXT('2D SPACE',''
  ) );
#6539 = PCURVE('',#1929,#6540);
#6540 = DEFINITIONAL_REPRESENTATION('',(#6541),#6545);
#6541 = CIRCLE('',#6542,0.7);
#6542 = AXIS2_PLACEMENT_2D('',#6543,#6544);
#6543 = CARTESIAN_POINT('',(2.5,-2.2));
#6544 = DIRECTION('',(-0.903507902905,-0.428571428571));
#6545 = ( GEOMETRIC_REPRESENTATION_CONTEXT(2) 
PARAMETRIC_REPRESENTATION_CONTEXT() REPRESENTATION_CONTEXT('2D SPACE',''
  ) );
#6546 = ORIENTED_EDGE('',*,*,#1940,.T.);
#6547 = ORIENTED_EDGE('',*,*,#164,.F.);
#6548 = ORIENTED_EDGE('',*,*,#1893,.F.);
#6549 = ADVANCED_FACE('',(#6550,#6598),#312,.T.);
#6550 = FACE_BOUND('',#6551,.T.);
#6551 = EDGE_LOOP('',(#6552,#6575,#6596,#6597));
#6552 = ORIENTED_EDGE('',*,*,#6553,.F.);
#6553 = EDGE_CURVE('',#6554,#6483,#6556,.T.);
#6554 = VERTEX_POINT('',#6555);
#6555 = CARTESIAN_POINT('',(7.5,6.25,0.));
#6556 = SURFACE_CURVE('',#6557,(#6561,#6568),.PCURVE_S1.);
#6557 = LINE('',#6558,#6559);
#6558 = CARTESIAN_POINT('',(7.5,6.25,0.));
#6559 = VECTOR('',#6560,1.);
#6560 = DIRECTION('',(0.,0.,1.));
#6561 = PCURVE('',#312,#6562);
#6562 = DEFINITIONAL_REPRESENTATION('',(#6563),#6567);
#6563 = LINE('',#6564,#6565);
#6564 = CARTESIAN_POINT('',(0.,7.5));
#6565 = VECTOR('',#6566,1.);
#6566 = DIRECTION('',(1.,0.));
#6567 = ( GEOMETRIC_REPRESENTATION_CONTEXT(2) 
PARAMETRIC_REPRESENTATION_CONTEXT() REPRESENTATION_CONTEXT('2D SPACE',''
  ) );
#6568 = PCURVE('',#5183,#6569);
#6569 = DEFINITIONAL_REPRESENTATION('',(#6570),#6574);
#6570 = LINE('',#6571,#6572);
#6571 = CARTESIAN_POINT('',(0.,-3.75));
#6572 = VECTOR('',#6573,1.);
#6573 = DIRECTION('',(1.,0.));
#6574 = ( GEOMETRIC_REPRESENTATION_CONTEXT(2) 
PARAMETRIC_REPRESENTATION_CONTEXT() REPRESENTATION_CONTEXT('2D SPACE',''
  ) );
#6575 = ORIENTED_EDGE('',*,*,#6576,.F.);
#6576 = EDGE_CURVE('',#269,#6554,#6577,.T.);
#6577 = SURFACE_CURVE('',#6578,(#6582,#6589),.PCURVE_S1.);
#6578 = LINE('',#6579,#6580);
#6579 = CARTESIAN_POINT('',(0.,6.25,0.));
#6580 = VECTOR('',#6581,1.);
#6581 = DIRECTION('',(1.,0.,0.));
#6582 = PCURVE('',#312,#6583);
#6583 = DEFINITIONAL_REPRESENTATION('',(#6584),#6588);
#6584 = LINE('',#6585,#6586);
#6585 = CARTESIAN_POINT('',(0.,0.));
#6586 = VECTOR('',#6587,1.);
#6587 = DIRECTION('',(0.,1.));
#6588 = ( GEOMETRIC_REPRESENTATION_CONTEXT(2) 
PARAMETRIC_REPRESENTATION_CONTEXT() REPRESENTATION_CONTEXT('2D SPACE',''
  ) );
#6589 = PCURVE('',#284,#6590);
#6590 = DEFINITIONAL_REPRESENTATION('',(#6591),#6595);
#6591 = LINE('',#6592,#6593);
#6592 = CARTESIAN_POINT('',(0.,6.25));
#6593 = VECTOR('',#6594,1.);
#6594 = DIRECTION('',(1.,0.));
#6595 = ( GEOMETRIC_REPRESENTATION_CONTEXT(2) 
PARAMETRIC_REPRESENTATION_CONTEXT() REPRESENTATION_CONTEXT('2D SPACE',''
  ) );
#6596 = ORIENTED_EDGE('',*,*,#296,.T.);
#6597 = ORIENTED_EDGE('',*,*,#6503,.T.);
#6598 = FACE_BOUND('',#6599,.T.);
#6599 = EDGE_LOOP('',(#6600));
#6600 = ORIENTED_EDGE('',*,*,#6601,.T.);
#6601 = EDGE_CURVE('',#6602,#6602,#6604,.T.);
#6602 = VERTEX_POINT('',#6603);
#6603 = CARTESIAN_POINT('',(5.75,6.25,6.));
#6604 = SURFACE_CURVE('',#6605,(#6610,#6621),.PCURVE_S1.);
#6605 = CIRCLE('',#6606,2.);
#6606 = AXIS2_PLACEMENT_3D('',#6607,#6608,#6609);
#6607 = CARTESIAN_POINT('',(3.75,6.25,6.));
#6608 = DIRECTION('',(0.,-1.,0.));
#6609 = DIRECTION('',(1.,0.,0.));
#6610 = PCURVE('',#312,#6611);
#6611 = DEFINITIONAL_REPRESENTATION('',(#6612),#6620);
#6612 = ( BOUNDED_CURVE() B_SPLINE_CURVE(2,(#6613,#6614,#6615,#6616,
#6617,#6618,#6619),.UNSPECIFIED.,.T.,.F.) B_SPLINE_CURVE_WITH_KNOTS((1,2
    ,2,2,2,1),(-2.094395102393,0.,2.094395102393,4.188790204786,
6.28318530718,8.377580409573),.UNSPECIFIED.) CURVE() 
GEOMETRIC_REPRESENTATION_ITEM() RATIONAL_B_SPLINE_CURVE((1.,0.5,1.,0.5,
1.,0.5,1.)) REPRESENTATION_ITEM('') );
#6613 = CARTESIAN_POINT('',(6.,5.75));
#6614 = CARTESIAN_POINT('',(9.464101615138,5.75));
#6615 = CARTESIAN_POINT('',(7.732050807569,2.75));
#6616 = CARTESIAN_POINT('',(6.,-0.25));
#6617 = CARTESIAN_POINT('',(4.267949192431,2.75));
#6618 = CARTESIAN_POINT('',(2.535898384862,5.75));
#6619 = CARTESIAN_POINT('',(6.,5.75));
#6620 = ( GEOMETRIC_REPRESENTATION_CONTEXT(2) 
PARAMETRIC_REPRESENTATION_CONTEXT() REPRESENTATION_CONTEXT('2D SPACE',''
  ) );
#6621 = PCURVE('',#6622,#6627);
#6622 = CYLINDRICAL_SURFACE('',#6623,2.);
#6623 = AXIS2_PLACEMENT_3D('',#6624,#6625,#6626);
#6624 = CARTESIAN_POINT('',(3.75,6.25,6.));
#6625 = DIRECTION('',(0.,-1.,0.));
#6626 = DIRECTION('',(1.,0.,0.));
#6627 = DEFINITIONAL_REPRESENTATION('',(#6628),#6632);
#6628 = LINE('',#6629,#6630);
#6629 = CARTESIAN_POINT('',(0.,0.));
#6630 = VECTOR('',#6631,1.);
#6631 = DIRECTION('',(1.,0.));
#6632 = ( GEOMETRIC_REPRESENTATION_CONTEXT(2) 
PARAMETRIC_REPRESENTATION_CONTEXT() REPRESENTATION_CONTEXT('2D SPACE',''
  ) );
#6633 = ADVANCED_FACE('',(#6634),#284,.F.);
#6634 = FACE_BOUND('',#6635,.F.);
#6635 = EDGE_LOOP('',(#6636,#6637,#6660,#6688,#6709,#6710,#6733,#6761,
    #6782,#6783,#6806,#6834,#6855,#6856,#6879,#6907,#6928,#6929,#6952,
    #6980,#7001,#7002,#7025,#7053,#7074,#7075,#7098,#7126,#7147,#7148,
    #7169,#7170));
#6636 = ORIENTED_EDGE('',*,*,#1804,.T.);
#6637 = ORIENTED_EDGE('',*,*,#6638,.F.);
#6638 = EDGE_CURVE('',#6639,#1782,#6641,.T.);
#6639 = VERTEX_POINT('',#6640);
#6640 = CARTESIAN_POINT('',(250.,6.25,0.));
#6641 = SURFACE_CURVE('',#6642,(#6646,#6653),.PCURVE_S1.);
#6642 = LINE('',#6643,#6644);
#6643 = CARTESIAN_POINT('',(250.,6.25,0.));
#6644 = VECTOR('',#6645,1.);
#6645 = DIRECTION('',(0.,-1.,0.));
#6646 = PCURVE('',#284,#6647);
#6647 = DEFINITIONAL_REPRESENTATION('',(#6648),#6652);
#6648 = LINE('',#6649,#6650);
#6649 = CARTESIAN_POINT('',(250.,6.25));
#6650 = VECTOR('',#6651,1.);
#6651 = DIRECTION('',(0.,-1.));
#6652 = ( GEOMETRIC_REPRESENTATION_CONTEXT(2) 
PARAMETRIC_REPRESENTATION_CONTEXT() REPRESENTATION_CONTEXT('2D SPACE',''
  ) );
#6653 = PCURVE('',#472,#6654);
#6654 = DEFINITIONAL_REPRESENTATION('',(#6655),#6659);
#6655 = LINE('',#6656,#6657);
#6656 = CARTESIAN_POINT('',(0.,-6.25));
#6657 = VECTOR('',#6658,1.);
#6658 = DIRECTION('',(0.,1.));
#6659 = ( GEOMETRIC_REPRESENTATION_CONTEXT(2) 
PARAMETRIC_REPRESENTATION_CONTEXT() REPRESENTATION_CONTEXT('2D SPACE',''
  ) );
#6660 = ORIENTED_EDGE('',*,*,#6661,.F.);
#6661 = EDGE_CURVE('',#6662,#6639,#6664,.T.);
#6662 = VERTEX_POINT('',#6663);
#6663 = CARTESIAN_POINT('',(242.5,6.25,0.));
#6664 = SURFACE_CURVE('',#6665,(#6669,#6676),.PCURVE_S1.);
#6665 = LINE('',#6666,#6667);
#6666 = CARTESIAN_POINT('',(242.5,6.25,0.));
#6667 = VECTOR('',#6668,1.);
#6668 = DIRECTION('',(1.,0.,0.));
#6669 = PCURVE('',#284,#6670);
#6670 = DEFINITIONAL_REPRESENTATION('',(#6671),#6675);
#6671 = LINE('',#6672,#6673);
#6672 = CARTESIAN_POINT('',(242.5,6.25));
#6673 = VECTOR('',#6674,1.);
#6674 = DIRECTION('',(1.,0.));
#6675 = ( GEOMETRIC_REPRESENTATION_CONTEXT(2) 
PARAMETRIC_REPRESENTATION_CONTEXT() REPRESENTATION_CONTEXT('2D SPACE',''
  ) );
#6676 = PCURVE('',#6677,#6682);
#6677 = PLANE('',#6678);
#6678 = AXIS2_PLACEMENT_3D('',#6679,#6680,#6681);
#6679 = CARTESIAN_POINT('',(242.5,6.25,0.));
#6680 = DIRECTION('',(0.,1.,0.));
#6681 = DIRECTION('',(0.,0.,1.));
#6682 = DEFINITIONAL_REPRESENTATION('',(#6683),#6687);
#6683 = LINE('',#6684,#6685);
#6684 = CARTESIAN_POINT('',(0.,0.));
#6685 = VECTOR('',#6686,1.);
#6686 = DIRECTION('',(0.,1.));
#6687 = ( GEOMETRIC_REPRESENTATION_CONTEXT(2) 
PARAMETRIC_REPRESENTATION_CONTEXT() REPRESENTATION_CONTEXT('2D SPACE',''
  ) );
#6688 = ORIENTED_EDGE('',*,*,#6689,.F.);
#6689 = EDGE_CURVE('',#4475,#6662,#6690,.T.);
#6690 = SURFACE_CURVE('',#6691,(#6695,#6702),.PCURVE_S1.);
#6691 = LINE('',#6692,#6693);
#6692 = CARTESIAN_POINT('',(242.5,2.5,0.));
#6693 = VECTOR('',#6694,1.);
#6694 = DIRECTION('',(0.,1.,0.));
#6695 = PCURVE('',#284,#6696);
#6696 = DEFINITIONAL_REPRESENTATION('',(#6697),#6701);
#6697 = LINE('',#6698,#6699);
#6698 = CARTESIAN_POINT('',(242.5,2.5));
#6699 = VECTOR('',#6700,1.);
#6700 = DIRECTION('',(0.,1.));
#6701 = ( GEOMETRIC_REPRESENTATION_CONTEXT(2) 
PARAMETRIC_REPRESENTATION_CONTEXT() REPRESENTATION_CONTEXT('2D SPACE',''
  ) );
#6702 = PCURVE('',#4490,#6703);
#6703 = DEFINITIONAL_REPRESENTATION('',(#6704),#6708);
#6704 = LINE('',#6705,#6706);
#6705 = CARTESIAN_POINT('',(0.,0.));
#6706 = VECTOR('',#6707,1.);
#6707 = DIRECTION('',(0.,-1.));
#6708 = ( GEOMETRIC_REPRESENTATION_CONTEXT(2) 
PARAMETRIC_REPRESENTATION_CONTEXT() REPRESENTATION_CONTEXT('2D SPACE',''
  ) );
#6709 = ORIENTED_EDGE('',*,*,#4502,.F.);
#6710 = ORIENTED_EDGE('',*,*,#6711,.T.);
#6711 = EDGE_CURVE('',#4503,#6712,#6714,.T.);
#6712 = VERTEX_POINT('',#6713);
#6713 = CARTESIAN_POINT('',(211.5,6.25,0.));
#6714 = SURFACE_CURVE('',#6715,(#6719,#6726),.PCURVE_S1.);
#6715 = LINE('',#6716,#6717);
#6716 = CARTESIAN_POINT('',(211.5,2.5,0.));
#6717 = VECTOR('',#6718,1.);
#6718 = DIRECTION('',(0.,1.,0.));
#6719 = PCURVE('',#284,#6720);
#6720 = DEFINITIONAL_REPRESENTATION('',(#6721),#6725);
#6721 = LINE('',#6722,#6723);
#6722 = CARTESIAN_POINT('',(211.5,2.5));
#6723 = VECTOR('',#6724,1.);
#6724 = DIRECTION('',(0.,1.));
#6725 = ( GEOMETRIC_REPRESENTATION_CONTEXT(2) 
PARAMETRIC_REPRESENTATION_CONTEXT() REPRESENTATION_CONTEXT('2D SPACE',''
  ) );
#6726 = PCURVE('',#4541,#6727);
#6727 = DEFINITIONAL_REPRESENTATION('',(#6728),#6732);
#6728 = LINE('',#6729,#6730);
#6729 = CARTESIAN_POINT('',(0.,0.));
#6730 = VECTOR('',#6731,1.);
#6731 = DIRECTION('',(0.,-1.));
#6732 = ( GEOMETRIC_REPRESENTATION_CONTEXT(2) 
PARAMETRIC_REPRESENTATION_CONTEXT() REPRESENTATION_CONTEXT('2D SPACE',''
  ) );
#6733 = ORIENTED_EDGE('',*,*,#6734,.F.);
#6734 = EDGE_CURVE('',#6735,#6712,#6737,.T.);
#6735 = VERTEX_POINT('',#6736);
#6736 = CARTESIAN_POINT('',(208.5,6.25,0.));
#6737 = SURFACE_CURVE('',#6738,(#6742,#6749),.PCURVE_S1.);
#6738 = LINE('',#6739,#6740);
#6739 = CARTESIAN_POINT('',(208.5,6.25,0.));
#6740 = VECTOR('',#6741,1.);
#6741 = DIRECTION('',(1.,0.,0.));
#6742 = PCURVE('',#284,#6743);
#6743 = DEFINITIONAL_REPRESENTATION('',(#6744),#6748);
#6744 = LINE('',#6745,#6746);
#6745 = CARTESIAN_POINT('',(208.5,6.25));
#6746 = VECTOR('',#6747,1.);
#6747 = DIRECTION('',(1.,0.));
#6748 = ( GEOMETRIC_REPRESENTATION_CONTEXT(2) 
PARAMETRIC_REPRESENTATION_CONTEXT() REPRESENTATION_CONTEXT('2D SPACE',''
  ) );
#6749 = PCURVE('',#6750,#6755);
#6750 = PLANE('',#6751);
#6751 = AXIS2_PLACEMENT_3D('',#6752,#6753,#6754);
#6752 = CARTESIAN_POINT('',(208.5,6.25,0.));
#6753 = DIRECTION('',(0.,1.,0.));
#6754 = DIRECTION('',(0.,0.,1.));
#6755 = DEFINITIONAL_REPRESENTATION('',(#6756),#6760);
#6756 = LINE('',#6757,#6758);
#6757 = CARTESIAN_POINT('',(0.,0.));
#6758 = VECTOR('',#6759,1.);
#6759 = DIRECTION('',(0.,1.));
#6760 = ( GEOMETRIC_REPRESENTATION_CONTEXT(2) 
PARAMETRIC_REPRESENTATION_CONTEXT() REPRESENTATION_CONTEXT('2D SPACE',''
  ) );
#6761 = ORIENTED_EDGE('',*,*,#6762,.F.);
#6762 = EDGE_CURVE('',#4582,#6735,#6763,.T.);
#6763 = SURFACE_CURVE('',#6764,(#6768,#6775),.PCURVE_S1.);
#6764 = LINE('',#6765,#6766);
#6765 = CARTESIAN_POINT('',(208.5,2.5,0.));
#6766 = VECTOR('',#6767,1.);
#6767 = DIRECTION('',(0.,1.,0.));
#6768 = PCURVE('',#284,#6769);
#6769 = DEFINITIONAL_REPRESENTATION('',(#6770),#6774);
#6770 = LINE('',#6771,#6772);
#6771 = CARTESIAN_POINT('',(208.5,2.5));
#6772 = VECTOR('',#6773,1.);
#6773 = DIRECTION('',(0.,1.));
#6774 = ( GEOMETRIC_REPRESENTATION_CONTEXT(2) 
PARAMETRIC_REPRESENTATION_CONTEXT() REPRESENTATION_CONTEXT('2D SPACE',''
  ) );
#6775 = PCURVE('',#4597,#6776);
#6776 = DEFINITIONAL_REPRESENTATION('',(#6777),#6781);
#6777 = LINE('',#6778,#6779);
#6778 = CARTESIAN_POINT('',(0.,0.));
#6779 = VECTOR('',#6780,1.);
#6780 = DIRECTION('',(0.,-1.));
#6781 = ( GEOMETRIC_REPRESENTATION_CONTEXT(2) 
PARAMETRIC_REPRESENTATION_CONTEXT() REPRESENTATION_CONTEXT('2D SPACE',''
  ) );
#6782 = ORIENTED_EDGE('',*,*,#4609,.F.);
#6783 = ORIENTED_EDGE('',*,*,#6784,.T.);
#6784 = EDGE_CURVE('',#4610,#6785,#6787,.T.);
#6785 = VERTEX_POINT('',#6786);
#6786 = CARTESIAN_POINT('',(177.5,6.25,0.));
#6787 = SURFACE_CURVE('',#6788,(#6792,#6799),.PCURVE_S1.);
#6788 = LINE('',#6789,#6790);
#6789 = CARTESIAN_POINT('',(177.5,2.5,0.));
#6790 = VECTOR('',#6791,1.);
#6791 = DIRECTION('',(0.,1.,0.));
#6792 = PCURVE('',#284,#6793);
#6793 = DEFINITIONAL_REPRESENTATION('',(#6794),#6798);
#6794 = LINE('',#6795,#6796);
#6795 = CARTESIAN_POINT('',(177.5,2.5));
#6796 = VECTOR('',#6797,1.);
#6797 = DIRECTION('',(0.,1.));
#6798 = ( GEOMETRIC_REPRESENTATION_CONTEXT(2) 
PARAMETRIC_REPRESENTATION_CONTEXT() REPRESENTATION_CONTEXT('2D SPACE',''
  ) );
#6799 = PCURVE('',#4648,#6800);
#6800 = DEFINITIONAL_REPRESENTATION('',(#6801),#6805);
#6801 = LINE('',#6802,#6803);
#6802 = CARTESIAN_POINT('',(0.,0.));
#6803 = VECTOR('',#6804,1.);
#6804 = DIRECTION('',(0.,-1.));
#6805 = ( GEOMETRIC_REPRESENTATION_CONTEXT(2) 
PARAMETRIC_REPRESENTATION_CONTEXT() REPRESENTATION_CONTEXT('2D SPACE',''
  ) );
#6806 = ORIENTED_EDGE('',*,*,#6807,.F.);
#6807 = EDGE_CURVE('',#6808,#6785,#6810,.T.);
#6808 = VERTEX_POINT('',#6809);
#6809 = CARTESIAN_POINT('',(174.5,6.25,0.));
#6810 = SURFACE_CURVE('',#6811,(#6815,#6822),.PCURVE_S1.);
#6811 = LINE('',#6812,#6813);
#6812 = CARTESIAN_POINT('',(174.5,6.25,0.));
#6813 = VECTOR('',#6814,1.);
#6814 = DIRECTION('',(1.,0.,0.));
#6815 = PCURVE('',#284,#6816);
#6816 = DEFINITIONAL_REPRESENTATION('',(#6817),#6821);
#6817 = LINE('',#6818,#6819);
#6818 = CARTESIAN_POINT('',(174.5,6.25));
#6819 = VECTOR('',#6820,1.);
#6820 = DIRECTION('',(1.,0.));
#6821 = ( GEOMETRIC_REPRESENTATION_CONTEXT(2) 
PARAMETRIC_REPRESENTATION_CONTEXT() REPRESENTATION_CONTEXT('2D SPACE',''
  ) );
#6822 = PCURVE('',#6823,#6828);
#6823 = PLANE('',#6824);
#6824 = AXIS2_PLACEMENT_3D('',#6825,#6826,#6827);
#6825 = CARTESIAN_POINT('',(174.5,6.25,0.));
#6826 = DIRECTION('',(0.,1.,0.));
#6827 = DIRECTION('',(0.,0.,1.));
#6828 = DEFINITIONAL_REPRESENTATION('',(#6829),#6833);
#6829 = LINE('',#6830,#6831);
#6830 = CARTESIAN_POINT('',(0.,0.));
#6831 = VECTOR('',#6832,1.);
#6832 = DIRECTION('',(0.,1.));
#6833 = ( GEOMETRIC_REPRESENTATION_CONTEXT(2) 
PARAMETRIC_REPRESENTATION_CONTEXT() REPRESENTATION_CONTEXT('2D SPACE',''
  ) );
#6834 = ORIENTED_EDGE('',*,*,#6835,.F.);
#6835 = EDGE_CURVE('',#4689,#6808,#6836,.T.);
#6836 = SURFACE_CURVE('',#6837,(#6841,#6848),.PCURVE_S1.);
#6837 = LINE('',#6838,#6839);
#6838 = CARTESIAN_POINT('',(174.5,2.5,0.));
#6839 = VECTOR('',#6840,1.);
#6840 = DIRECTION('',(0.,1.,0.));
#6841 = PCURVE('',#284,#6842);
#6842 = DEFINITIONAL_REPRESENTATION('',(#6843),#6847);
#6843 = LINE('',#6844,#6845);
#6844 = CARTESIAN_POINT('',(174.5,2.5));
#6845 = VECTOR('',#6846,1.);
#6846 = DIRECTION('',(0.,1.));
#6847 = ( GEOMETRIC_REPRESENTATION_CONTEXT(2) 
PARAMETRIC_REPRESENTATION_CONTEXT() REPRESENTATION_CONTEXT('2D SPACE',''
  ) );
#6848 = PCURVE('',#4704,#6849);
#6849 = DEFINITIONAL_REPRESENTATION('',(#6850),#6854);
#6850 = LINE('',#6851,#6852);
#6851 = CARTESIAN_POINT('',(0.,0.));
#6852 = VECTOR('',#6853,1.);
#6853 = DIRECTION('',(0.,-1.));
#6854 = ( GEOMETRIC_REPRESENTATION_CONTEXT(2) 
PARAMETRIC_REPRESENTATION_CONTEXT() REPRESENTATION_CONTEXT('2D SPACE',''
  ) );
#6855 = ORIENTED_EDGE('',*,*,#4716,.F.);
#6856 = ORIENTED_EDGE('',*,*,#6857,.T.);
#6857 = EDGE_CURVE('',#4717,#6858,#6860,.T.);
#6858 = VERTEX_POINT('',#6859);
#6859 = CARTESIAN_POINT('',(143.5,6.25,0.));
#6860 = SURFACE_CURVE('',#6861,(#6865,#6872),.PCURVE_S1.);
#6861 = LINE('',#6862,#6863);
#6862 = CARTESIAN_POINT('',(143.5,2.5,0.));
#6863 = VECTOR('',#6864,1.);
#6864 = DIRECTION('',(0.,1.,0.));
#6865 = PCURVE('',#284,#6866);
#6866 = DEFINITIONAL_REPRESENTATION('',(#6867),#6871);
#6867 = LINE('',#6868,#6869);
#6868 = CARTESIAN_POINT('',(143.5,2.5));
#6869 = VECTOR('',#6870,1.);
#6870 = DIRECTION('',(0.,1.));
#6871 = ( GEOMETRIC_REPRESENTATION_CONTEXT(2) 
PARAMETRIC_REPRESENTATION_CONTEXT() REPRESENTATION_CONTEXT('2D SPACE',''
  ) );
#6872 = PCURVE('',#4755,#6873);
#6873 = DEFINITIONAL_REPRESENTATION('',(#6874),#6878);
#6874 = LINE('',#6875,#6876);
#6875 = CARTESIAN_POINT('',(0.,0.));
#6876 = VECTOR('',#6877,1.);
#6877 = DIRECTION('',(0.,-1.));
#6878 = ( GEOMETRIC_REPRESENTATION_CONTEXT(2) 
PARAMETRIC_REPRESENTATION_CONTEXT() REPRESENTATION_CONTEXT('2D SPACE',''
  ) );
#6879 = ORIENTED_EDGE('',*,*,#6880,.F.);
#6880 = EDGE_CURVE('',#6881,#6858,#6883,.T.);
#6881 = VERTEX_POINT('',#6882);
#6882 = CARTESIAN_POINT('',(140.5,6.25,0.));
#6883 = SURFACE_CURVE('',#6884,(#6888,#6895),.PCURVE_S1.);
#6884 = LINE('',#6885,#6886);
#6885 = CARTESIAN_POINT('',(140.5,6.25,0.));
#6886 = VECTOR('',#6887,1.);
#6887 = DIRECTION('',(1.,0.,0.));
#6888 = PCURVE('',#284,#6889);
#6889 = DEFINITIONAL_REPRESENTATION('',(#6890),#6894);
#6890 = LINE('',#6891,#6892);
#6891 = CARTESIAN_POINT('',(140.5,6.25));
#6892 = VECTOR('',#6893,1.);
#6893 = DIRECTION('',(1.,0.));
#6894 = ( GEOMETRIC_REPRESENTATION_CONTEXT(2) 
PARAMETRIC_REPRESENTATION_CONTEXT() REPRESENTATION_CONTEXT('2D SPACE',''
  ) );
#6895 = PCURVE('',#6896,#6901);
#6896 = PLANE('',#6897);
#6897 = AXIS2_PLACEMENT_3D('',#6898,#6899,#6900);
#6898 = CARTESIAN_POINT('',(140.5,6.25,0.));
#6899 = DIRECTION('',(0.,1.,0.));
#6900 = DIRECTION('',(0.,0.,1.));
#6901 = DEFINITIONAL_REPRESENTATION('',(#6902),#6906);
#6902 = LINE('',#6903,#6904);
#6903 = CARTESIAN_POINT('',(0.,0.));
#6904 = VECTOR('',#6905,1.);
#6905 = DIRECTION('',(0.,1.));
#6906 = ( GEOMETRIC_REPRESENTATION_CONTEXT(2) 
PARAMETRIC_REPRESENTATION_CONTEXT() REPRESENTATION_CONTEXT('2D SPACE',''
  ) );
#6907 = ORIENTED_EDGE('',*,*,#6908,.F.);
#6908 = EDGE_CURVE('',#4796,#6881,#6909,.T.);
#6909 = SURFACE_CURVE('',#6910,(#6914,#6921),.PCURVE_S1.);
#6910 = LINE('',#6911,#6912);
#6911 = CARTESIAN_POINT('',(140.5,2.5,0.));
#6912 = VECTOR('',#6913,1.);
#6913 = DIRECTION('',(0.,1.,0.));
#6914 = PCURVE('',#284,#6915);
#6915 = DEFINITIONAL_REPRESENTATION('',(#6916),#6920);
#6916 = LINE('',#6917,#6918);
#6917 = CARTESIAN_POINT('',(140.5,2.5));
#6918 = VECTOR('',#6919,1.);
#6919 = DIRECTION('',(0.,1.));
#6920 = ( GEOMETRIC_REPRESENTATION_CONTEXT(2) 
PARAMETRIC_REPRESENTATION_CONTEXT() REPRESENTATION_CONTEXT('2D SPACE',''
  ) );
#6921 = PCURVE('',#4811,#6922);
#6922 = DEFINITIONAL_REPRESENTATION('',(#6923),#6927);
#6923 = LINE('',#6924,#6925);
#6924 = CARTESIAN_POINT('',(0.,0.));
#6925 = VECTOR('',#6926,1.);
#6926 = DIRECTION('',(0.,-1.));
#6927 = ( GEOMETRIC_REPRESENTATION_CONTEXT(2) 
PARAMETRIC_REPRESENTATION_CONTEXT() REPRESENTATION_CONTEXT('2D SPACE',''
  ) );
#6928 = ORIENTED_EDGE('',*,*,#4823,.F.);
#6929 = ORIENTED_EDGE('',*,*,#6930,.T.);
#6930 = EDGE_CURVE('',#4824,#6931,#6933,.T.);
#6931 = VERTEX_POINT('',#6932);
#6932 = CARTESIAN_POINT('',(109.5,6.25,0.));
#6933 = SURFACE_CURVE('',#6934,(#6938,#6945),.PCURVE_S1.);
#6934 = LINE('',#6935,#6936);
#6935 = CARTESIAN_POINT('',(109.5,2.5,0.));
#6936 = VECTOR('',#6937,1.);
#6937 = DIRECTION('',(0.,1.,0.));
#6938 = PCURVE('',#284,#6939);
#6939 = DEFINITIONAL_REPRESENTATION('',(#6940),#6944);
#6940 = LINE('',#6941,#6942);
#6941 = CARTESIAN_POINT('',(109.5,2.5));
#6942 = VECTOR('',#6943,1.);
#6943 = DIRECTION('',(0.,1.));
#6944 = ( GEOMETRIC_REPRESENTATION_CONTEXT(2) 
PARAMETRIC_REPRESENTATION_CONTEXT() REPRESENTATION_CONTEXT('2D SPACE',''
  ) );
#6945 = PCURVE('',#4862,#6946);
#6946 = DEFINITIONAL_REPRESENTATION('',(#6947),#6951);
#6947 = LINE('',#6948,#6949);
#6948 = CARTESIAN_POINT('',(0.,0.));
#6949 = VECTOR('',#6950,1.);
#6950 = DIRECTION('',(0.,-1.));
#6951 = ( GEOMETRIC_REPRESENTATION_CONTEXT(2) 
PARAMETRIC_REPRESENTATION_CONTEXT() REPRESENTATION_CONTEXT('2D SPACE',''
  ) );
#6952 = ORIENTED_EDGE('',*,*,#6953,.F.);
#6953 = EDGE_CURVE('',#6954,#6931,#6956,.T.);
#6954 = VERTEX_POINT('',#6955);
#6955 = CARTESIAN_POINT('',(106.5,6.25,0.));
#6956 = SURFACE_CURVE('',#6957,(#6961,#6968),.PCURVE_S1.);
#6957 = LINE('',#6958,#6959);
#6958 = CARTESIAN_POINT('',(106.5,6.25,0.));
#6959 = VECTOR('',#6960,1.);
#6960 = DIRECTION('',(1.,0.,0.));
#6961 = PCURVE('',#284,#6962);
#6962 = DEFINITIONAL_REPRESENTATION('',(#6963),#6967);
#6963 = LINE('',#6964,#6965);
#6964 = CARTESIAN_POINT('',(106.5,6.25));
#6965 = VECTOR('',#6966,1.);
#6966 = DIRECTION('',(1.,0.));
#6967 = ( GEOMETRIC_REPRESENTATION_CONTEXT(2) 
PARAMETRIC_REPRESENTATION_CONTEXT() REPRESENTATION_CONTEXT('2D SPACE',''
  ) );
#6968 = PCURVE('',#6969,#6974);
#6969 = PLANE('',#6970);
#6970 = AXIS2_PLACEMENT_3D('',#6971,#6972,#6973);
#6971 = CARTESIAN_POINT('',(106.5,6.25,0.));
#6972 = DIRECTION('',(0.,1.,0.));
#6973 = DIRECTION('',(0.,0.,1.));
#6974 = DEFINITIONAL_REPRESENTATION('',(#6975),#6979);
#6975 = LINE('',#6976,#6977);
#6976 = CARTESIAN_POINT('',(0.,0.));
#6977 = VECTOR('',#6978,1.);
#6978 = DIRECTION('',(0.,1.));
#6979 = ( GEOMETRIC_REPRESENTATION_CONTEXT(2) 
PARAMETRIC_REPRESENTATION_CONTEXT() REPRESENTATION_CONTEXT('2D SPACE',''
  ) );
#6980 = ORIENTED_EDGE('',*,*,#6981,.F.);
#6981 = EDGE_CURVE('',#4903,#6954,#6982,.T.);
#6982 = SURFACE_CURVE('',#6983,(#6987,#6994),.PCURVE_S1.);
#6983 = LINE('',#6984,#6985);
#6984 = CARTESIAN_POINT('',(106.5,2.5,0.));
#6985 = VECTOR('',#6986,1.);
#6986 = DIRECTION('',(0.,1.,0.));
#6987 = PCURVE('',#284,#6988);
#6988 = DEFINITIONAL_REPRESENTATION('',(#6989),#6993);
#6989 = LINE('',#6990,#6991);
#6990 = CARTESIAN_POINT('',(106.5,2.5));
#6991 = VECTOR('',#6992,1.);
#6992 = DIRECTION('',(0.,1.));
#6993 = ( GEOMETRIC_REPRESENTATION_CONTEXT(2) 
PARAMETRIC_REPRESENTATION_CONTEXT() REPRESENTATION_CONTEXT('2D SPACE',''
  ) );
#6994 = PCURVE('',#4918,#6995);
#6995 = DEFINITIONAL_REPRESENTATION('',(#6996),#7000);
#6996 = LINE('',#6997,#6998);
#6997 = CARTESIAN_POINT('',(0.,0.));
#6998 = VECTOR('',#6999,1.);
#6999 = DIRECTION('',(0.,-1.));
#7000 = ( GEOMETRIC_REPRESENTATION_CONTEXT(2) 
PARAMETRIC_REPRESENTATION_CONTEXT() REPRESENTATION_CONTEXT('2D SPACE',''
  ) );
#7001 = ORIENTED_EDGE('',*,*,#4930,.F.);
#7002 = ORIENTED_EDGE('',*,*,#7003,.T.);
#7003 = EDGE_CURVE('',#4931,#7004,#7006,.T.);
#7004 = VERTEX_POINT('',#7005);
#7005 = CARTESIAN_POINT('',(75.5,6.25,0.));
#7006 = SURFACE_CURVE('',#7007,(#7011,#7018),.PCURVE_S1.);
#7007 = LINE('',#7008,#7009);
#7008 = CARTESIAN_POINT('',(75.5,2.5,0.));
#7009 = VECTOR('',#7010,1.);
#7010 = DIRECTION('',(0.,1.,0.));
#7011 = PCURVE('',#284,#7012);
#7012 = DEFINITIONAL_REPRESENTATION('',(#7013),#7017);
#7013 = LINE('',#7014,#7015);
#7014 = CARTESIAN_POINT('',(75.5,2.5));
#7015 = VECTOR('',#7016,1.);
#7016 = DIRECTION('',(0.,1.));
#7017 = ( GEOMETRIC_REPRESENTATION_CONTEXT(2) 
PARAMETRIC_REPRESENTATION_CONTEXT() REPRESENTATION_CONTEXT('2D SPACE',''
  ) );
#7018 = PCURVE('',#4969,#7019);
#7019 = DEFINITIONAL_REPRESENTATION('',(#7020),#7024);
#7020 = LINE('',#7021,#7022);
#7021 = CARTESIAN_POINT('',(0.,0.));
#7022 = VECTOR('',#7023,1.);
#7023 = DIRECTION('',(0.,-1.));
#7024 = ( GEOMETRIC_REPRESENTATION_CONTEXT(2) 
PARAMETRIC_REPRESENTATION_CONTEXT() REPRESENTATION_CONTEXT('2D SPACE',''
  ) );
#7025 = ORIENTED_EDGE('',*,*,#7026,.F.);
#7026 = EDGE_CURVE('',#7027,#7004,#7029,.T.);
#7027 = VERTEX_POINT('',#7028);
#7028 = CARTESIAN_POINT('',(72.5,6.25,0.));
#7029 = SURFACE_CURVE('',#7030,(#7034,#7041),.PCURVE_S1.);
#7030 = LINE('',#7031,#7032);
#7031 = CARTESIAN_POINT('',(72.5,6.25,0.));
#7032 = VECTOR('',#7033,1.);
#7033 = DIRECTION('',(1.,0.,0.));
#7034 = PCURVE('',#284,#7035);
#7035 = DEFINITIONAL_REPRESENTATION('',(#7036),#7040);
#7036 = LINE('',#7037,#7038);
#7037 = CARTESIAN_POINT('',(72.5,6.25));
#7038 = VECTOR('',#7039,1.);
#7039 = DIRECTION('',(1.,0.));
#7040 = ( GEOMETRIC_REPRESENTATION_CONTEXT(2) 
PARAMETRIC_REPRESENTATION_CONTEXT() REPRESENTATION_CONTEXT('2D SPACE',''
  ) );
#7041 = PCURVE('',#7042,#7047);
#7042 = PLANE('',#7043);
#7043 = AXIS2_PLACEMENT_3D('',#7044,#7045,#7046);
#7044 = CARTESIAN_POINT('',(72.5,6.25,0.));
#7045 = DIRECTION('',(0.,1.,0.));
#7046 = DIRECTION('',(0.,0.,1.));
#7047 = DEFINITIONAL_REPRESENTATION('',(#7048),#7052);
#7048 = LINE('',#7049,#7050);
#7049 = CARTESIAN_POINT('',(0.,0.));
#7050 = VECTOR('',#7051,1.);
#7051 = DIRECTION('',(0.,1.));
#7052 = ( GEOMETRIC_REPRESENTATION_CONTEXT(2) 
PARAMETRIC_REPRESENTATION_CONTEXT() REPRESENTATION_CONTEXT('2D SPACE',''
  ) );
#7053 = ORIENTED_EDGE('',*,*,#7054,.F.);
#7054 = EDGE_CURVE('',#5010,#7027,#7055,.T.);
#7055 = SURFACE_CURVE('',#7056,(#7060,#7067),.PCURVE_S1.);
#7056 = LINE('',#7057,#7058);
#7057 = CARTESIAN_POINT('',(72.5,2.5,0.));
#7058 = VECTOR('',#7059,1.);
#7059 = DIRECTION('',(0.,1.,0.));
#7060 = PCURVE('',#284,#7061);
#7061 = DEFINITIONAL_REPRESENTATION('',(#7062),#7066);
#7062 = LINE('',#7063,#7064);
#7063 = CARTESIAN_POINT('',(72.5,2.5));
#7064 = VECTOR('',#7065,1.);
#7065 = DIRECTION('',(0.,1.));
#7066 = ( GEOMETRIC_REPRESENTATION_CONTEXT(2) 
PARAMETRIC_REPRESENTATION_CONTEXT() REPRESENTATION_CONTEXT('2D SPACE',''
  ) );
#7067 = PCURVE('',#5025,#7068);
#7068 = DEFINITIONAL_REPRESENTATION('',(#7069),#7073);
#7069 = LINE('',#7070,#7071);
#7070 = CARTESIAN_POINT('',(0.,0.));
#7071 = VECTOR('',#7072,1.);
#7072 = DIRECTION('',(0.,-1.));
#7073 = ( GEOMETRIC_REPRESENTATION_CONTEXT(2) 
PARAMETRIC_REPRESENTATION_CONTEXT() REPRESENTATION_CONTEXT('2D SPACE',''
  ) );
#7074 = ORIENTED_EDGE('',*,*,#5037,.F.);
#7075 = ORIENTED_EDGE('',*,*,#7076,.T.);
#7076 = EDGE_CURVE('',#5038,#7077,#7079,.T.);
#7077 = VERTEX_POINT('',#7078);
#7078 = CARTESIAN_POINT('',(41.5,6.25,0.));
#7079 = SURFACE_CURVE('',#7080,(#7084,#7091),.PCURVE_S1.);
#7080 = LINE('',#7081,#7082);
#7081 = CARTESIAN_POINT('',(41.5,2.5,0.));
#7082 = VECTOR('',#7083,1.);
#7083 = DIRECTION('',(0.,1.,0.));
#7084 = PCURVE('',#284,#7085);
#7085 = DEFINITIONAL_REPRESENTATION('',(#7086),#7090);
#7086 = LINE('',#7087,#7088);
#7087 = CARTESIAN_POINT('',(41.5,2.5));
#7088 = VECTOR('',#7089,1.);
#7089 = DIRECTION('',(0.,1.));
#7090 = ( GEOMETRIC_REPRESENTATION_CONTEXT(2) 
PARAMETRIC_REPRESENTATION_CONTEXT() REPRESENTATION_CONTEXT('2D SPACE',''
  ) );
#7091 = PCURVE('',#5076,#7092);
#7092 = DEFINITIONAL_REPRESENTATION('',(#7093),#7097);
#7093 = LINE('',#7094,#7095);
#7094 = CARTESIAN_POINT('',(0.,0.));
#7095 = VECTOR('',#7096,1.);
#7096 = DIRECTION('',(0.,-1.));
#7097 = ( GEOMETRIC_REPRESENTATION_CONTEXT(2) 
PARAMETRIC_REPRESENTATION_CONTEXT() REPRESENTATION_CONTEXT('2D SPACE',''
  ) );
#7098 = ORIENTED_EDGE('',*,*,#7099,.F.);
#7099 = EDGE_CURVE('',#7100,#7077,#7102,.T.);
#7100 = VERTEX_POINT('',#7101);
#7101 = CARTESIAN_POINT('',(38.5,6.25,0.));
#7102 = SURFACE_CURVE('',#7103,(#7107,#7114),.PCURVE_S1.);
#7103 = LINE('',#7104,#7105);
#7104 = CARTESIAN_POINT('',(38.5,6.25,0.));
#7105 = VECTOR('',#7106,1.);
#7106 = DIRECTION('',(1.,0.,0.));
#7107 = PCURVE('',#284,#7108);
#7108 = DEFINITIONAL_REPRESENTATION('',(#7109),#7113);
#7109 = LINE('',#7110,#7111);
#7110 = CARTESIAN_POINT('',(38.5,6.25));
#7111 = VECTOR('',#7112,1.);
#7112 = DIRECTION('',(1.,0.));
#7113 = ( GEOMETRIC_REPRESENTATION_CONTEXT(2) 
PARAMETRIC_REPRESENTATION_CONTEXT() REPRESENTATION_CONTEXT('2D SPACE',''
  ) );
#7114 = PCURVE('',#7115,#7120);
#7115 = PLANE('',#7116);
#7116 = AXIS2_PLACEMENT_3D('',#7117,#7118,#7119);
#7117 = CARTESIAN_POINT('',(38.5,6.25,0.));
#7118 = DIRECTION('',(0.,1.,0.));
#7119 = DIRECTION('',(0.,0.,1.));
#7120 = DEFINITIONAL_REPRESENTATION('',(#7121),#7125);
#7121 = LINE('',#7122,#7123);
#7122 = CARTESIAN_POINT('',(0.,0.));
#7123 = VECTOR('',#7124,1.);
#7124 = DIRECTION('',(0.,1.));
#7125 = ( GEOMETRIC_REPRESENTATION_CONTEXT(2) 
PARAMETRIC_REPRESENTATION_CONTEXT() REPRESENTATION_CONTEXT('2D SPACE',''
  ) );
#7126 = ORIENTED_EDGE('',*,*,#7127,.F.);
#7127 = EDGE_CURVE('',#5117,#7100,#7128,.T.);
#7128 = SURFACE_CURVE('',#7129,(#7133,#7140),.PCURVE_S1.);
#7129 = LINE('',#7130,#7131);
#7130 = CARTESIAN_POINT('',(38.5,2.5,0.));
#7131 = VECTOR('',#7132,1.);
#7132 = DIRECTION('',(0.,1.,0.));
#7133 = PCURVE('',#284,#7134);
#7134 = DEFINITIONAL_REPRESENTATION('',(#7135),#7139);
#7135 = LINE('',#7136,#7137);
#7136 = CARTESIAN_POINT('',(38.5,2.5));
#7137 = VECTOR('',#7138,1.);
#7138 = DIRECTION('',(0.,1.));
#7139 = ( GEOMETRIC_REPRESENTATION_CONTEXT(2) 
PARAMETRIC_REPRESENTATION_CONTEXT() REPRESENTATION_CONTEXT('2D SPACE',''
  ) );
#7140 = PCURVE('',#5132,#7141);
#7141 = DEFINITIONAL_REPRESENTATION('',(#7142),#7146);
#7142 = LINE('',#7143,#7144);
#7143 = CARTESIAN_POINT('',(0.,0.));
#7144 = VECTOR('',#7145,1.);
#7145 = DIRECTION('',(0.,-1.));
#7146 = ( GEOMETRIC_REPRESENTATION_CONTEXT(2) 
PARAMETRIC_REPRESENTATION_CONTEXT() REPRESENTATION_CONTEXT('2D SPACE',''
  ) );
#7147 = ORIENTED_EDGE('',*,*,#5144,.F.);
#7148 = ORIENTED_EDGE('',*,*,#7149,.T.);
#7149 = EDGE_CURVE('',#5145,#6554,#7150,.T.);
#7150 = SURFACE_CURVE('',#7151,(#7155,#7162),.PCURVE_S1.);
#7151 = LINE('',#7152,#7153);
#7152 = CARTESIAN_POINT('',(7.5,2.5,0.));
#7153 = VECTOR('',#7154,1.);
#7154 = DIRECTION('',(0.,1.,0.));
#7155 = PCURVE('',#284,#7156);
#7156 = DEFINITIONAL_REPRESENTATION('',(#7157),#7161);
#7157 = LINE('',#7158,#7159);
#7158 = CARTESIAN_POINT('',(7.5,2.5));
#7159 = VECTOR('',#7160,1.);
#7160 = DIRECTION('',(0.,1.));
#7161 = ( GEOMETRIC_REPRESENTATION_CONTEXT(2) 
PARAMETRIC_REPRESENTATION_CONTEXT() REPRESENTATION_CONTEXT('2D SPACE',''
  ) );
#7162 = PCURVE('',#5183,#7163);
#7163 = DEFINITIONAL_REPRESENTATION('',(#7164),#7168);
#7164 = LINE('',#7165,#7166);
#7165 = CARTESIAN_POINT('',(0.,0.));
#7166 = VECTOR('',#7167,1.);
#7167 = DIRECTION('',(0.,-1.));
#7168 = ( GEOMETRIC_REPRESENTATION_CONTEXT(2) 
PARAMETRIC_REPRESENTATION_CONTEXT() REPRESENTATION_CONTEXT('2D SPACE',''
  ) );
#7169 = ORIENTED_EDGE('',*,*,#6576,.F.);
#7170 = ORIENTED_EDGE('',*,*,#268,.T.);
#7171 = ADVANCED_FACE('',(#7172),#233,.F.);
#7172 = FACE_BOUND('',#7173,.T.);
#7173 = EDGE_LOOP('',(#7174,#7196,#7197,#7198));
#7174 = ORIENTED_EDGE('',*,*,#7175,.T.);
#7175 = EDGE_CURVE('',#1827,#1848,#7176,.T.);
#7176 = SURFACE_CURVE('',#7177,(#7182,#7189),.PCURVE_S1.);
#7177 = CIRCLE('',#7178,0.7);
#7178 = AXIS2_PLACEMENT_3D('',#7179,#7180,#7181);
#7179 = CARTESIAN_POINT('',(6.5,-0.3,80.));
#7180 = DIRECTION('',(1.,-0.,0.));
#7181 = DIRECTION('',(0.,0.428571428571,-0.903507902905));
#7182 = PCURVE('',#233,#7183);
#7183 = DEFINITIONAL_REPRESENTATION('',(#7184),#7188);
#7184 = LINE('',#7185,#7186);
#7185 = CARTESIAN_POINT('',(-5.155300024458,-7.5));
#7186 = VECTOR('',#7187,1.);
#7187 = DIRECTION('',(-1.,-0.));
#7188 = ( GEOMETRIC_REPRESENTATION_CONTEXT(2) 
PARAMETRIC_REPRESENTATION_CONTEXT() REPRESENTATION_CONTEXT('2D SPACE',''
  ) );
#7189 = PCURVE('',#1862,#7190);
#7190 = DEFINITIONAL_REPRESENTATION('',(#7191),#7195);
#7191 = CIRCLE('',#7192,0.7);
#7192 = AXIS2_PLACEMENT_2D('',#7193,#7194);
#7193 = CARTESIAN_POINT('',(2.5,-2.2));
#7194 = DIRECTION('',(-0.903507902905,-0.428571428571));
#7195 = ( GEOMETRIC_REPRESENTATION_CONTEXT(2) 
PARAMETRIC_REPRESENTATION_CONTEXT() REPRESENTATION_CONTEXT('2D SPACE',''
  ) );
#7196 = ORIENTED_EDGE('',*,*,#1873,.T.);
#7197 = ORIENTED_EDGE('',*,*,#216,.F.);
#7198 = ORIENTED_EDGE('',*,*,#1826,.F.);
#7199 = ADVANCED_FACE('',(#7200),#472,.T.);
#7200 = FACE_BOUND('',#7201,.T.);
#7201 = EDGE_LOOP('',(#7202,#7203,#7204,#7205,#7231,#7232,#7258,#7259,
    #7285,#7286,#7287,#7310,#7329,#7330,#7351));
#7202 = ORIENTED_EDGE('',*,*,#456,.F.);
#7203 = ORIENTED_EDGE('',*,*,#1281,.F.);
#7204 = ORIENTED_EDGE('',*,*,#1493,.F.);
#7205 = ORIENTED_EDGE('',*,*,#7206,.T.);
#7206 = EDGE_CURVE('',#1494,#1569,#7207,.T.);
#7207 = SURFACE_CURVE('',#7208,(#7213,#7224),.PCURVE_S1.);
#7208 = CIRCLE('',#7209,0.7);
#7209 = AXIS2_PLACEMENT_3D('',#7210,#7211,#7212);
#7210 = CARTESIAN_POINT('',(250.,-0.3,185.));
#7211 = DIRECTION('',(-1.,0.,0.));
#7212 = DIRECTION('',(0.,0.428571428571,0.903507902905));
#7213 = PCURVE('',#472,#7214);
#7214 = DEFINITIONAL_REPRESENTATION('',(#7215),#7223);
#7215 = ( BOUNDED_CURVE() B_SPLINE_CURVE(2,(#7216,#7217,#7218,#7219,
#7220,#7221,#7222),.UNSPECIFIED.,.T.,.F.) B_SPLINE_CURVE_WITH_KNOTS((1,2
    ,2,2,2,1),(-2.094395102393,0.,2.094395102393,4.188790204786,
6.28318530718,8.377580409573),.UNSPECIFIED.) CURVE() 
GEOMETRIC_REPRESENTATION_ITEM() RATIONAL_B_SPLINE_CURVE((1.,0.5,1.,0.5,
1.,0.5,1.)) REPRESENTATION_ITEM('') );
#7216 = CARTESIAN_POINT('',(185.63245553203,-4.274358644807E-15));
#7217 = CARTESIAN_POINT('',(185.11284028976,-1.09544511501));
#7218 = CARTESIAN_POINT('',(184.42396461284,-9.772255750516E-02));
#7219 = CARTESIAN_POINT('',(183.73508893593,0.9));
#7220 = CARTESIAN_POINT('',(184.94357985511,0.997722557505));
#7221 = CARTESIAN_POINT('',(186.1520707743,1.09544511501));
#7222 = CARTESIAN_POINT('',(185.63245553203,-4.274358644807E-15));
#7223 = ( GEOMETRIC_REPRESENTATION_CONTEXT(2) 
PARAMETRIC_REPRESENTATION_CONTEXT() REPRESENTATION_CONTEXT('2D SPACE',''
  ) );
#7224 = PCURVE('',#1531,#7225);
#7225 = DEFINITIONAL_REPRESENTATION('',(#7226),#7230);
#7226 = LINE('',#7227,#7228);
#7227 = CARTESIAN_POINT('',(-7.411070589901,-251.));
#7228 = VECTOR('',#7229,1.);
#7229 = DIRECTION('',(1.,-0.));
#7230 = ( GEOMETRIC_REPRESENTATION_CONTEXT(2) 
PARAMETRIC_REPRESENTATION_CONTEXT() REPRESENTATION_CONTEXT('2D SPACE',''
  ) );
#7231 = ORIENTED_EDGE('',*,*,#1589,.F.);
#7232 = ORIENTED_EDGE('',*,*,#7233,.T.);
#7233 = EDGE_CURVE('',#1590,#1665,#7234,.T.);
#7234 = SURFACE_CURVE('',#7235,(#7240,#7251),.PCURVE_S1.);
#7235 = CIRCLE('',#7236,0.7);
#7236 = AXIS2_PLACEMENT_3D('',#7237,#7238,#7239);
#7237 = CARTESIAN_POINT('',(250.,-0.3,130.));
#7238 = DIRECTION('',(-1.,0.,0.));
#7239 = DIRECTION('',(0.,0.428571428571,0.903507902905));
#7240 = PCURVE('',#472,#7241);
#7241 = DEFINITIONAL_REPRESENTATION('',(#7242),#7250);
#7242 = ( BOUNDED_CURVE() B_SPLINE_CURVE(2,(#7243,#7244,#7245,#7246,
#7247,#7248,#7249),.UNSPECIFIED.,.T.,.F.) B_SPLINE_CURVE_WITH_KNOTS((1,2
    ,2,2,2,1),(-2.094395102393,0.,2.094395102393,4.188790204786,
6.28318530718,8.377580409573),.UNSPECIFIED.) CURVE() 
GEOMETRIC_REPRESENTATION_ITEM() RATIONAL_B_SPLINE_CURVE((1.,0.5,1.,0.5,
1.,0.5,1.)) REPRESENTATION_ITEM('') );
#7243 = CARTESIAN_POINT('',(130.63245553203,-4.274358644807E-15));
#7244 = CARTESIAN_POINT('',(130.11284028976,-1.09544511501));
#7245 = CARTESIAN_POINT('',(129.42396461284,-9.772255750516E-02));
#7246 = CARTESIAN_POINT('',(128.73508893593,0.9));
#7247 = CARTESIAN_POINT('',(129.94357985511,0.997722557505));
#7248 = CARTESIAN_POINT('',(131.1520707743,1.09544511501));
#7249 = CARTESIAN_POINT('',(130.63245553203,-4.274358644807E-15));
#7250 = ( GEOMETRIC_REPRESENTATION_CONTEXT(2) 
PARAMETRIC_REPRESENTATION_CONTEXT() REPRESENTATION_CONTEXT('2D SPACE',''
  ) );
#7251 = PCURVE('',#1627,#7252);
#7252 = DEFINITIONAL_REPRESENTATION('',(#7253),#7257);
#7253 = LINE('',#7254,#7255);
#7254 = CARTESIAN_POINT('',(-7.411070589901,-251.));
#7255 = VECTOR('',#7256,1.);
#7256 = DIRECTION('',(1.,-0.));
#7257 = ( GEOMETRIC_REPRESENTATION_CONTEXT(2) 
PARAMETRIC_REPRESENTATION_CONTEXT() REPRESENTATION_CONTEXT('2D SPACE',''
  ) );
#7258 = ORIENTED_EDGE('',*,*,#1685,.F.);
#7259 = ORIENTED_EDGE('',*,*,#7260,.T.);
#7260 = EDGE_CURVE('',#1686,#1761,#7261,.T.);
#7261 = SURFACE_CURVE('',#7262,(#7267,#7278),.PCURVE_S1.);
#7262 = CIRCLE('',#7263,0.7);
#7263 = AXIS2_PLACEMENT_3D('',#7264,#7265,#7266);
#7264 = CARTESIAN_POINT('',(250.,-0.3,80.));
#7265 = DIRECTION('',(-1.,0.,0.));
#7266 = DIRECTION('',(0.,0.428571428571,0.903507902905));
#7267 = PCURVE('',#472,#7268);
#7268 = DEFINITIONAL_REPRESENTATION('',(#7269),#7277);
#7269 = ( BOUNDED_CURVE() B_SPLINE_CURVE(2,(#7270,#7271,#7272,#7273,
#7274,#7275,#7276),.UNSPECIFIED.,.T.,.F.) B_SPLINE_CURVE_WITH_KNOTS((1,2
    ,2,2,2,1),(-2.094395102393,0.,2.094395102393,4.188790204786,
6.28318530718,8.377580409573),.UNSPECIFIED.) CURVE() 
GEOMETRIC_REPRESENTATION_ITEM() RATIONAL_B_SPLINE_CURVE((1.,0.5,1.,0.5,
1.,0.5,1.)) REPRESENTATION_ITEM('') );
#7270 = CARTESIAN_POINT('',(80.632455532034,-4.274358644807E-15));
#7271 = CARTESIAN_POINT('',(80.112840289763,-1.09544511501));
#7272 = CARTESIAN_POINT('',(79.423964612848,-9.772255750516E-02));
#7273 = CARTESIAN_POINT('',(78.735088935933,0.9));
#7274 = CARTESIAN_POINT('',(79.943579855119,0.997722557505));
#7275 = CARTESIAN_POINT('',(81.152070774304,1.09544511501));
#7276 = CARTESIAN_POINT('',(80.632455532034,-4.274358644807E-15));
#7277 = ( GEOMETRIC_REPRESENTATION_CONTEXT(2) 
PARAMETRIC_REPRESENTATION_CONTEXT() REPRESENTATION_CONTEXT('2D SPACE',''
  ) );
#7278 = PCURVE('',#1723,#7279);
#7279 = DEFINITIONAL_REPRESENTATION('',(#7280),#7284);
#7280 = LINE('',#7281,#7282);
#7281 = CARTESIAN_POINT('',(-7.411070589901,-251.));
#7282 = VECTOR('',#7283,1.);
#7283 = DIRECTION('',(1.,-0.));
#7284 = ( GEOMETRIC_REPRESENTATION_CONTEXT(2) 
PARAMETRIC_REPRESENTATION_CONTEXT() REPRESENTATION_CONTEXT('2D SPACE',''
  ) );
#7285 = ORIENTED_EDGE('',*,*,#1781,.F.);
#7286 = ORIENTED_EDGE('',*,*,#6638,.F.);
#7287 = ORIENTED_EDGE('',*,*,#7288,.T.);
#7288 = EDGE_CURVE('',#6639,#7289,#7291,.T.);
#7289 = VERTEX_POINT('',#7290);
#7290 = CARTESIAN_POINT('',(250.,6.25,12.));
#7291 = SURFACE_CURVE('',#7292,(#7296,#7303),.PCURVE_S1.);
#7292 = LINE('',#7293,#7294);
#7293 = CARTESIAN_POINT('',(250.,6.25,0.));
#7294 = VECTOR('',#7295,1.);
#7295 = DIRECTION('',(0.,0.,1.));
#7296 = PCURVE('',#472,#7297);
#7297 = DEFINITIONAL_REPRESENTATION('',(#7298),#7302);
#7298 = LINE('',#7299,#7300);
#7299 = CARTESIAN_POINT('',(0.,-6.25));
#7300 = VECTOR('',#7301,1.);
#7301 = DIRECTION('',(1.,0.));
#7302 = ( GEOMETRIC_REPRESENTATION_CONTEXT(2) 
PARAMETRIC_REPRESENTATION_CONTEXT() REPRESENTATION_CONTEXT('2D SPACE',''
  ) );
#7303 = PCURVE('',#6677,#7304);
#7304 = DEFINITIONAL_REPRESENTATION('',(#7305),#7309);
#7305 = LINE('',#7306,#7307);
#7306 = CARTESIAN_POINT('',(0.,7.5));
#7307 = VECTOR('',#7308,1.);
#7308 = DIRECTION('',(1.,0.));
#7309 = ( GEOMETRIC_REPRESENTATION_CONTEXT(2) 
PARAMETRIC_REPRESENTATION_CONTEXT() REPRESENTATION_CONTEXT('2D SPACE',''
  ) );
#7310 = ORIENTED_EDGE('',*,*,#7311,.T.);
#7311 = EDGE_CURVE('',#7289,#4425,#7312,.T.);
#7312 = SURFACE_CURVE('',#7313,(#7317,#7323),.PCURVE_S1.);
#7313 = LINE('',#7314,#7315);
#7314 = CARTESIAN_POINT('',(250.,1.25,12.));
#7315 = VECTOR('',#7316,1.);
#7316 = DIRECTION('',(0.,-1.,0.));
#7317 = PCURVE('',#472,#7318);
#7318 = DEFINITIONAL_REPRESENTATION('',(#7319),#7322);
#7319 = B_SPLINE_CURVE_WITH_KNOTS('',1,(#7320,#7321),.UNSPECIFIED.,.F.,
  .F.,(2,2),(-5.,-1.25),.PIECEWISE_BEZIER_KNOTS.);
#7320 = CARTESIAN_POINT('',(12.,-6.25));
#7321 = CARTESIAN_POINT('',(12.,-2.5));
#7322 = ( GEOMETRIC_REPRESENTATION_CONTEXT(2) 
PARAMETRIC_REPRESENTATION_CONTEXT() REPRESENTATION_CONTEXT('2D SPACE',''
  ) );
#7323 = PCURVE('',#4462,#7324);
#7324 = DEFINITIONAL_REPRESENTATION('',(#7325),#7328);
#7325 = B_SPLINE_CURVE_WITH_KNOTS('',1,(#7326,#7327),.UNSPECIFIED.,.F.,
  .F.,(2,2),(-5.,-1.25),.PIECEWISE_BEZIER_KNOTS.);
#7326 = CARTESIAN_POINT('',(251.,3.75));
#7327 = CARTESIAN_POINT('',(251.,0.));
#7328 = ( GEOMETRIC_REPRESENTATION_CONTEXT(2) 
PARAMETRIC_REPRESENTATION_CONTEXT() REPRESENTATION_CONTEXT('2D SPACE',''
  ) );
#7329 = ORIENTED_EDGE('',*,*,#4424,.T.);
#7330 = ORIENTED_EDGE('',*,*,#7331,.F.);
#7331 = EDGE_CURVE('',#7332,#4397,#7334,.T.);
#7332 = VERTEX_POINT('',#7333);
#7333 = CARTESIAN_POINT('',(250.,6.25,20.));
#7334 = SURFACE_CURVE('',#7335,(#7339,#7345),.PCURVE_S1.);
#7335 = LINE('',#7336,#7337);
#7336 = CARTESIAN_POINT('',(250.,1.25,20.));
#7337 = VECTOR('',#7338,1.);
#7338 = DIRECTION('',(0.,-1.,0.));
#7339 = PCURVE('',#472,#7340);
#7340 = DEFINITIONAL_REPRESENTATION('',(#7341),#7344);
#7341 = B_SPLINE_CURVE_WITH_KNOTS('',1,(#7342,#7343),.UNSPECIFIED.,.F.,
  .F.,(2,2),(-5.,-1.25),.PIECEWISE_BEZIER_KNOTS.);
#7342 = CARTESIAN_POINT('',(20.,-6.25));
#7343 = CARTESIAN_POINT('',(20.,-2.5));
#7344 = ( GEOMETRIC_REPRESENTATION_CONTEXT(2) 
PARAMETRIC_REPRESENTATION_CONTEXT() REPRESENTATION_CONTEXT('2D SPACE',''
  ) );
#7345 = PCURVE('',#4412,#7346);
#7346 = DEFINITIONAL_REPRESENTATION('',(#7347),#7350);
#7347 = B_SPLINE_CURVE_WITH_KNOTS('',1,(#7348,#7349),.UNSPECIFIED.,.F.,
  .F.,(2,2),(-5.,-1.25),.PIECEWISE_BEZIER_KNOTS.);
#7348 = CARTESIAN_POINT('',(251.,3.75));
#7349 = CARTESIAN_POINT('',(251.,0.));
#7350 = ( GEOMETRIC_REPRESENTATION_CONTEXT(2) 
PARAMETRIC_REPRESENTATION_CONTEXT() REPRESENTATION_CONTEXT('2D SPACE',''
  ) );
#7351 = ORIENTED_EDGE('',*,*,#7352,.T.);
#7352 = EDGE_CURVE('',#7332,#457,#7353,.T.);
#7353 = SURFACE_CURVE('',#7354,(#7358,#7365),.PCURVE_S1.);
#7354 = LINE('',#7355,#7356);
#7355 = CARTESIAN_POINT('',(250.,6.25,0.));
#7356 = VECTOR('',#7357,1.);
#7357 = DIRECTION('',(0.,0.,1.));
#7358 = PCURVE('',#472,#7359);
#7359 = DEFINITIONAL_REPRESENTATION('',(#7360),#7364);
#7360 = LINE('',#7361,#7362);
#7361 = CARTESIAN_POINT('',(0.,-6.25));
#7362 = VECTOR('',#7363,1.);
#7363 = DIRECTION('',(1.,0.));
#7364 = ( GEOMETRIC_REPRESENTATION_CONTEXT(2) 
PARAMETRIC_REPRESENTATION_CONTEXT() REPRESENTATION_CONTEXT('2D SPACE',''
  ) );
#7365 = PCURVE('',#500,#7366);
#7366 = DEFINITIONAL_REPRESENTATION('',(#7367),#7371);
#7367 = LINE('',#7368,#7369);
#7368 = CARTESIAN_POINT('',(0.,7.5));
#7369 = VECTOR('',#7370,1.);
#7370 = DIRECTION('',(1.,0.));
#7371 = ( GEOMETRIC_REPRESENTATION_CONTEXT(2) 
PARAMETRIC_REPRESENTATION_CONTEXT() REPRESENTATION_CONTEXT('2D SPACE',''
  ) );
#7372 = ADVANCED_FACE('',(#7373),#1221,.T.);
#7373 = FACE_BOUND('',#7374,.T.);
#7374 = EDGE_LOOP('',(#7375,#7376,#7377,#7378));
#7375 = ORIENTED_EDGE('',*,*,#3577,.F.);
#7376 = ORIENTED_EDGE('',*,*,#3525,.F.);
#7377 = ORIENTED_EDGE('',*,*,#1306,.T.);
#7378 = ORIENTED_EDGE('',*,*,#1205,.F.);
#7379 = ADVANCED_FACE('',(#7380,#7426,#7461,#7496,#7531),#500,.T.);
#7380 = FACE_BOUND('',#7381,.T.);
#7381 = EDGE_LOOP('',(#7382,#7383,#7404,#7425));
#7382 = ORIENTED_EDGE('',*,*,#7352,.F.);
#7383 = ORIENTED_EDGE('',*,*,#7384,.F.);
#7384 = EDGE_CURVE('',#7385,#7332,#7387,.T.);
#7385 = VERTEX_POINT('',#7386);
#7386 = CARTESIAN_POINT('',(242.5,6.25,20.));
#7387 = SURFACE_CURVE('',#7388,(#7392,#7398),.PCURVE_S1.);
#7388 = LINE('',#7389,#7390);
#7389 = CARTESIAN_POINT('',(120.75,6.25,20.));
#7390 = VECTOR('',#7391,1.);
#7391 = DIRECTION('',(1.,0.,0.));
#7392 = PCURVE('',#500,#7393);
#7393 = DEFINITIONAL_REPRESENTATION('',(#7394),#7397);
#7394 = B_SPLINE_CURVE_WITH_KNOTS('',1,(#7395,#7396),.UNSPECIFIED.,.F.,
  .F.,(2,2),(121.75,129.25),.PIECEWISE_BEZIER_KNOTS.);
#7395 = CARTESIAN_POINT('',(20.,0.));
#7396 = CARTESIAN_POINT('',(20.,7.5));
#7397 = ( GEOMETRIC_REPRESENTATION_CONTEXT(2) 
PARAMETRIC_REPRESENTATION_CONTEXT() REPRESENTATION_CONTEXT('2D SPACE',''
  ) );
#7398 = PCURVE('',#4412,#7399);
#7399 = DEFINITIONAL_REPRESENTATION('',(#7400),#7403);
#7400 = B_SPLINE_CURVE_WITH_KNOTS('',1,(#7401,#7402),.UNSPECIFIED.,.F.,
  .F.,(2,2),(121.75,129.25),.PIECEWISE_BEZIER_KNOTS.);
#7401 = CARTESIAN_POINT('',(243.5,3.75));
#7402 = CARTESIAN_POINT('',(251.,3.75));
#7403 = ( GEOMETRIC_REPRESENTATION_CONTEXT(2) 
PARAMETRIC_REPRESENTATION_CONTEXT() REPRESENTATION_CONTEXT('2D SPACE',''
  ) );
#7404 = ORIENTED_EDGE('',*,*,#7405,.T.);
#7405 = EDGE_CURVE('',#7385,#485,#7406,.T.);
#7406 = SURFACE_CURVE('',#7407,(#7411,#7418),.PCURVE_S1.);
#7407 = LINE('',#7408,#7409);
#7408 = CARTESIAN_POINT('',(242.5,6.25,0.));
#7409 = VECTOR('',#7410,1.);
#7410 = DIRECTION('',(0.,0.,1.));
#7411 = PCURVE('',#500,#7412);
#7412 = DEFINITIONAL_REPRESENTATION('',(#7413),#7417);
#7413 = LINE('',#7414,#7415);
#7414 = CARTESIAN_POINT('',(0.,0.));
#7415 = VECTOR('',#7416,1.);
#7416 = DIRECTION('',(1.,0.));
#7417 = ( GEOMETRIC_REPRESENTATION_CONTEXT(2) 
PARAMETRIC_REPRESENTATION_CONTEXT() REPRESENTATION_CONTEXT('2D SPACE',''
  ) );
#7418 = PCURVE('',#528,#7419);
#7419 = DEFINITIONAL_REPRESENTATION('',(#7420),#7424);
#7420 = LINE('',#7421,#7422);
#7421 = CARTESIAN_POINT('',(0.,-3.75));
#7422 = VECTOR('',#7423,1.);
#7423 = DIRECTION('',(1.,0.));
#7424 = ( GEOMETRIC_REPRESENTATION_CONTEXT(2) 
PARAMETRIC_REPRESENTATION_CONTEXT() REPRESENTATION_CONTEXT('2D SPACE',''
  ) );
#7425 = ORIENTED_EDGE('',*,*,#484,.T.);
#7426 = FACE_BOUND('',#7427,.T.);
#7427 = EDGE_LOOP('',(#7428));
#7428 = ORIENTED_EDGE('',*,*,#7429,.T.);
#7429 = EDGE_CURVE('',#7430,#7430,#7432,.T.);
#7430 = VERTEX_POINT('',#7431);
#7431 = CARTESIAN_POINT('',(248.35,6.25,45.));
#7432 = SURFACE_CURVE('',#7433,(#7438,#7449),.PCURVE_S1.);
#7433 = CIRCLE('',#7434,2.1);
#7434 = AXIS2_PLACEMENT_3D('',#7435,#7436,#7437);
#7435 = CARTESIAN_POINT('',(246.25,6.25,45.));
#7436 = DIRECTION('',(0.,-1.,0.));
#7437 = DIRECTION('',(1.,0.,0.));
#7438 = PCURVE('',#500,#7439);
#7439 = DEFINITIONAL_REPRESENTATION('',(#7440),#7448);
#7440 = ( BOUNDED_CURVE() B_SPLINE_CURVE(2,(#7441,#7442,#7443,#7444,
#7445,#7446,#7447),.UNSPECIFIED.,.T.,.F.) B_SPLINE_CURVE_WITH_KNOTS((1,2
    ,2,2,2,1),(-2.094395102393,0.,2.094395102393,4.188790204786,
6.28318530718,8.377580409573),.UNSPECIFIED.) CURVE() 
GEOMETRIC_REPRESENTATION_ITEM() RATIONAL_B_SPLINE_CURVE((1.,0.5,1.,0.5,
1.,0.5,1.)) REPRESENTATION_ITEM('') );
#7441 = CARTESIAN_POINT('',(45.,5.85));
#7442 = CARTESIAN_POINT('',(48.637306695895,5.85));
#7443 = CARTESIAN_POINT('',(46.818653347947,2.7));
#7444 = CARTESIAN_POINT('',(45.,-0.45));
#7445 = CARTESIAN_POINT('',(43.181346652053,2.7));
#7446 = CARTESIAN_POINT('',(41.362693304105,5.85));
#7447 = CARTESIAN_POINT('',(45.,5.85));
#7448 = ( GEOMETRIC_REPRESENTATION_CONTEXT(2) 
PARAMETRIC_REPRESENTATION_CONTEXT() REPRESENTATION_CONTEXT('2D SPACE',''
  ) );
#7449 = PCURVE('',#7450,#7455);
#7450 = CYLINDRICAL_SURFACE('',#7451,2.1);
#7451 = AXIS2_PLACEMENT_3D('',#7452,#7453,#7454);
#7452 = CARTESIAN_POINT('',(246.25,2.25,45.));
#7453 = DIRECTION('',(0.,-1.,0.));
#7454 = DIRECTION('',(1.,0.,0.));
#7455 = DEFINITIONAL_REPRESENTATION('',(#7456),#7460);
#7456 = LINE('',#7457,#7458);
#7457 = CARTESIAN_POINT('',(0.,-4.));
#7458 = VECTOR('',#7459,1.);
#7459 = DIRECTION('',(1.,0.));
#7460 = ( GEOMETRIC_REPRESENTATION_CONTEXT(2) 
PARAMETRIC_REPRESENTATION_CONTEXT() REPRESENTATION_CONTEXT('2D SPACE',''
  ) );
#7461 = FACE_BOUND('',#7462,.T.);
#7462 = EDGE_LOOP('',(#7463));
#7463 = ORIENTED_EDGE('',*,*,#7464,.T.);
#7464 = EDGE_CURVE('',#7465,#7465,#7467,.T.);
#7465 = VERTEX_POINT('',#7466);
#7466 = CARTESIAN_POINT('',(248.35,6.25,105.));
#7467 = SURFACE_CURVE('',#7468,(#7473,#7484),.PCURVE_S1.);
#7468 = CIRCLE('',#7469,2.1);
#7469 = AXIS2_PLACEMENT_3D('',#7470,#7471,#7472);
#7470 = CARTESIAN_POINT('',(246.25,6.25,105.));
#7471 = DIRECTION('',(0.,-1.,0.));
#7472 = DIRECTION('',(1.,0.,0.));
#7473 = PCURVE('',#500,#7474);
#7474 = DEFINITIONAL_REPRESENTATION('',(#7475),#7483);
#7475 = ( BOUNDED_CURVE() B_SPLINE_CURVE(2,(#7476,#7477,#7478,#7479,
#7480,#7481,#7482),.UNSPECIFIED.,.T.,.F.) B_SPLINE_CURVE_WITH_KNOTS((1,2
    ,2,2,2,1),(-2.094395102393,0.,2.094395102393,4.188790204786,
6.28318530718,8.377580409573),.UNSPECIFIED.) CURVE() 
GEOMETRIC_REPRESENTATION_ITEM() RATIONAL_B_SPLINE_CURVE((1.,0.5,1.,0.5,
1.,0.5,1.)) REPRESENTATION_ITEM('') );
#7476 = CARTESIAN_POINT('',(105.,5.85));
#7477 = CARTESIAN_POINT('',(108.63730669589,5.85));
#7478 = CARTESIAN_POINT('',(106.81865334794,2.7));
#7479 = CARTESIAN_POINT('',(105.,-0.45));
#7480 = CARTESIAN_POINT('',(103.18134665205,2.7));
#7481 = CARTESIAN_POINT('',(101.3626933041,5.85));
#7482 = CARTESIAN_POINT('',(105.,5.85));
#7483 = ( GEOMETRIC_REPRESENTATION_CONTEXT(2) 
PARAMETRIC_REPRESENTATION_CONTEXT() REPRESENTATION_CONTEXT('2D SPACE',''
  ) );
#7484 = PCURVE('',#7485,#7490);
#7485 = CYLINDRICAL_SURFACE('',#7486,2.1);
#7486 = AXIS2_PLACEMENT_3D('',#7487,#7488,#7489);
#7487 = CARTESIAN_POINT('',(246.25,2.25,105.));
#7488 = DIRECTION('',(0.,-1.,0.));
#7489 = DIRECTION('',(1.,0.,0.));
#7490 = DEFINITIONAL_REPRESENTATION('',(#7491),#7495);
#7491 = LINE('',#7492,#7493);
#7492 = CARTESIAN_POINT('',(0.,-4.));
#7493 = VECTOR('',#7494,1.);
#7494 = DIRECTION('',(1.,0.));
#7495 = ( GEOMETRIC_REPRESENTATION_CONTEXT(2) 
PARAMETRIC_REPRESENTATION_CONTEXT() REPRESENTATION_CONTEXT('2D SPACE',''
  ) );
#7496 = FACE_BOUND('',#7497,.T.);
#7497 = EDGE_LOOP('',(#7498));
#7498 = ORIENTED_EDGE('',*,*,#7499,.T.);
#7499 = EDGE_CURVE('',#7500,#7500,#7502,.T.);
#7500 = VERTEX_POINT('',#7501);
#7501 = CARTESIAN_POINT('',(248.35,6.25,165.));
#7502 = SURFACE_CURVE('',#7503,(#7508,#7519),.PCURVE_S1.);
#7503 = CIRCLE('',#7504,2.1);
#7504 = AXIS2_PLACEMENT_3D('',#7505,#7506,#7507);
#7505 = CARTESIAN_POINT('',(246.25,6.25,165.));
#7506 = DIRECTION('',(0.,-1.,0.));
#7507 = DIRECTION('',(1.,0.,0.));
#7508 = PCURVE('',#500,#7509);
#7509 = DEFINITIONAL_REPRESENTATION('',(#7510),#7518);
#7510 = ( BOUNDED_CURVE() B_SPLINE_CURVE(2,(#7511,#7512,#7513,#7514,
#7515,#7516,#7517),.UNSPECIFIED.,.T.,.F.) B_SPLINE_CURVE_WITH_KNOTS((1,2
    ,2,2,2,1),(-2.094395102393,0.,2.094395102393,4.188790204786,
6.28318530718,8.377580409573),.UNSPECIFIED.) CURVE() 
GEOMETRIC_REPRESENTATION_ITEM() RATIONAL_B_SPLINE_CURVE((1.,0.5,1.,0.5,
1.,0.5,1.)) REPRESENTATION_ITEM('') );
#7511 = CARTESIAN_POINT('',(165.,5.85));
#7512 = CARTESIAN_POINT('',(168.63730669589,5.85));
#7513 = CARTESIAN_POINT('',(166.81865334794,2.7));
#7514 = CARTESIAN_POINT('',(165.,-0.45));
#7515 = CARTESIAN_POINT('',(163.18134665205,2.7));
#7516 = CARTESIAN_POINT('',(161.3626933041,5.85));
#7517 = CARTESIAN_POINT('',(165.,5.85));
#7518 = ( GEOMETRIC_REPRESENTATION_CONTEXT(2) 
PARAMETRIC_REPRESENTATION_CONTEXT() REPRESENTATION_CONTEXT('2D SPACE',''
  ) );
#7519 = PCURVE('',#7520,#7525);
#7520 = CYLINDRICAL_SURFACE('',#7521,2.1);
#7521 = AXIS2_PLACEMENT_3D('',#7522,#7523,#7524);
#7522 = CARTESIAN_POINT('',(246.25,2.25,165.));
#7523 = DIRECTION('',(0.,-1.,0.));
#7524 = DIRECTION('',(1.,0.,0.));
#7525 = DEFINITIONAL_REPRESENTATION('',(#7526),#7530);
#7526 = LINE('',#7527,#7528);
#7527 = CARTESIAN_POINT('',(0.,-4.));
#7528 = VECTOR('',#7529,1.);
#7529 = DIRECTION('',(1.,0.));
#7530 = ( GEOMETRIC_REPRESENTATION_CONTEXT(2) 
PARAMETRIC_REPRESENTATION_CONTEXT() REPRESENTATION_CONTEXT('2D SPACE',''
  ) );
#7531 = FACE_BOUND('',#7532,.T.);
#7532 = EDGE_LOOP('',(#7533));
#7533 = ORIENTED_EDGE('',*,*,#7534,.T.);
#7534 = EDGE_CURVE('',#7535,#7535,#7537,.T.);
#7535 = VERTEX_POINT('',#7536);
#7536 = CARTESIAN_POINT('',(248.35,6.25,198.));
#7537 = SURFACE_CURVE('',#7538,(#7543,#7554),.PCURVE_S1.);
#7538 = CIRCLE('',#7539,2.1);
#7539 = AXIS2_PLACEMENT_3D('',#7540,#7541,#7542);
#7540 = CARTESIAN_POINT('',(246.25,6.25,198.));
#7541 = DIRECTION('',(0.,-1.,0.));
#7542 = DIRECTION('',(1.,0.,0.));
#7543 = PCURVE('',#500,#7544);
#7544 = DEFINITIONAL_REPRESENTATION('',(#7545),#7553);
#7545 = ( BOUNDED_CURVE() B_SPLINE_CURVE(2,(#7546,#7547,#7548,#7549,
#7550,#7551,#7552),.UNSPECIFIED.,.T.,.F.) B_SPLINE_CURVE_WITH_KNOTS((1,2
    ,2,2,2,1),(-2.094395102393,0.,2.094395102393,4.188790204786,
6.28318530718,8.377580409573),.UNSPECIFIED.) CURVE() 
GEOMETRIC_REPRESENTATION_ITEM() RATIONAL_B_SPLINE_CURVE((1.,0.5,1.,0.5,
1.,0.5,1.)) REPRESENTATION_ITEM('') );
#7546 = CARTESIAN_POINT('',(198.,5.85));
#7547 = CARTESIAN_POINT('',(201.63730669589,5.85));
#7548 = CARTESIAN_POINT('',(199.81865334794,2.7));
#7549 = CARTESIAN_POINT('',(198.,-0.45));
#7550 = CARTESIAN_POINT('',(196.18134665205,2.7));
#7551 = CARTESIAN_POINT('',(194.3626933041,5.85));
#7552 = CARTESIAN_POINT('',(198.,5.85));
#7553 = ( GEOMETRIC_REPRESENTATION_CONTEXT(2) 
PARAMETRIC_REPRESENTATION_CONTEXT() REPRESENTATION_CONTEXT('2D SPACE',''
  ) );
#7554 = PCURVE('',#7555,#7560);
#7555 = CYLINDRICAL_SURFACE('',#7556,2.1);
#7556 = AXIS2_PLACEMENT_3D('',#7557,#7558,#7559);
#7557 = CARTESIAN_POINT('',(246.25,2.25,198.));
#7558 = DIRECTION('',(0.,-1.,0.));
#7559 = DIRECTION('',(1.,0.,0.));
#7560 = DEFINITIONAL_REPRESENTATION('',(#7561),#7565);
#7561 = LINE('',#7562,#7563);
#7562 = CARTESIAN_POINT('',(0.,-4.));
#7563 = VECTOR('',#7564,1.);
#7564 = DIRECTION('',(1.,0.));
#7565 = ( GEOMETRIC_REPRESENTATION_CONTEXT(2) 
PARAMETRIC_REPRESENTATION_CONTEXT() REPRESENTATION_CONTEXT('2D SPACE',''
  ) );
#7566 = ADVANCED_FACE('',(#7567),#528,.F.);
#7567 = FACE_BOUND('',#7568,.F.);
#7568 = EDGE_LOOP('',(#7569,#7570,#7589,#7590));
#7569 = ORIENTED_EDGE('',*,*,#4373,.F.);
#7570 = ORIENTED_EDGE('',*,*,#7571,.F.);
#7571 = EDGE_CURVE('',#7385,#4374,#7572,.T.);
#7572 = SURFACE_CURVE('',#7573,(#7577,#7583),.PCURVE_S1.);
#7573 = LINE('',#7574,#7575);
#7574 = CARTESIAN_POINT('',(242.5,2.5,20.));
#7575 = VECTOR('',#7576,1.);
#7576 = DIRECTION('',(0.,-1.,0.));
#7577 = PCURVE('',#528,#7578);
#7578 = DEFINITIONAL_REPRESENTATION('',(#7579),#7582);
#7579 = B_SPLINE_CURVE_WITH_KNOTS('',1,(#7580,#7581),.UNSPECIFIED.,.F.,
  .F.,(2,2),(-3.75,0.),.PIECEWISE_BEZIER_KNOTS.);
#7580 = CARTESIAN_POINT('',(20.,-3.75));
#7581 = CARTESIAN_POINT('',(20.,0.));
#7582 = ( GEOMETRIC_REPRESENTATION_CONTEXT(2) 
PARAMETRIC_REPRESENTATION_CONTEXT() REPRESENTATION_CONTEXT('2D SPACE',''
  ) );
#7583 = PCURVE('',#4412,#7584);
#7584 = DEFINITIONAL_REPRESENTATION('',(#7585),#7588);
#7585 = B_SPLINE_CURVE_WITH_KNOTS('',1,(#7586,#7587),.UNSPECIFIED.,.F.,
  .F.,(2,2),(-3.75,0.),.PIECEWISE_BEZIER_KNOTS.);
#7586 = CARTESIAN_POINT('',(243.5,3.75));
#7587 = CARTESIAN_POINT('',(243.5,0.));
#7588 = ( GEOMETRIC_REPRESENTATION_CONTEXT(2) 
PARAMETRIC_REPRESENTATION_CONTEXT() REPRESENTATION_CONTEXT('2D SPACE',''
  ) );
#7589 = ORIENTED_EDGE('',*,*,#7405,.T.);
#7590 = ORIENTED_EDGE('',*,*,#512,.F.);
#7591 = ADVANCED_FACE('',(#7592),#1170,.F.);
#7592 = FACE_BOUND('',#7593,.F.);
#7593 = EDGE_LOOP('',(#7594,#7595,#7618,#7639));
#7594 = ORIENTED_EDGE('',*,*,#3599,.F.);
#7595 = ORIENTED_EDGE('',*,*,#7596,.T.);
#7596 = EDGE_CURVE('',#3600,#7597,#7599,.T.);
#7597 = VERTEX_POINT('',#7598);
#7598 = CARTESIAN_POINT('',(38.5,6.25,204.6));
#7599 = SURFACE_CURVE('',#7600,(#7604,#7611),.PCURVE_S1.);
#7600 = LINE('',#7601,#7602);
#7601 = CARTESIAN_POINT('',(38.5,2.5,204.6));
#7602 = VECTOR('',#7603,1.);
#7603 = DIRECTION('',(0.,1.,0.));
#7604 = PCURVE('',#1170,#7605);
#7605 = DEFINITIONAL_REPRESENTATION('',(#7606),#7610);
#7606 = LINE('',#7607,#7608);
#7607 = CARTESIAN_POINT('',(0.,-0.989949493661));
#7608 = VECTOR('',#7609,1.);
#7609 = DIRECTION('',(1.,0.));
#7610 = ( GEOMETRIC_REPRESENTATION_CONTEXT(2) 
PARAMETRIC_REPRESENTATION_CONTEXT() REPRESENTATION_CONTEXT('2D SPACE',''
  ) );
#7611 = PCURVE('',#3638,#7612);
#7612 = DEFINITIONAL_REPRESENTATION('',(#7613),#7617);
#7613 = LINE('',#7614,#7615);
#7614 = CARTESIAN_POINT('',(204.6,0.));
#7615 = VECTOR('',#7616,1.);
#7616 = DIRECTION('',(0.,-1.));
#7617 = ( GEOMETRIC_REPRESENTATION_CONTEXT(2) 
PARAMETRIC_REPRESENTATION_CONTEXT() REPRESENTATION_CONTEXT('2D SPACE',''
  ) );
#7618 = ORIENTED_EDGE('',*,*,#7619,.T.);
#7619 = EDGE_CURVE('',#7597,#1127,#7620,.T.);
#7620 = SURFACE_CURVE('',#7621,(#7625,#7632),.PCURVE_S1.);
#7621 = LINE('',#7622,#7623);
#7622 = CARTESIAN_POINT('',(-12.3,6.25,153.8));
#7623 = VECTOR('',#7624,1.);
#7624 = DIRECTION('',(0.707106781187,-0.,0.707106781187));
#7625 = PCURVE('',#1170,#7626);
#7626 = DEFINITIONAL_REPRESENTATION('',(#7627),#7631);
#7627 = LINE('',#7628,#7629);
#7628 = CARTESIAN_POINT('',(3.75,-72.83199846221));
#7629 = VECTOR('',#7630,1.);
#7630 = DIRECTION('',(0.,1.));
#7631 = ( GEOMETRIC_REPRESENTATION_CONTEXT(2) 
PARAMETRIC_REPRESENTATION_CONTEXT() REPRESENTATION_CONTEXT('2D SPACE',''
  ) );
#7632 = PCURVE('',#1142,#7633);
#7633 = DEFINITIONAL_REPRESENTATION('',(#7634),#7638);
#7634 = LINE('',#7635,#7636);
#7635 = CARTESIAN_POINT('',(153.8,-50.8));
#7636 = VECTOR('',#7637,1.);
#7637 = DIRECTION('',(0.707106781187,0.707106781187));
#7638 = ( GEOMETRIC_REPRESENTATION_CONTEXT(2) 
PARAMETRIC_REPRESENTATION_CONTEXT() REPRESENTATION_CONTEXT('2D SPACE',''
  ) );
#7639 = ORIENTED_EDGE('',*,*,#1154,.F.);
#7640 = ADVANCED_FACE('',(#7641),#1142,.T.);
#7641 = FACE_BOUND('',#7642,.T.);
#7642 = EDGE_LOOP('',(#7643,#7668,#7689,#7710,#7711,#7712));
#7643 = ORIENTED_EDGE('',*,*,#7644,.F.);
#7644 = EDGE_CURVE('',#7645,#7647,#7649,.T.);
#7645 = VERTEX_POINT('',#7646);
#7646 = CARTESIAN_POINT('',(41.5,6.25,20.));
#7647 = VERTEX_POINT('',#7648);
#7648 = CARTESIAN_POINT('',(41.5,6.25,204.6));
#7649 = SURFACE_CURVE('',#7650,(#7654,#7661),.PCURVE_S1.);
#7650 = LINE('',#7651,#7652);
#7651 = CARTESIAN_POINT('',(41.5,6.25,0.));
#7652 = VECTOR('',#7653,1.);
#7653 = DIRECTION('',(0.,0.,1.));
#7654 = PCURVE('',#1142,#7655);
#7655 = DEFINITIONAL_REPRESENTATION('',(#7656),#7660);
#7656 = LINE('',#7657,#7658);
#7657 = CARTESIAN_POINT('',(0.,3.));
#7658 = VECTOR('',#7659,1.);
#7659 = DIRECTION('',(1.,0.));
#7660 = ( GEOMETRIC_REPRESENTATION_CONTEXT(2) 
PARAMETRIC_REPRESENTATION_CONTEXT() REPRESENTATION_CONTEXT('2D SPACE',''
  ) );
#7661 = PCURVE('',#3694,#7662);
#7662 = DEFINITIONAL_REPRESENTATION('',(#7663),#7667);
#7663 = LINE('',#7664,#7665);
#7664 = CARTESIAN_POINT('',(0.,-3.75));
#7665 = VECTOR('',#7666,1.);
#7666 = DIRECTION('',(1.,0.));
#7667 = ( GEOMETRIC_REPRESENTATION_CONTEXT(2) 
PARAMETRIC_REPRESENTATION_CONTEXT() REPRESENTATION_CONTEXT('2D SPACE',''
  ) );
#7668 = ORIENTED_EDGE('',*,*,#7669,.F.);
#7669 = EDGE_CURVE('',#7670,#7645,#7672,.T.);
#7670 = VERTEX_POINT('',#7671);
#7671 = CARTESIAN_POINT('',(38.5,6.25,20.));
#7672 = SURFACE_CURVE('',#7673,(#7677,#7683),.PCURVE_S1.);
#7673 = LINE('',#7674,#7675);
#7674 = CARTESIAN_POINT('',(18.75,6.25,20.));
#7675 = VECTOR('',#7676,1.);
#7676 = DIRECTION('',(1.,0.,0.));
#7677 = PCURVE('',#1142,#7678);
#7678 = DEFINITIONAL_REPRESENTATION('',(#7679),#7682);
#7679 = B_SPLINE_CURVE_WITH_KNOTS('',1,(#7680,#7681),.UNSPECIFIED.,.F.,
  .F.,(2,2),(19.75,22.75),.PIECEWISE_BEZIER_KNOTS.);
#7680 = CARTESIAN_POINT('',(20.,0.));
#7681 = CARTESIAN_POINT('',(20.,3.));
#7682 = ( GEOMETRIC_REPRESENTATION_CONTEXT(2) 
PARAMETRIC_REPRESENTATION_CONTEXT() REPRESENTATION_CONTEXT('2D SPACE',''
  ) );
#7683 = PCURVE('',#3666,#7684);
#7684 = DEFINITIONAL_REPRESENTATION('',(#7685),#7688);
#7685 = B_SPLINE_CURVE_WITH_KNOTS('',1,(#7686,#7687),.UNSPECIFIED.,.F.,
  .F.,(2,2),(19.75,22.75),.PIECEWISE_BEZIER_KNOTS.);
#7686 = CARTESIAN_POINT('',(39.5,3.75));
#7687 = CARTESIAN_POINT('',(42.5,3.75));
#7688 = ( GEOMETRIC_REPRESENTATION_CONTEXT(2) 
PARAMETRIC_REPRESENTATION_CONTEXT() REPRESENTATION_CONTEXT('2D SPACE',''
  ) );
#7689 = ORIENTED_EDGE('',*,*,#7690,.T.);
#7690 = EDGE_CURVE('',#7670,#7597,#7691,.T.);
#7691 = SURFACE_CURVE('',#7692,(#7696,#7703),.PCURVE_S1.);
#7692 = LINE('',#7693,#7694);
#7693 = CARTESIAN_POINT('',(38.5,6.25,0.));
#7694 = VECTOR('',#7695,1.);
#7695 = DIRECTION('',(0.,0.,1.));
#7696 = PCURVE('',#1142,#7697);
#7697 = DEFINITIONAL_REPRESENTATION('',(#7698),#7702);
#7698 = LINE('',#7699,#7700);
#7699 = CARTESIAN_POINT('',(0.,0.));
#7700 = VECTOR('',#7701,1.);
#7701 = DIRECTION('',(1.,0.));
#7702 = ( GEOMETRIC_REPRESENTATION_CONTEXT(2) 
PARAMETRIC_REPRESENTATION_CONTEXT() REPRESENTATION_CONTEXT('2D SPACE',''
  ) );
#7703 = PCURVE('',#3638,#7704);
#7704 = DEFINITIONAL_REPRESENTATION('',(#7705),#7709);
#7705 = LINE('',#7706,#7707);
#7706 = CARTESIAN_POINT('',(0.,-3.75));
#7707 = VECTOR('',#7708,1.);
#7708 = DIRECTION('',(1.,0.));
#7709 = ( GEOMETRIC_REPRESENTATION_CONTEXT(2) 
PARAMETRIC_REPRESENTATION_CONTEXT() REPRESENTATION_CONTEXT('2D SPACE',''
  ) );
#7710 = ORIENTED_EDGE('',*,*,#7619,.T.);
#7711 = ORIENTED_EDGE('',*,*,#1126,.T.);
#7712 = ORIENTED_EDGE('',*,*,#7713,.F.);
#7713 = EDGE_CURVE('',#7647,#1099,#7714,.T.);
#7714 = SURFACE_CURVE('',#7715,(#7719,#7726),.PCURVE_S1.);
#7715 = LINE('',#7716,#7717);
#7716 = CARTESIAN_POINT('',(91.55,6.25,154.55));
#7717 = VECTOR('',#7718,1.);
#7718 = DIRECTION('',(-0.707106781187,0.,0.707106781187));
#7719 = PCURVE('',#1142,#7720);
#7720 = DEFINITIONAL_REPRESENTATION('',(#7721),#7725);
#7721 = LINE('',#7722,#7723);
#7722 = CARTESIAN_POINT('',(154.55,53.05));
#7723 = VECTOR('',#7724,1.);
#7724 = DIRECTION('',(0.707106781187,-0.707106781187));
#7725 = ( GEOMETRIC_REPRESENTATION_CONTEXT(2) 
PARAMETRIC_REPRESENTATION_CONTEXT() REPRESENTATION_CONTEXT('2D SPACE',''
  ) );
#7726 = PCURVE('',#1114,#7727);
#7727 = DEFINITIONAL_REPRESENTATION('',(#7728),#7732);
#7728 = LINE('',#7729,#7730);
#7729 = CARTESIAN_POINT('',(3.75,-71.77133829043));
#7730 = VECTOR('',#7731,1.);
#7731 = DIRECTION('',(0.,1.));
#7732 = ( GEOMETRIC_REPRESENTATION_CONTEXT(2) 
PARAMETRIC_REPRESENTATION_CONTEXT() REPRESENTATION_CONTEXT('2D SPACE',''
  ) );
#7733 = ADVANCED_FACE('',(#7734),#579,.T.);
#7734 = FACE_BOUND('',#7735,.T.);
#7735 = EDGE_LOOP('',(#7736,#7737,#7760,#7781));
#7736 = ORIENTED_EDGE('',*,*,#4351,.F.);
#7737 = ORIENTED_EDGE('',*,*,#7738,.T.);
#7738 = EDGE_CURVE('',#4324,#7739,#7741,.T.);
#7739 = VERTEX_POINT('',#7740);
#7740 = CARTESIAN_POINT('',(211.5,6.25,204.6));
#7741 = SURFACE_CURVE('',#7742,(#7746,#7753),.PCURVE_S1.);
#7742 = LINE('',#7743,#7744);
#7743 = CARTESIAN_POINT('',(211.5,2.5,204.6));
#7744 = VECTOR('',#7745,1.);
#7745 = DIRECTION('',(0.,1.,0.));
#7746 = PCURVE('',#579,#7747);
#7747 = DEFINITIONAL_REPRESENTATION('',(#7748),#7752);
#7748 = LINE('',#7749,#7750);
#7749 = CARTESIAN_POINT('',(0.,-0.989949493661));
#7750 = VECTOR('',#7751,1.);
#7751 = DIRECTION('',(1.,0.));
#7752 = ( GEOMETRIC_REPRESENTATION_CONTEXT(2) 
PARAMETRIC_REPRESENTATION_CONTEXT() REPRESENTATION_CONTEXT('2D SPACE',''
  ) );
#7753 = PCURVE('',#4339,#7754);
#7754 = DEFINITIONAL_REPRESENTATION('',(#7755),#7759);
#7755 = LINE('',#7756,#7757);
#7756 = CARTESIAN_POINT('',(204.6,0.));
#7757 = VECTOR('',#7758,1.);
#7758 = DIRECTION('',(0.,-1.));
#7759 = ( GEOMETRIC_REPRESENTATION_CONTEXT(2) 
PARAMETRIC_REPRESENTATION_CONTEXT() REPRESENTATION_CONTEXT('2D SPACE',''
  ) );
#7760 = ORIENTED_EDGE('',*,*,#7761,.T.);
#7761 = EDGE_CURVE('',#7739,#564,#7762,.T.);
#7762 = SURFACE_CURVE('',#7763,(#7767,#7774),.PCURVE_S1.);
#7763 = LINE('',#7764,#7765);
#7764 = CARTESIAN_POINT('',(261.55,6.25,154.55));
#7765 = VECTOR('',#7766,1.);
#7766 = DIRECTION('',(-0.707106781187,0.,0.707106781187));
#7767 = PCURVE('',#579,#7768);
#7768 = DEFINITIONAL_REPRESENTATION('',(#7769),#7773);
#7769 = LINE('',#7770,#7771);
#7770 = CARTESIAN_POINT('',(3.75,-71.77133829043));
#7771 = VECTOR('',#7772,1.);
#7772 = DIRECTION('',(0.,1.));
#7773 = ( GEOMETRIC_REPRESENTATION_CONTEXT(2) 
PARAMETRIC_REPRESENTATION_CONTEXT() REPRESENTATION_CONTEXT('2D SPACE',''
  ) );
#7774 = PCURVE('',#607,#7775);
#7775 = DEFINITIONAL_REPRESENTATION('',(#7776),#7780);
#7776 = LINE('',#7777,#7778);
#7777 = CARTESIAN_POINT('',(154.55,53.05));
#7778 = VECTOR('',#7779,1.);
#7779 = DIRECTION('',(0.707106781187,-0.707106781187));
#7780 = ( GEOMETRIC_REPRESENTATION_CONTEXT(2) 
PARAMETRIC_REPRESENTATION_CONTEXT() REPRESENTATION_CONTEXT('2D SPACE',''
  ) );
#7781 = ORIENTED_EDGE('',*,*,#563,.F.);
#7782 = ADVANCED_FACE('',(#7783),#1114,.T.);
#7783 = FACE_BOUND('',#7784,.T.);
#7784 = EDGE_LOOP('',(#7785,#7786,#7807,#7808));
#7785 = ORIENTED_EDGE('',*,*,#3706,.F.);
#7786 = ORIENTED_EDGE('',*,*,#7787,.T.);
#7787 = EDGE_CURVE('',#3679,#7647,#7788,.T.);
#7788 = SURFACE_CURVE('',#7789,(#7793,#7800),.PCURVE_S1.);
#7789 = LINE('',#7790,#7791);
#7790 = CARTESIAN_POINT('',(41.5,2.5,204.6));
#7791 = VECTOR('',#7792,1.);
#7792 = DIRECTION('',(0.,1.,0.));
#7793 = PCURVE('',#1114,#7794);
#7794 = DEFINITIONAL_REPRESENTATION('',(#7795),#7799);
#7795 = LINE('',#7796,#7797);
#7796 = CARTESIAN_POINT('',(0.,-0.989949493661));
#7797 = VECTOR('',#7798,1.);
#7798 = DIRECTION('',(1.,0.));
#7799 = ( GEOMETRIC_REPRESENTATION_CONTEXT(2) 
PARAMETRIC_REPRESENTATION_CONTEXT() REPRESENTATION_CONTEXT('2D SPACE',''
  ) );
#7800 = PCURVE('',#3694,#7801);
#7801 = DEFINITIONAL_REPRESENTATION('',(#7802),#7806);
#7802 = LINE('',#7803,#7804);
#7803 = CARTESIAN_POINT('',(204.6,0.));
#7804 = VECTOR('',#7805,1.);
#7805 = DIRECTION('',(0.,-1.));
#7806 = ( GEOMETRIC_REPRESENTATION_CONTEXT(2) 
PARAMETRIC_REPRESENTATION_CONTEXT() REPRESENTATION_CONTEXT('2D SPACE',''
  ) );
#7807 = ORIENTED_EDGE('',*,*,#7713,.T.);
#7808 = ORIENTED_EDGE('',*,*,#1098,.F.);
#7809 = ADVANCED_FACE('',(#7810),#607,.T.);
#7810 = FACE_BOUND('',#7811,.T.);
#7811 = EDGE_LOOP('',(#7812,#7835,#7856,#7879,#7900,#7901));
#7812 = ORIENTED_EDGE('',*,*,#7813,.F.);
#7813 = EDGE_CURVE('',#7814,#7739,#7816,.T.);
#7814 = VERTEX_POINT('',#7815);
#7815 = CARTESIAN_POINT('',(211.5,6.25,20.));
#7816 = SURFACE_CURVE('',#7817,(#7821,#7828),.PCURVE_S1.);
#7817 = LINE('',#7818,#7819);
#7818 = CARTESIAN_POINT('',(211.5,6.25,0.));
#7819 = VECTOR('',#7820,1.);
#7820 = DIRECTION('',(0.,0.,1.));
#7821 = PCURVE('',#607,#7822);
#7822 = DEFINITIONAL_REPRESENTATION('',(#7823),#7827);
#7823 = LINE('',#7824,#7825);
#7824 = CARTESIAN_POINT('',(0.,3.));
#7825 = VECTOR('',#7826,1.);
#7826 = DIRECTION('',(1.,0.));
#7827 = ( GEOMETRIC_REPRESENTATION_CONTEXT(2) 
PARAMETRIC_REPRESENTATION_CONTEXT() REPRESENTATION_CONTEXT('2D SPACE',''
  ) );
#7828 = PCURVE('',#4339,#7829);
#7829 = DEFINITIONAL_REPRESENTATION('',(#7830),#7834);
#7830 = LINE('',#7831,#7832);
#7831 = CARTESIAN_POINT('',(0.,-3.75));
#7832 = VECTOR('',#7833,1.);
#7833 = DIRECTION('',(1.,0.));
#7834 = ( GEOMETRIC_REPRESENTATION_CONTEXT(2) 
PARAMETRIC_REPRESENTATION_CONTEXT() REPRESENTATION_CONTEXT('2D SPACE',''
  ) );
#7835 = ORIENTED_EDGE('',*,*,#7836,.F.);
#7836 = EDGE_CURVE('',#7837,#7814,#7839,.T.);
#7837 = VERTEX_POINT('',#7838);
#7838 = CARTESIAN_POINT('',(208.5,6.25,20.));
#7839 = SURFACE_CURVE('',#7840,(#7844,#7850),.PCURVE_S1.);
#7840 = LINE('',#7841,#7842);
#7841 = CARTESIAN_POINT('',(103.75,6.25,20.));
#7842 = VECTOR('',#7843,1.);
#7843 = DIRECTION('',(1.,0.,0.));
#7844 = PCURVE('',#607,#7845);
#7845 = DEFINITIONAL_REPRESENTATION('',(#7846),#7849);
#7846 = B_SPLINE_CURVE_WITH_KNOTS('',1,(#7847,#7848),.UNSPECIFIED.,.F.,
  .F.,(2,2),(104.75,107.75),.PIECEWISE_BEZIER_KNOTS.);
#7847 = CARTESIAN_POINT('',(20.,0.));
#7848 = CARTESIAN_POINT('',(20.,3.));
#7849 = ( GEOMETRIC_REPRESENTATION_CONTEXT(2) 
PARAMETRIC_REPRESENTATION_CONTEXT() REPRESENTATION_CONTEXT('2D SPACE',''
  ) );
#7850 = PCURVE('',#4311,#7851);
#7851 = DEFINITIONAL_REPRESENTATION('',(#7852),#7855);
#7852 = B_SPLINE_CURVE_WITH_KNOTS('',1,(#7853,#7854),.UNSPECIFIED.,.F.,
  .F.,(2,2),(104.75,107.75),.PIECEWISE_BEZIER_KNOTS.);
#7853 = CARTESIAN_POINT('',(209.5,3.75));
#7854 = CARTESIAN_POINT('',(212.5,3.75));
#7855 = ( GEOMETRIC_REPRESENTATION_CONTEXT(2) 
PARAMETRIC_REPRESENTATION_CONTEXT() REPRESENTATION_CONTEXT('2D SPACE',''
  ) );
#7856 = ORIENTED_EDGE('',*,*,#7857,.T.);
#7857 = EDGE_CURVE('',#7837,#7858,#7860,.T.);
#7858 = VERTEX_POINT('',#7859);
#7859 = CARTESIAN_POINT('',(208.5,6.25,204.6));
#7860 = SURFACE_CURVE('',#7861,(#7865,#7872),.PCURVE_S1.);
#7861 = LINE('',#7862,#7863);
#7862 = CARTESIAN_POINT('',(208.5,6.25,0.));
#7863 = VECTOR('',#7864,1.);
#7864 = DIRECTION('',(0.,0.,1.));
#7865 = PCURVE('',#607,#7866);
#7866 = DEFINITIONAL_REPRESENTATION('',(#7867),#7871);
#7867 = LINE('',#7868,#7869);
#7868 = CARTESIAN_POINT('',(0.,0.));
#7869 = VECTOR('',#7870,1.);
#7870 = DIRECTION('',(1.,0.));
#7871 = ( GEOMETRIC_REPRESENTATION_CONTEXT(2) 
PARAMETRIC_REPRESENTATION_CONTEXT() REPRESENTATION_CONTEXT('2D SPACE',''
  ) );
#7872 = PCURVE('',#4283,#7873);
#7873 = DEFINITIONAL_REPRESENTATION('',(#7874),#7878);
#7874 = LINE('',#7875,#7876);
#7875 = CARTESIAN_POINT('',(0.,-3.75));
#7876 = VECTOR('',#7877,1.);
#7877 = DIRECTION('',(1.,0.));
#7878 = ( GEOMETRIC_REPRESENTATION_CONTEXT(2) 
PARAMETRIC_REPRESENTATION_CONTEXT() REPRESENTATION_CONTEXT('2D SPACE',''
  ) );
#7879 = ORIENTED_EDGE('',*,*,#7880,.T.);
#7880 = EDGE_CURVE('',#7858,#592,#7881,.T.);
#7881 = SURFACE_CURVE('',#7882,(#7886,#7893),.PCURVE_S1.);
#7882 = LINE('',#7883,#7884);
#7883 = CARTESIAN_POINT('',(157.7,6.25,153.8));
#7884 = VECTOR('',#7885,1.);
#7885 = DIRECTION('',(0.707106781187,-0.,0.707106781187));
#7886 = PCURVE('',#607,#7887);
#7887 = DEFINITIONAL_REPRESENTATION('',(#7888),#7892);
#7888 = LINE('',#7889,#7890);
#7889 = CARTESIAN_POINT('',(153.8,-50.8));
#7890 = VECTOR('',#7891,1.);
#7891 = DIRECTION('',(0.707106781187,0.707106781187));
#7892 = ( GEOMETRIC_REPRESENTATION_CONTEXT(2) 
PARAMETRIC_REPRESENTATION_CONTEXT() REPRESENTATION_CONTEXT('2D SPACE',''
  ) );
#7893 = PCURVE('',#635,#7894);
#7894 = DEFINITIONAL_REPRESENTATION('',(#7895),#7899);
#7895 = LINE('',#7896,#7897);
#7896 = CARTESIAN_POINT('',(3.75,-72.83199846221));
#7897 = VECTOR('',#7898,1.);
#7898 = DIRECTION('',(0.,1.));
#7899 = ( GEOMETRIC_REPRESENTATION_CONTEXT(2) 
PARAMETRIC_REPRESENTATION_CONTEXT() REPRESENTATION_CONTEXT('2D SPACE',''
  ) );
#7900 = ORIENTED_EDGE('',*,*,#591,.T.);
#7901 = ORIENTED_EDGE('',*,*,#7761,.F.);
#7902 = ADVANCED_FACE('',(#7903),#635,.F.);
#7903 = FACE_BOUND('',#7904,.F.);
#7904 = EDGE_LOOP('',(#7905,#7906,#7927,#7928));
#7905 = ORIENTED_EDGE('',*,*,#4244,.F.);
#7906 = ORIENTED_EDGE('',*,*,#7907,.T.);
#7907 = EDGE_CURVE('',#4245,#7858,#7908,.T.);
#7908 = SURFACE_CURVE('',#7909,(#7913,#7920),.PCURVE_S1.);
#7909 = LINE('',#7910,#7911);
#7910 = CARTESIAN_POINT('',(208.5,2.5,204.6));
#7911 = VECTOR('',#7912,1.);
#7912 = DIRECTION('',(0.,1.,0.));
#7913 = PCURVE('',#635,#7914);
#7914 = DEFINITIONAL_REPRESENTATION('',(#7915),#7919);
#7915 = LINE('',#7916,#7917);
#7916 = CARTESIAN_POINT('',(0.,-0.989949493661));
#7917 = VECTOR('',#7918,1.);
#7918 = DIRECTION('',(1.,0.));
#7919 = ( GEOMETRIC_REPRESENTATION_CONTEXT(2) 
PARAMETRIC_REPRESENTATION_CONTEXT() REPRESENTATION_CONTEXT('2D SPACE',''
  ) );
#7920 = PCURVE('',#4283,#7921);
#7921 = DEFINITIONAL_REPRESENTATION('',(#7922),#7926);
#7922 = LINE('',#7923,#7924);
#7923 = CARTESIAN_POINT('',(204.6,0.));
#7924 = VECTOR('',#7925,1.);
#7925 = DIRECTION('',(0.,-1.));
#7926 = ( GEOMETRIC_REPRESENTATION_CONTEXT(2) 
PARAMETRIC_REPRESENTATION_CONTEXT() REPRESENTATION_CONTEXT('2D SPACE',''
  ) );
#7927 = ORIENTED_EDGE('',*,*,#7880,.T.);
#7928 = ORIENTED_EDGE('',*,*,#619,.F.);
#7929 = ADVANCED_FACE('',(#7930),#1063,.F.);
#7930 = FACE_BOUND('',#7931,.F.);
#7931 = EDGE_LOOP('',(#7932,#7933,#7956,#7977));
#7932 = ORIENTED_EDGE('',*,*,#3728,.F.);
#7933 = ORIENTED_EDGE('',*,*,#7934,.T.);
#7934 = EDGE_CURVE('',#3729,#7935,#7937,.T.);
#7935 = VERTEX_POINT('',#7936);
#7936 = CARTESIAN_POINT('',(72.5,6.25,204.6));
#7937 = SURFACE_CURVE('',#7938,(#7942,#7949),.PCURVE_S1.);
#7938 = LINE('',#7939,#7940);
#7939 = CARTESIAN_POINT('',(72.5,2.5,204.6));
#7940 = VECTOR('',#7941,1.);
#7941 = DIRECTION('',(0.,1.,0.));
#7942 = PCURVE('',#1063,#7943);
#7943 = DEFINITIONAL_REPRESENTATION('',(#7944),#7948);
#7944 = LINE('',#7945,#7946);
#7945 = CARTESIAN_POINT('',(0.,-0.989949493661));
#7946 = VECTOR('',#7947,1.);
#7947 = DIRECTION('',(1.,0.));
#7948 = ( GEOMETRIC_REPRESENTATION_CONTEXT(2) 
PARAMETRIC_REPRESENTATION_CONTEXT() REPRESENTATION_CONTEXT('2D SPACE',''
  ) );
#7949 = PCURVE('',#3767,#7950);
#7950 = DEFINITIONAL_REPRESENTATION('',(#7951),#7955);
#7951 = LINE('',#7952,#7953);
#7952 = CARTESIAN_POINT('',(204.6,0.));
#7953 = VECTOR('',#7954,1.);
#7954 = DIRECTION('',(0.,-1.));
#7955 = ( GEOMETRIC_REPRESENTATION_CONTEXT(2) 
PARAMETRIC_REPRESENTATION_CONTEXT() REPRESENTATION_CONTEXT('2D SPACE',''
  ) );
#7956 = ORIENTED_EDGE('',*,*,#7957,.T.);
#7957 = EDGE_CURVE('',#7935,#1020,#7958,.T.);
#7958 = SURFACE_CURVE('',#7959,(#7963,#7970),.PCURVE_S1.);
#7959 = LINE('',#7960,#7961);
#7960 = CARTESIAN_POINT('',(21.7,6.25,153.8));
#7961 = VECTOR('',#7962,1.);
#7962 = DIRECTION('',(0.707106781187,-0.,0.707106781187));
#7963 = PCURVE('',#1063,#7964);
#7964 = DEFINITIONAL_REPRESENTATION('',(#7965),#7969);
#7965 = LINE('',#7966,#7967);
#7966 = CARTESIAN_POINT('',(3.75,-72.83199846221));
#7967 = VECTOR('',#7968,1.);
#7968 = DIRECTION('',(0.,1.));
#7969 = ( GEOMETRIC_REPRESENTATION_CONTEXT(2) 
PARAMETRIC_REPRESENTATION_CONTEXT() REPRESENTATION_CONTEXT('2D SPACE',''
  ) );
#7970 = PCURVE('',#1035,#7971);
#7971 = DEFINITIONAL_REPRESENTATION('',(#7972),#7976);
#7972 = LINE('',#7973,#7974);
#7973 = CARTESIAN_POINT('',(153.8,-50.8));
#7974 = VECTOR('',#7975,1.);
#7975 = DIRECTION('',(0.707106781187,0.707106781187));
#7976 = ( GEOMETRIC_REPRESENTATION_CONTEXT(2) 
PARAMETRIC_REPRESENTATION_CONTEXT() REPRESENTATION_CONTEXT('2D SPACE',''
  ) );
#7977 = ORIENTED_EDGE('',*,*,#1047,.F.);
#7978 = ADVANCED_FACE('',(#7979),#1035,.T.);
#7979 = FACE_BOUND('',#7980,.T.);
#7980 = EDGE_LOOP('',(#7981,#8006,#8027,#8048,#8049,#8050));
#7981 = ORIENTED_EDGE('',*,*,#7982,.F.);
#7982 = EDGE_CURVE('',#7983,#7985,#7987,.T.);
#7983 = VERTEX_POINT('',#7984);
#7984 = CARTESIAN_POINT('',(75.5,6.25,20.));
#7985 = VERTEX_POINT('',#7986);
#7986 = CARTESIAN_POINT('',(75.5,6.25,204.6));
#7987 = SURFACE_CURVE('',#7988,(#7992,#7999),.PCURVE_S1.);
#7988 = LINE('',#7989,#7990);
#7989 = CARTESIAN_POINT('',(75.5,6.25,0.));
#7990 = VECTOR('',#7991,1.);
#7991 = DIRECTION('',(0.,0.,1.));
#7992 = PCURVE('',#1035,#7993);
#7993 = DEFINITIONAL_REPRESENTATION('',(#7994),#7998);
#7994 = LINE('',#7995,#7996);
#7995 = CARTESIAN_POINT('',(0.,3.));
#7996 = VECTOR('',#7997,1.);
#7997 = DIRECTION('',(1.,0.));
#7998 = ( GEOMETRIC_REPRESENTATION_CONTEXT(2) 
PARAMETRIC_REPRESENTATION_CONTEXT() REPRESENTATION_CONTEXT('2D SPACE',''
  ) );
#7999 = PCURVE('',#3823,#8000);
#8000 = DEFINITIONAL_REPRESENTATION('',(#8001),#8005);
#8001 = LINE('',#8002,#8003);
#8002 = CARTESIAN_POINT('',(0.,-3.75));
#8003 = VECTOR('',#8004,1.);
#8004 = DIRECTION('',(1.,0.));
#8005 = ( GEOMETRIC_REPRESENTATION_CONTEXT(2) 
PARAMETRIC_REPRESENTATION_CONTEXT() REPRESENTATION_CONTEXT('2D SPACE',''
  ) );
#8006 = ORIENTED_EDGE('',*,*,#8007,.F.);
#8007 = EDGE_CURVE('',#8008,#7983,#8010,.T.);
#8008 = VERTEX_POINT('',#8009);
#8009 = CARTESIAN_POINT('',(72.5,6.25,20.));
#8010 = SURFACE_CURVE('',#8011,(#8015,#8021),.PCURVE_S1.);
#8011 = LINE('',#8012,#8013);
#8012 = CARTESIAN_POINT('',(35.75,6.25,20.));
#8013 = VECTOR('',#8014,1.);
#8014 = DIRECTION('',(1.,0.,0.));
#8015 = PCURVE('',#1035,#8016);
#8016 = DEFINITIONAL_REPRESENTATION('',(#8017),#8020);
#8017 = B_SPLINE_CURVE_WITH_KNOTS('',1,(#8018,#8019),.UNSPECIFIED.,.F.,
  .F.,(2,2),(36.75,39.75),.PIECEWISE_BEZIER_KNOTS.);
#8018 = CARTESIAN_POINT('',(20.,0.));
#8019 = CARTESIAN_POINT('',(20.,3.));
#8020 = ( GEOMETRIC_REPRESENTATION_CONTEXT(2) 
PARAMETRIC_REPRESENTATION_CONTEXT() REPRESENTATION_CONTEXT('2D SPACE',''
  ) );
#8021 = PCURVE('',#3795,#8022);
#8022 = DEFINITIONAL_REPRESENTATION('',(#8023),#8026);
#8023 = B_SPLINE_CURVE_WITH_KNOTS('',1,(#8024,#8025),.UNSPECIFIED.,.F.,
  .F.,(2,2),(36.75,39.75),.PIECEWISE_BEZIER_KNOTS.);
#8024 = CARTESIAN_POINT('',(73.5,3.75));
#8025 = CARTESIAN_POINT('',(76.5,3.75));
#8026 = ( GEOMETRIC_REPRESENTATION_CONTEXT(2) 
PARAMETRIC_REPRESENTATION_CONTEXT() REPRESENTATION_CONTEXT('2D SPACE',''
  ) );
#8027 = ORIENTED_EDGE('',*,*,#8028,.T.);
#8028 = EDGE_CURVE('',#8008,#7935,#8029,.T.);
#8029 = SURFACE_CURVE('',#8030,(#8034,#8041),.PCURVE_S1.);
#8030 = LINE('',#8031,#8032);
#8031 = CARTESIAN_POINT('',(72.5,6.25,0.));
#8032 = VECTOR('',#8033,1.);
#8033 = DIRECTION('',(0.,0.,1.));
#8034 = PCURVE('',#1035,#8035);
#8035 = DEFINITIONAL_REPRESENTATION('',(#8036),#8040);
#8036 = LINE('',#8037,#8038);
#8037 = CARTESIAN_POINT('',(0.,0.));
#8038 = VECTOR('',#8039,1.);
#8039 = DIRECTION('',(1.,0.));
#8040 = ( GEOMETRIC_REPRESENTATION_CONTEXT(2) 
PARAMETRIC_REPRESENTATION_CONTEXT() REPRESENTATION_CONTEXT('2D SPACE',''
  ) );
#8041 = PCURVE('',#3767,#8042);
#8042 = DEFINITIONAL_REPRESENTATION('',(#8043),#8047);
#8043 = LINE('',#8044,#8045);
#8044 = CARTESIAN_POINT('',(0.,-3.75));
#8045 = VECTOR('',#8046,1.);
#8046 = DIRECTION('',(1.,0.));
#8047 = ( GEOMETRIC_REPRESENTATION_CONTEXT(2) 
PARAMETRIC_REPRESENTATION_CONTEXT() REPRESENTATION_CONTEXT('2D SPACE',''
  ) );
#8048 = ORIENTED_EDGE('',*,*,#7957,.T.);
#8049 = ORIENTED_EDGE('',*,*,#1019,.T.);
#8050 = ORIENTED_EDGE('',*,*,#8051,.F.);
#8051 = EDGE_CURVE('',#7985,#992,#8052,.T.);
#8052 = SURFACE_CURVE('',#8053,(#8057,#8064),.PCURVE_S1.);
#8053 = LINE('',#8054,#8055);
#8054 = CARTESIAN_POINT('',(125.55,6.25,154.55));
#8055 = VECTOR('',#8056,1.);
#8056 = DIRECTION('',(-0.707106781187,0.,0.707106781187));
#8057 = PCURVE('',#1035,#8058);
#8058 = DEFINITIONAL_REPRESENTATION('',(#8059),#8063);
#8059 = LINE('',#8060,#8061);
#8060 = CARTESIAN_POINT('',(154.55,53.05));
#8061 = VECTOR('',#8062,1.);
#8062 = DIRECTION('',(0.707106781187,-0.707106781187));
#8063 = ( GEOMETRIC_REPRESENTATION_CONTEXT(2) 
PARAMETRIC_REPRESENTATION_CONTEXT() REPRESENTATION_CONTEXT('2D SPACE',''
  ) );
#8064 = PCURVE('',#1007,#8065);
#8065 = DEFINITIONAL_REPRESENTATION('',(#8066),#8070);
#8066 = LINE('',#8067,#8068);
#8067 = CARTESIAN_POINT('',(3.75,-71.77133829043));
#8068 = VECTOR('',#8069,1.);
#8069 = DIRECTION('',(0.,1.));
#8070 = ( GEOMETRIC_REPRESENTATION_CONTEXT(2) 
PARAMETRIC_REPRESENTATION_CONTEXT() REPRESENTATION_CONTEXT('2D SPACE',''
  ) );
#8071 = ADVANCED_FACE('',(#8072),#686,.T.);
#8072 = FACE_BOUND('',#8073,.T.);
#8073 = EDGE_LOOP('',(#8074,#8075,#8098,#8119));
#8074 = ORIENTED_EDGE('',*,*,#4222,.F.);
#8075 = ORIENTED_EDGE('',*,*,#8076,.T.);
#8076 = EDGE_CURVE('',#4195,#8077,#8079,.T.);
#8077 = VERTEX_POINT('',#8078);
#8078 = CARTESIAN_POINT('',(177.5,6.25,204.6));
#8079 = SURFACE_CURVE('',#8080,(#8084,#8091),.PCURVE_S1.);
#8080 = LINE('',#8081,#8082);
#8081 = CARTESIAN_POINT('',(177.5,2.5,204.6));
#8082 = VECTOR('',#8083,1.);
#8083 = DIRECTION('',(0.,1.,0.));
#8084 = PCURVE('',#686,#8085);
#8085 = DEFINITIONAL_REPRESENTATION('',(#8086),#8090);
#8086 = LINE('',#8087,#8088);
#8087 = CARTESIAN_POINT('',(0.,-0.989949493661));
#8088 = VECTOR('',#8089,1.);
#8089 = DIRECTION('',(1.,0.));
#8090 = ( GEOMETRIC_REPRESENTATION_CONTEXT(2) 
PARAMETRIC_REPRESENTATION_CONTEXT() REPRESENTATION_CONTEXT('2D SPACE',''
  ) );
#8091 = PCURVE('',#4210,#8092);
#8092 = DEFINITIONAL_REPRESENTATION('',(#8093),#8097);
#8093 = LINE('',#8094,#8095);
#8094 = CARTESIAN_POINT('',(204.6,0.));
#8095 = VECTOR('',#8096,1.);
#8096 = DIRECTION('',(0.,-1.));
#8097 = ( GEOMETRIC_REPRESENTATION_CONTEXT(2) 
PARAMETRIC_REPRESENTATION_CONTEXT() REPRESENTATION_CONTEXT('2D SPACE',''
  ) );
#8098 = ORIENTED_EDGE('',*,*,#8099,.T.);
#8099 = EDGE_CURVE('',#8077,#671,#8100,.T.);
#8100 = SURFACE_CURVE('',#8101,(#8105,#8112),.PCURVE_S1.);
#8101 = LINE('',#8102,#8103);
#8102 = CARTESIAN_POINT('',(227.55,6.25,154.55));
#8103 = VECTOR('',#8104,1.);
#8104 = DIRECTION('',(-0.707106781187,0.,0.707106781187));
#8105 = PCURVE('',#686,#8106);
#8106 = DEFINITIONAL_REPRESENTATION('',(#8107),#8111);
#8107 = LINE('',#8108,#8109);
#8108 = CARTESIAN_POINT('',(3.75,-71.77133829043));
#8109 = VECTOR('',#8110,1.);
#8110 = DIRECTION('',(0.,1.));
#8111 = ( GEOMETRIC_REPRESENTATION_CONTEXT(2) 
PARAMETRIC_REPRESENTATION_CONTEXT() REPRESENTATION_CONTEXT('2D SPACE',''
  ) );
#8112 = PCURVE('',#714,#8113);
#8113 = DEFINITIONAL_REPRESENTATION('',(#8114),#8118);
#8114 = LINE('',#8115,#8116);
#8115 = CARTESIAN_POINT('',(154.55,53.05));
#8116 = VECTOR('',#8117,1.);
#8117 = DIRECTION('',(0.707106781187,-0.707106781187));
#8118 = ( GEOMETRIC_REPRESENTATION_CONTEXT(2) 
PARAMETRIC_REPRESENTATION_CONTEXT() REPRESENTATION_CONTEXT('2D SPACE',''
  ) );
#8119 = ORIENTED_EDGE('',*,*,#670,.F.);
#8120 = ADVANCED_FACE('',(#8121),#1007,.T.);
#8121 = FACE_BOUND('',#8122,.T.);
#8122 = EDGE_LOOP('',(#8123,#8124,#8145,#8146));
#8123 = ORIENTED_EDGE('',*,*,#3835,.F.);
#8124 = ORIENTED_EDGE('',*,*,#8125,.T.);
#8125 = EDGE_CURVE('',#3808,#7985,#8126,.T.);
#8126 = SURFACE_CURVE('',#8127,(#8131,#8138),.PCURVE_S1.);
#8127 = LINE('',#8128,#8129);
#8128 = CARTESIAN_POINT('',(75.5,2.5,204.6));
#8129 = VECTOR('',#8130,1.);
#8130 = DIRECTION('',(0.,1.,0.));
#8131 = PCURVE('',#1007,#8132);
#8132 = DEFINITIONAL_REPRESENTATION('',(#8133),#8137);
#8133 = LINE('',#8134,#8135);
#8134 = CARTESIAN_POINT('',(0.,-0.989949493661));
#8135 = VECTOR('',#8136,1.);
#8136 = DIRECTION('',(1.,0.));
#8137 = ( GEOMETRIC_REPRESENTATION_CONTEXT(2) 
PARAMETRIC_REPRESENTATION_CONTEXT() REPRESENTATION_CONTEXT('2D SPACE',''
  ) );
#8138 = PCURVE('',#3823,#8139);
#8139 = DEFINITIONAL_REPRESENTATION('',(#8140),#8144);
#8140 = LINE('',#8141,#8142);
#8141 = CARTESIAN_POINT('',(204.6,0.));
#8142 = VECTOR('',#8143,1.);
#8143 = DIRECTION('',(0.,-1.));
#8144 = ( GEOMETRIC_REPRESENTATION_CONTEXT(2) 
PARAMETRIC_REPRESENTATION_CONTEXT() REPRESENTATION_CONTEXT('2D SPACE',''
  ) );
#8145 = ORIENTED_EDGE('',*,*,#8051,.T.);
#8146 = ORIENTED_EDGE('',*,*,#991,.F.);
#8147 = ADVANCED_FACE('',(#8148),#714,.T.);
#8148 = FACE_BOUND('',#8149,.T.);
#8149 = EDGE_LOOP('',(#8150,#8173,#8194,#8217,#8238,#8239));
#8150 = ORIENTED_EDGE('',*,*,#8151,.F.);
#8151 = EDGE_CURVE('',#8152,#8077,#8154,.T.);
#8152 = VERTEX_POINT('',#8153);
#8153 = CARTESIAN_POINT('',(177.5,6.25,20.));
#8154 = SURFACE_CURVE('',#8155,(#8159,#8166),.PCURVE_S1.);
#8155 = LINE('',#8156,#8157);
#8156 = CARTESIAN_POINT('',(177.5,6.25,0.));
#8157 = VECTOR('',#8158,1.);
#8158 = DIRECTION('',(0.,0.,1.));
#8159 = PCURVE('',#714,#8160);
#8160 = DEFINITIONAL_REPRESENTATION('',(#8161),#8165);
#8161 = LINE('',#8162,#8163);
#8162 = CARTESIAN_POINT('',(0.,3.));
#8163 = VECTOR('',#8164,1.);
#8164 = DIRECTION('',(1.,0.));
#8165 = ( GEOMETRIC_REPRESENTATION_CONTEXT(2) 
PARAMETRIC_REPRESENTATION_CONTEXT() REPRESENTATION_CONTEXT('2D SPACE',''
  ) );
#8166 = PCURVE('',#4210,#8167);
#8167 = DEFINITIONAL_REPRESENTATION('',(#8168),#8172);
#8168 = LINE('',#8169,#8170);
#8169 = CARTESIAN_POINT('',(0.,-3.75));
#8170 = VECTOR('',#8171,1.);
#8171 = DIRECTION('',(1.,0.));
#8172 = ( GEOMETRIC_REPRESENTATION_CONTEXT(2) 
PARAMETRIC_REPRESENTATION_CONTEXT() REPRESENTATION_CONTEXT('2D SPACE',''
  ) );
#8173 = ORIENTED_EDGE('',*,*,#8174,.F.);
#8174 = EDGE_CURVE('',#8175,#8152,#8177,.T.);
#8175 = VERTEX_POINT('',#8176);
#8176 = CARTESIAN_POINT('',(174.5,6.25,20.));
#8177 = SURFACE_CURVE('',#8178,(#8182,#8188),.PCURVE_S1.);
#8178 = LINE('',#8179,#8180);
#8179 = CARTESIAN_POINT('',(86.75,6.25,20.));
#8180 = VECTOR('',#8181,1.);
#8181 = DIRECTION('',(1.,0.,0.));
#8182 = PCURVE('',#714,#8183);
#8183 = DEFINITIONAL_REPRESENTATION('',(#8184),#8187);
#8184 = B_SPLINE_CURVE_WITH_KNOTS('',1,(#8185,#8186),.UNSPECIFIED.,.F.,
  .F.,(2,2),(87.75,90.75),.PIECEWISE_BEZIER_KNOTS.);
#8185 = CARTESIAN_POINT('',(20.,0.));
#8186 = CARTESIAN_POINT('',(20.,3.));
#8187 = ( GEOMETRIC_REPRESENTATION_CONTEXT(2) 
PARAMETRIC_REPRESENTATION_CONTEXT() REPRESENTATION_CONTEXT('2D SPACE',''
  ) );
#8188 = PCURVE('',#4182,#8189);
#8189 = DEFINITIONAL_REPRESENTATION('',(#8190),#8193);
#8190 = B_SPLINE_CURVE_WITH_KNOTS('',1,(#8191,#8192),.UNSPECIFIED.,.F.,
  .F.,(2,2),(87.75,90.75),.PIECEWISE_BEZIER_KNOTS.);
#8191 = CARTESIAN_POINT('',(175.5,3.75));
#8192 = CARTESIAN_POINT('',(178.5,3.75));
#8193 = ( GEOMETRIC_REPRESENTATION_CONTEXT(2) 
PARAMETRIC_REPRESENTATION_CONTEXT() REPRESENTATION_CONTEXT('2D SPACE',''
  ) );
#8194 = ORIENTED_EDGE('',*,*,#8195,.T.);
#8195 = EDGE_CURVE('',#8175,#8196,#8198,.T.);
#8196 = VERTEX_POINT('',#8197);
#8197 = CARTESIAN_POINT('',(174.5,6.25,204.6));
#8198 = SURFACE_CURVE('',#8199,(#8203,#8210),.PCURVE_S1.);
#8199 = LINE('',#8200,#8201);
#8200 = CARTESIAN_POINT('',(174.5,6.25,0.));
#8201 = VECTOR('',#8202,1.);
#8202 = DIRECTION('',(0.,0.,1.));
#8203 = PCURVE('',#714,#8204);
#8204 = DEFINITIONAL_REPRESENTATION('',(#8205),#8209);
#8205 = LINE('',#8206,#8207);
#8206 = CARTESIAN_POINT('',(0.,0.));
#8207 = VECTOR('',#8208,1.);
#8208 = DIRECTION('',(1.,0.));
#8209 = ( GEOMETRIC_REPRESENTATION_CONTEXT(2) 
PARAMETRIC_REPRESENTATION_CONTEXT() REPRESENTATION_CONTEXT('2D SPACE',''
  ) );
#8210 = PCURVE('',#4154,#8211);
#8211 = DEFINITIONAL_REPRESENTATION('',(#8212),#8216);
#8212 = LINE('',#8213,#8214);
#8213 = CARTESIAN_POINT('',(0.,-3.75));
#8214 = VECTOR('',#8215,1.);
#8215 = DIRECTION('',(1.,0.));
#8216 = ( GEOMETRIC_REPRESENTATION_CONTEXT(2) 
PARAMETRIC_REPRESENTATION_CONTEXT() REPRESENTATION_CONTEXT('2D SPACE',''
  ) );
#8217 = ORIENTED_EDGE('',*,*,#8218,.T.);
#8218 = EDGE_CURVE('',#8196,#699,#8219,.T.);
#8219 = SURFACE_CURVE('',#8220,(#8224,#8231),.PCURVE_S1.);
#8220 = LINE('',#8221,#8222);
#8221 = CARTESIAN_POINT('',(123.7,6.25,153.8));
#8222 = VECTOR('',#8223,1.);
#8223 = DIRECTION('',(0.707106781187,-0.,0.707106781187));
#8224 = PCURVE('',#714,#8225);
#8225 = DEFINITIONAL_REPRESENTATION('',(#8226),#8230);
#8226 = LINE('',#8227,#8228);
#8227 = CARTESIAN_POINT('',(153.8,-50.8));
#8228 = VECTOR('',#8229,1.);
#8229 = DIRECTION('',(0.707106781187,0.707106781187));
#8230 = ( GEOMETRIC_REPRESENTATION_CONTEXT(2) 
PARAMETRIC_REPRESENTATION_CONTEXT() REPRESENTATION_CONTEXT('2D SPACE',''
  ) );
#8231 = PCURVE('',#742,#8232);
#8232 = DEFINITIONAL_REPRESENTATION('',(#8233),#8237);
#8233 = LINE('',#8234,#8235);
#8234 = CARTESIAN_POINT('',(3.75,-72.83199846221));
#8235 = VECTOR('',#8236,1.);
#8236 = DIRECTION('',(0.,1.));
#8237 = ( GEOMETRIC_REPRESENTATION_CONTEXT(2) 
PARAMETRIC_REPRESENTATION_CONTEXT() REPRESENTATION_CONTEXT('2D SPACE',''
  ) );
#8238 = ORIENTED_EDGE('',*,*,#698,.T.);
#8239 = ORIENTED_EDGE('',*,*,#8099,.F.);
#8240 = ADVANCED_FACE('',(#8241),#742,.F.);
#8241 = FACE_BOUND('',#8242,.F.);
#8242 = EDGE_LOOP('',(#8243,#8244,#8265,#8266));
#8243 = ORIENTED_EDGE('',*,*,#4115,.F.);
#8244 = ORIENTED_EDGE('',*,*,#8245,.T.);
#8245 = EDGE_CURVE('',#4116,#8196,#8246,.T.);
#8246 = SURFACE_CURVE('',#8247,(#8251,#8258),.PCURVE_S1.);
#8247 = LINE('',#8248,#8249);
#8248 = CARTESIAN_POINT('',(174.5,2.5,204.6));
#8249 = VECTOR('',#8250,1.);
#8250 = DIRECTION('',(0.,1.,0.));
#8251 = PCURVE('',#742,#8252);
#8252 = DEFINITIONAL_REPRESENTATION('',(#8253),#8257);
#8253 = LINE('',#8254,#8255);
#8254 = CARTESIAN_POINT('',(0.,-0.989949493661));
#8255 = VECTOR('',#8256,1.);
#8256 = DIRECTION('',(1.,0.));
#8257 = ( GEOMETRIC_REPRESENTATION_CONTEXT(2) 
PARAMETRIC_REPRESENTATION_CONTEXT() REPRESENTATION_CONTEXT('2D SPACE',''
  ) );
#8258 = PCURVE('',#4154,#8259);
#8259 = DEFINITIONAL_REPRESENTATION('',(#8260),#8264);
#8260 = LINE('',#8261,#8262);
#8261 = CARTESIAN_POINT('',(204.6,0.));
#8262 = VECTOR('',#8263,1.);
#8263 = DIRECTION('',(0.,-1.));
#8264 = ( GEOMETRIC_REPRESENTATION_CONTEXT(2) 
PARAMETRIC_REPRESENTATION_CONTEXT() REPRESENTATION_CONTEXT('2D SPACE',''
  ) );
#8265 = ORIENTED_EDGE('',*,*,#8218,.T.);
#8266 = ORIENTED_EDGE('',*,*,#726,.F.);
#8267 = ADVANCED_FACE('',(#8268),#956,.F.);
#8268 = FACE_BOUND('',#8269,.F.);
#8269 = EDGE_LOOP('',(#8270,#8271,#8294,#8315));
#8270 = ORIENTED_EDGE('',*,*,#3857,.F.);
#8271 = ORIENTED_EDGE('',*,*,#8272,.T.);
#8272 = EDGE_CURVE('',#3858,#8273,#8275,.T.);
#8273 = VERTEX_POINT('',#8274);
#8274 = CARTESIAN_POINT('',(106.5,6.25,204.6));
#8275 = SURFACE_CURVE('',#8276,(#8280,#8287),.PCURVE_S1.);
#8276 = LINE('',#8277,#8278);
#8277 = CARTESIAN_POINT('',(106.5,2.5,204.6));
#8278 = VECTOR('',#8279,1.);
#8279 = DIRECTION('',(0.,1.,0.));
#8280 = PCURVE('',#956,#8281);
#8281 = DEFINITIONAL_REPRESENTATION('',(#8282),#8286);
#8282 = LINE('',#8283,#8284);
#8283 = CARTESIAN_POINT('',(0.,-0.989949493661));
#8284 = VECTOR('',#8285,1.);
#8285 = DIRECTION('',(1.,0.));
#8286 = ( GEOMETRIC_REPRESENTATION_CONTEXT(2) 
PARAMETRIC_REPRESENTATION_CONTEXT() REPRESENTATION_CONTEXT('2D SPACE',''
  ) );
#8287 = PCURVE('',#3896,#8288);
#8288 = DEFINITIONAL_REPRESENTATION('',(#8289),#8293);
#8289 = LINE('',#8290,#8291);
#8290 = CARTESIAN_POINT('',(204.6,0.));
#8291 = VECTOR('',#8292,1.);
#8292 = DIRECTION('',(0.,-1.));
#8293 = ( GEOMETRIC_REPRESENTATION_CONTEXT(2) 
PARAMETRIC_REPRESENTATION_CONTEXT() REPRESENTATION_CONTEXT('2D SPACE',''
  ) );
#8294 = ORIENTED_EDGE('',*,*,#8295,.T.);
#8295 = EDGE_CURVE('',#8273,#913,#8296,.T.);
#8296 = SURFACE_CURVE('',#8297,(#8301,#8308),.PCURVE_S1.);
#8297 = LINE('',#8298,#8299);
#8298 = CARTESIAN_POINT('',(55.7,6.25,153.8));
#8299 = VECTOR('',#8300,1.);
#8300 = DIRECTION('',(0.707106781187,-0.,0.707106781187));
#8301 = PCURVE('',#956,#8302);
#8302 = DEFINITIONAL_REPRESENTATION('',(#8303),#8307);
#8303 = LINE('',#8304,#8305);
#8304 = CARTESIAN_POINT('',(3.75,-72.83199846221));
#8305 = VECTOR('',#8306,1.);
#8306 = DIRECTION('',(0.,1.));
#8307 = ( GEOMETRIC_REPRESENTATION_CONTEXT(2) 
PARAMETRIC_REPRESENTATION_CONTEXT() REPRESENTATION_CONTEXT('2D SPACE',''
  ) );
#8308 = PCURVE('',#928,#8309);
#8309 = DEFINITIONAL_REPRESENTATION('',(#8310),#8314);
#8310 = LINE('',#8311,#8312);
#8311 = CARTESIAN_POINT('',(153.8,-50.8));
#8312 = VECTOR('',#8313,1.);
#8313 = DIRECTION('',(0.707106781187,0.707106781187));
#8314 = ( GEOMETRIC_REPRESENTATION_CONTEXT(2) 
PARAMETRIC_REPRESENTATION_CONTEXT() REPRESENTATION_CONTEXT('2D SPACE',''
  ) );
#8315 = ORIENTED_EDGE('',*,*,#940,.F.);
#8316 = ADVANCED_FACE('',(#8317),#928,.T.);
#8317 = FACE_BOUND('',#8318,.T.);
#8318 = EDGE_LOOP('',(#8319,#8344,#8365,#8386,#8387,#8388));
#8319 = ORIENTED_EDGE('',*,*,#8320,.F.);
#8320 = EDGE_CURVE('',#8321,#8323,#8325,.T.);
#8321 = VERTEX_POINT('',#8322);
#8322 = CARTESIAN_POINT('',(109.5,6.25,20.));
#8323 = VERTEX_POINT('',#8324);
#8324 = CARTESIAN_POINT('',(109.5,6.25,204.6));
#8325 = SURFACE_CURVE('',#8326,(#8330,#8337),.PCURVE_S1.);
#8326 = LINE('',#8327,#8328);
#8327 = CARTESIAN_POINT('',(109.5,6.25,0.));
#8328 = VECTOR('',#8329,1.);
#8329 = DIRECTION('',(0.,0.,1.));
#8330 = PCURVE('',#928,#8331);
#8331 = DEFINITIONAL_REPRESENTATION('',(#8332),#8336);
#8332 = LINE('',#8333,#8334);
#8333 = CARTESIAN_POINT('',(0.,3.));
#8334 = VECTOR('',#8335,1.);
#8335 = DIRECTION('',(1.,0.));
#8336 = ( GEOMETRIC_REPRESENTATION_CONTEXT(2) 
PARAMETRIC_REPRESENTATION_CONTEXT() REPRESENTATION_CONTEXT('2D SPACE',''
  ) );
#8337 = PCURVE('',#3952,#8338);
#8338 = DEFINITIONAL_REPRESENTATION('',(#8339),#8343);
#8339 = LINE('',#8340,#8341);
#8340 = CARTESIAN_POINT('',(0.,-3.75));
#8341 = VECTOR('',#8342,1.);
#8342 = DIRECTION('',(1.,0.));
#8343 = ( GEOMETRIC_REPRESENTATION_CONTEXT(2) 
PARAMETRIC_REPRESENTATION_CONTEXT() REPRESENTATION_CONTEXT('2D SPACE',''
  ) );
#8344 = ORIENTED_EDGE('',*,*,#8345,.F.);
#8345 = EDGE_CURVE('',#8346,#8321,#8348,.T.);
#8346 = VERTEX_POINT('',#8347);
#8347 = CARTESIAN_POINT('',(106.5,6.25,20.));
#8348 = SURFACE_CURVE('',#8349,(#8353,#8359),.PCURVE_S1.);
#8349 = LINE('',#8350,#8351);
#8350 = CARTESIAN_POINT('',(52.75,6.25,20.));
#8351 = VECTOR('',#8352,1.);
#8352 = DIRECTION('',(1.,0.,0.));
#8353 = PCURVE('',#928,#8354);
#8354 = DEFINITIONAL_REPRESENTATION('',(#8355),#8358);
#8355 = B_SPLINE_CURVE_WITH_KNOTS('',1,(#8356,#8357),.UNSPECIFIED.,.F.,
  .F.,(2,2),(53.75,56.75),.PIECEWISE_BEZIER_KNOTS.);
#8356 = CARTESIAN_POINT('',(20.,0.));
#8357 = CARTESIAN_POINT('',(20.,3.));
#8358 = ( GEOMETRIC_REPRESENTATION_CONTEXT(2) 
PARAMETRIC_REPRESENTATION_CONTEXT() REPRESENTATION_CONTEXT('2D SPACE',''
  ) );
#8359 = PCURVE('',#3924,#8360);
#8360 = DEFINITIONAL_REPRESENTATION('',(#8361),#8364);
#8361 = B_SPLINE_CURVE_WITH_KNOTS('',1,(#8362,#8363),.UNSPECIFIED.,.F.,
  .F.,(2,2),(53.75,56.75),.PIECEWISE_BEZIER_KNOTS.);
#8362 = CARTESIAN_POINT('',(107.5,3.75));
#8363 = CARTESIAN_POINT('',(110.5,3.75));
#8364 = ( GEOMETRIC_REPRESENTATION_CONTEXT(2) 
PARAMETRIC_REPRESENTATION_CONTEXT() REPRESENTATION_CONTEXT('2D SPACE',''
  ) );
#8365 = ORIENTED_EDGE('',*,*,#8366,.T.);
#8366 = EDGE_CURVE('',#8346,#8273,#8367,.T.);
#8367 = SURFACE_CURVE('',#8368,(#8372,#8379),.PCURVE_S1.);
#8368 = LINE('',#8369,#8370);
#8369 = CARTESIAN_POINT('',(106.5,6.25,0.));
#8370 = VECTOR('',#8371,1.);
#8371 = DIRECTION('',(0.,0.,1.));
#8372 = PCURVE('',#928,#8373);
#8373 = DEFINITIONAL_REPRESENTATION('',(#8374),#8378);
#8374 = LINE('',#8375,#8376);
#8375 = CARTESIAN_POINT('',(0.,0.));
#8376 = VECTOR('',#8377,1.);
#8377 = DIRECTION('',(1.,0.));
#8378 = ( GEOMETRIC_REPRESENTATION_CONTEXT(2) 
PARAMETRIC_REPRESENTATION_CONTEXT() REPRESENTATION_CONTEXT('2D SPACE',''
  ) );
#8379 = PCURVE('',#3896,#8380);
#8380 = DEFINITIONAL_REPRESENTATION('',(#8381),#8385);
#8381 = LINE('',#8382,#8383);
#8382 = CARTESIAN_POINT('',(0.,-3.75));
#8383 = VECTOR('',#8384,1.);
#8384 = DIRECTION('',(1.,0.));
#8385 = ( GEOMETRIC_REPRESENTATION_CONTEXT(2) 
PARAMETRIC_REPRESENTATION_CONTEXT() REPRESENTATION_CONTEXT('2D SPACE',''
  ) );
#8386 = ORIENTED_EDGE('',*,*,#8295,.T.);
#8387 = ORIENTED_EDGE('',*,*,#912,.T.);
#8388 = ORIENTED_EDGE('',*,*,#8389,.F.);
#8389 = EDGE_CURVE('',#8323,#885,#8390,.T.);
#8390 = SURFACE_CURVE('',#8391,(#8395,#8402),.PCURVE_S1.);
#8391 = LINE('',#8392,#8393);
#8392 = CARTESIAN_POINT('',(159.55,6.25,154.55));
#8393 = VECTOR('',#8394,1.);
#8394 = DIRECTION('',(-0.707106781187,0.,0.707106781187));
#8395 = PCURVE('',#928,#8396);
#8396 = DEFINITIONAL_REPRESENTATION('',(#8397),#8401);
#8397 = LINE('',#8398,#8399);
#8398 = CARTESIAN_POINT('',(154.55,53.05));
#8399 = VECTOR('',#8400,1.);
#8400 = DIRECTION('',(0.707106781187,-0.707106781187));
#8401 = ( GEOMETRIC_REPRESENTATION_CONTEXT(2) 
PARAMETRIC_REPRESENTATION_CONTEXT() REPRESENTATION_CONTEXT('2D SPACE',''
  ) );
#8402 = PCURVE('',#900,#8403);
#8403 = DEFINITIONAL_REPRESENTATION('',(#8404),#8408);
#8404 = LINE('',#8405,#8406);
#8405 = CARTESIAN_POINT('',(3.75,-71.77133829043));
#8406 = VECTOR('',#8407,1.);
#8407 = DIRECTION('',(0.,1.));
#8408 = ( GEOMETRIC_REPRESENTATION_CONTEXT(2) 
PARAMETRIC_REPRESENTATION_CONTEXT() REPRESENTATION_CONTEXT('2D SPACE',''
  ) );
#8409 = ADVANCED_FACE('',(#8410),#793,.T.);
#8410 = FACE_BOUND('',#8411,.T.);
#8411 = EDGE_LOOP('',(#8412,#8413,#8436,#8457));
#8412 = ORIENTED_EDGE('',*,*,#4093,.F.);
#8413 = ORIENTED_EDGE('',*,*,#8414,.T.);
#8414 = EDGE_CURVE('',#4066,#8415,#8417,.T.);
#8415 = VERTEX_POINT('',#8416);
#8416 = CARTESIAN_POINT('',(143.5,6.25,204.6));
#8417 = SURFACE_CURVE('',#8418,(#8422,#8429),.PCURVE_S1.);
#8418 = LINE('',#8419,#8420);
#8419 = CARTESIAN_POINT('',(143.5,2.5,204.6));
#8420 = VECTOR('',#8421,1.);
#8421 = DIRECTION('',(0.,1.,0.));
#8422 = PCURVE('',#793,#8423);
#8423 = DEFINITIONAL_REPRESENTATION('',(#8424),#8428);
#8424 = LINE('',#8425,#8426);
#8425 = CARTESIAN_POINT('',(0.,-0.989949493661));
#8426 = VECTOR('',#8427,1.);
#8427 = DIRECTION('',(1.,0.));
#8428 = ( GEOMETRIC_REPRESENTATION_CONTEXT(2) 
PARAMETRIC_REPRESENTATION_CONTEXT() REPRESENTATION_CONTEXT('2D SPACE',''
  ) );
#8429 = PCURVE('',#4081,#8430);
#8430 = DEFINITIONAL_REPRESENTATION('',(#8431),#8435);
#8431 = LINE('',#8432,#8433);
#8432 = CARTESIAN_POINT('',(204.6,0.));
#8433 = VECTOR('',#8434,1.);
#8434 = DIRECTION('',(0.,-1.));
#8435 = ( GEOMETRIC_REPRESENTATION_CONTEXT(2) 
PARAMETRIC_REPRESENTATION_CONTEXT() REPRESENTATION_CONTEXT('2D SPACE',''
  ) );
#8436 = ORIENTED_EDGE('',*,*,#8437,.T.);
#8437 = EDGE_CURVE('',#8415,#778,#8438,.T.);
#8438 = SURFACE_CURVE('',#8439,(#8443,#8450),.PCURVE_S1.);
#8439 = LINE('',#8440,#8441);
#8440 = CARTESIAN_POINT('',(193.55,6.25,154.55));
#8441 = VECTOR('',#8442,1.);
#8442 = DIRECTION('',(-0.707106781187,0.,0.707106781187));
#8443 = PCURVE('',#793,#8444);
#8444 = DEFINITIONAL_REPRESENTATION('',(#8445),#8449);
#8445 = LINE('',#8446,#8447);
#8446 = CARTESIAN_POINT('',(3.75,-71.77133829043));
#8447 = VECTOR('',#8448,1.);
#8448 = DIRECTION('',(0.,1.));
#8449 = ( GEOMETRIC_REPRESENTATION_CONTEXT(2) 
PARAMETRIC_REPRESENTATION_CONTEXT() REPRESENTATION_CONTEXT('2D SPACE',''
  ) );
#8450 = PCURVE('',#821,#8451);
#8451 = DEFINITIONAL_REPRESENTATION('',(#8452),#8456);
#8452 = LINE('',#8453,#8454);
#8453 = CARTESIAN_POINT('',(154.55,53.05));
#8454 = VECTOR('',#8455,1.);
#8455 = DIRECTION('',(0.707106781187,-0.707106781187));
#8456 = ( GEOMETRIC_REPRESENTATION_CONTEXT(2) 
PARAMETRIC_REPRESENTATION_CONTEXT() REPRESENTATION_CONTEXT('2D SPACE',''
  ) );
#8457 = ORIENTED_EDGE('',*,*,#777,.F.);
#8458 = ADVANCED_FACE('',(#8459),#900,.T.);
#8459 = FACE_BOUND('',#8460,.T.);
#8460 = EDGE_LOOP('',(#8461,#8462,#8483,#8484));
#8461 = ORIENTED_EDGE('',*,*,#3964,.F.);
#8462 = ORIENTED_EDGE('',*,*,#8463,.T.);
#8463 = EDGE_CURVE('',#3937,#8323,#8464,.T.);
#8464 = SURFACE_CURVE('',#8465,(#8469,#8476),.PCURVE_S1.);
#8465 = LINE('',#8466,#8467);
#8466 = CARTESIAN_POINT('',(109.5,2.5,204.6));
#8467 = VECTOR('',#8468,1.);
#8468 = DIRECTION('',(0.,1.,0.));
#8469 = PCURVE('',#900,#8470);
#8470 = DEFINITIONAL_REPRESENTATION('',(#8471),#8475);
#8471 = LINE('',#8472,#8473);
#8472 = CARTESIAN_POINT('',(0.,-0.989949493661));
#8473 = VECTOR('',#8474,1.);
#8474 = DIRECTION('',(1.,0.));
#8475 = ( GEOMETRIC_REPRESENTATION_CONTEXT(2) 
PARAMETRIC_REPRESENTATION_CONTEXT() REPRESENTATION_CONTEXT('2D SPACE',''
  ) );
#8476 = PCURVE('',#3952,#8477);
#8477 = DEFINITIONAL_REPRESENTATION('',(#8478),#8482);
#8478 = LINE('',#8479,#8480);
#8479 = CARTESIAN_POINT('',(204.6,0.));
#8480 = VECTOR('',#8481,1.);
#8481 = DIRECTION('',(0.,-1.));
#8482 = ( GEOMETRIC_REPRESENTATION_CONTEXT(2) 
PARAMETRIC_REPRESENTATION_CONTEXT() REPRESENTATION_CONTEXT('2D SPACE',''
  ) );
#8483 = ORIENTED_EDGE('',*,*,#8389,.T.);
#8484 = ORIENTED_EDGE('',*,*,#884,.F.);
#8485 = ADVANCED_FACE('',(#8486),#821,.T.);
#8486 = FACE_BOUND('',#8487,.T.);
#8487 = EDGE_LOOP('',(#8488,#8511,#8532,#8555,#8576,#8577));
#8488 = ORIENTED_EDGE('',*,*,#8489,.F.);
#8489 = EDGE_CURVE('',#8490,#8415,#8492,.T.);
#8490 = VERTEX_POINT('',#8491);
#8491 = CARTESIAN_POINT('',(143.5,6.25,20.));
#8492 = SURFACE_CURVE('',#8493,(#8497,#8504),.PCURVE_S1.);
#8493 = LINE('',#8494,#8495);
#8494 = CARTESIAN_POINT('',(143.5,6.25,0.));
#8495 = VECTOR('',#8496,1.);
#8496 = DIRECTION('',(0.,0.,1.));
#8497 = PCURVE('',#821,#8498);
#8498 = DEFINITIONAL_REPRESENTATION('',(#8499),#8503);
#8499 = LINE('',#8500,#8501);
#8500 = CARTESIAN_POINT('',(0.,3.));
#8501 = VECTOR('',#8502,1.);
#8502 = DIRECTION('',(1.,0.));
#8503 = ( GEOMETRIC_REPRESENTATION_CONTEXT(2) 
PARAMETRIC_REPRESENTATION_CONTEXT() REPRESENTATION_CONTEXT('2D SPACE',''
  ) );
#8504 = PCURVE('',#4081,#8505);
#8505 = DEFINITIONAL_REPRESENTATION('',(#8506),#8510);
#8506 = LINE('',#8507,#8508);
#8507 = CARTESIAN_POINT('',(0.,-3.75));
#8508 = VECTOR('',#8509,1.);
#8509 = DIRECTION('',(1.,0.));
#8510 = ( GEOMETRIC_REPRESENTATION_CONTEXT(2) 
PARAMETRIC_REPRESENTATION_CONTEXT() REPRESENTATION_CONTEXT('2D SPACE',''
  ) );
#8511 = ORIENTED_EDGE('',*,*,#8512,.F.);
#8512 = EDGE_CURVE('',#8513,#8490,#8515,.T.);
#8513 = VERTEX_POINT('',#8514);
#8514 = CARTESIAN_POINT('',(140.5,6.25,20.));
#8515 = SURFACE_CURVE('',#8516,(#8520,#8526),.PCURVE_S1.);
#8516 = LINE('',#8517,#8518);
#8517 = CARTESIAN_POINT('',(69.75,6.25,20.));
#8518 = VECTOR('',#8519,1.);
#8519 = DIRECTION('',(1.,0.,0.));
#8520 = PCURVE('',#821,#8521);
#8521 = DEFINITIONAL_REPRESENTATION('',(#8522),#8525);
#8522 = B_SPLINE_CURVE_WITH_KNOTS('',1,(#8523,#8524),.UNSPECIFIED.,.F.,
  .F.,(2,2),(70.75,73.75),.PIECEWISE_BEZIER_KNOTS.);
#8523 = CARTESIAN_POINT('',(20.,0.));
#8524 = CARTESIAN_POINT('',(20.,3.));
#8525 = ( GEOMETRIC_REPRESENTATION_CONTEXT(2) 
PARAMETRIC_REPRESENTATION_CONTEXT() REPRESENTATION_CONTEXT('2D SPACE',''
  ) );
#8526 = PCURVE('',#4053,#8527);
#8527 = DEFINITIONAL_REPRESENTATION('',(#8528),#8531);
#8528 = B_SPLINE_CURVE_WITH_KNOTS('',1,(#8529,#8530),.UNSPECIFIED.,.F.,
  .F.,(2,2),(70.75,73.75),.PIECEWISE_BEZIER_KNOTS.);
#8529 = CARTESIAN_POINT('',(141.5,3.75));
#8530 = CARTESIAN_POINT('',(144.5,3.75));
#8531 = ( GEOMETRIC_REPRESENTATION_CONTEXT(2) 
PARAMETRIC_REPRESENTATION_CONTEXT() REPRESENTATION_CONTEXT('2D SPACE',''
  ) );
#8532 = ORIENTED_EDGE('',*,*,#8533,.T.);
#8533 = EDGE_CURVE('',#8513,#8534,#8536,.T.);
#8534 = VERTEX_POINT('',#8535);
#8535 = CARTESIAN_POINT('',(140.5,6.25,204.6));
#8536 = SURFACE_CURVE('',#8537,(#8541,#8548),.PCURVE_S1.);
#8537 = LINE('',#8538,#8539);
#8538 = CARTESIAN_POINT('',(140.5,6.25,0.));
#8539 = VECTOR('',#8540,1.);
#8540 = DIRECTION('',(0.,0.,1.));
#8541 = PCURVE('',#821,#8542);
#8542 = DEFINITIONAL_REPRESENTATION('',(#8543),#8547);
#8543 = LINE('',#8544,#8545);
#8544 = CARTESIAN_POINT('',(0.,0.));
#8545 = VECTOR('',#8546,1.);
#8546 = DIRECTION('',(1.,0.));
#8547 = ( GEOMETRIC_REPRESENTATION_CONTEXT(2) 
PARAMETRIC_REPRESENTATION_CONTEXT() REPRESENTATION_CONTEXT('2D SPACE',''
  ) );
#8548 = PCURVE('',#4025,#8549);
#8549 = DEFINITIONAL_REPRESENTATION('',(#8550),#8554);
#8550 = LINE('',#8551,#8552);
#8551 = CARTESIAN_POINT('',(0.,-3.75));
#8552 = VECTOR('',#8553,1.);
#8553 = DIRECTION('',(1.,0.));
#8554 = ( GEOMETRIC_REPRESENTATION_CONTEXT(2) 
PARAMETRIC_REPRESENTATION_CONTEXT() REPRESENTATION_CONTEXT('2D SPACE',''
  ) );
#8555 = ORIENTED_EDGE('',*,*,#8556,.T.);
#8556 = EDGE_CURVE('',#8534,#806,#8557,.T.);
#8557 = SURFACE_CURVE('',#8558,(#8562,#8569),.PCURVE_S1.);
#8558 = LINE('',#8559,#8560);
#8559 = CARTESIAN_POINT('',(89.7,6.25,153.8));
#8560 = VECTOR('',#8561,1.);
#8561 = DIRECTION('',(0.707106781187,-0.,0.707106781187));
#8562 = PCURVE('',#821,#8563);
#8563 = DEFINITIONAL_REPRESENTATION('',(#8564),#8568);
#8564 = LINE('',#8565,#8566);
#8565 = CARTESIAN_POINT('',(153.8,-50.8));
#8566 = VECTOR('',#8567,1.);
#8567 = DIRECTION('',(0.707106781187,0.707106781187));
#8568 = ( GEOMETRIC_REPRESENTATION_CONTEXT(2) 
PARAMETRIC_REPRESENTATION_CONTEXT() REPRESENTATION_CONTEXT('2D SPACE',''
  ) );
#8569 = PCURVE('',#849,#8570);
#8570 = DEFINITIONAL_REPRESENTATION('',(#8571),#8575);
#8571 = LINE('',#8572,#8573);
#8572 = CARTESIAN_POINT('',(3.75,-72.83199846221));
#8573 = VECTOR('',#8574,1.);
#8574 = DIRECTION('',(0.,1.));
#8575 = ( GEOMETRIC_REPRESENTATION_CONTEXT(2) 
PARAMETRIC_REPRESENTATION_CONTEXT() REPRESENTATION_CONTEXT('2D SPACE',''
  ) );
#8576 = ORIENTED_EDGE('',*,*,#805,.T.);
#8577 = ORIENTED_EDGE('',*,*,#8437,.F.);
#8578 = ADVANCED_FACE('',(#8579),#849,.F.);
#8579 = FACE_BOUND('',#8580,.F.);
#8580 = EDGE_LOOP('',(#8581,#8582,#8603,#8604));
#8581 = ORIENTED_EDGE('',*,*,#3986,.F.);
#8582 = ORIENTED_EDGE('',*,*,#8583,.T.);
#8583 = EDGE_CURVE('',#3987,#8534,#8584,.T.);
#8584 = SURFACE_CURVE('',#8585,(#8589,#8596),.PCURVE_S1.);
#8585 = LINE('',#8586,#8587);
#8586 = CARTESIAN_POINT('',(140.5,2.5,204.6));
#8587 = VECTOR('',#8588,1.);
#8588 = DIRECTION('',(0.,1.,0.));
#8589 = PCURVE('',#849,#8590);
#8590 = DEFINITIONAL_REPRESENTATION('',(#8591),#8595);
#8591 = LINE('',#8592,#8593);
#8592 = CARTESIAN_POINT('',(0.,-0.989949493661));
#8593 = VECTOR('',#8594,1.);
#8594 = DIRECTION('',(1.,0.));
#8595 = ( GEOMETRIC_REPRESENTATION_CONTEXT(2) 
PARAMETRIC_REPRESENTATION_CONTEXT() REPRESENTATION_CONTEXT('2D SPACE',''
  ) );
#8596 = PCURVE('',#4025,#8597);
#8597 = DEFINITIONAL_REPRESENTATION('',(#8598),#8602);
#8598 = LINE('',#8599,#8600);
#8599 = CARTESIAN_POINT('',(204.6,0.));
#8600 = VECTOR('',#8601,1.);
#8601 = DIRECTION('',(0.,-1.));
#8602 = ( GEOMETRIC_REPRESENTATION_CONTEXT(2) 
PARAMETRIC_REPRESENTATION_CONTEXT() REPRESENTATION_CONTEXT('2D SPACE',''
  ) );
#8603 = ORIENTED_EDGE('',*,*,#8556,.T.);
#8604 = ORIENTED_EDGE('',*,*,#833,.F.);
#8605 = ADVANCED_FACE('',(#8606),#1373,.T.);
#8606 = FACE_BOUND('',#8607,.T.);
#8607 = EDGE_LOOP('',(#8608,#8631,#8658,#8659));
#8608 = ORIENTED_EDGE('',*,*,#8609,.T.);
#8609 = EDGE_CURVE('',#1353,#8610,#8612,.T.);
#8610 = VERTEX_POINT('',#8611);
#8611 = CARTESIAN_POINT('',(5.75,9.25,45.));
#8612 = SEAM_CURVE('',#8613,(#8617,#8624),.PCURVE_S1.);
#8613 = LINE('',#8614,#8615);
#8614 = CARTESIAN_POINT('',(5.75,6.25,45.));
#8615 = VECTOR('',#8616,1.);
#8616 = DIRECTION('',(-0.,1.,-0.));
#8617 = PCURVE('',#1373,#8618);
#8618 = DEFINITIONAL_REPRESENTATION('',(#8619),#8623);
#8619 = LINE('',#8620,#8621);
#8620 = CARTESIAN_POINT('',(0.,0.));
#8621 = VECTOR('',#8622,1.);
#8622 = DIRECTION('',(0.,-1.));
#8623 = ( GEOMETRIC_REPRESENTATION_CONTEXT(2) 
PARAMETRIC_REPRESENTATION_CONTEXT() REPRESENTATION_CONTEXT('2D SPACE',''
  ) );
#8624 = PCURVE('',#1373,#8625);
#8625 = DEFINITIONAL_REPRESENTATION('',(#8626),#8630);
#8626 = LINE('',#8627,#8628);
#8627 = CARTESIAN_POINT('',(6.28318530718,0.));
#8628 = VECTOR('',#8629,1.);
#8629 = DIRECTION('',(0.,-1.));
#8630 = ( GEOMETRIC_REPRESENTATION_CONTEXT(2) 
PARAMETRIC_REPRESENTATION_CONTEXT() REPRESENTATION_CONTEXT('2D SPACE',''
  ) );
#8631 = ORIENTED_EDGE('',*,*,#8632,.T.);
#8632 = EDGE_CURVE('',#8610,#8610,#8633,.T.);
#8633 = SURFACE_CURVE('',#8634,(#8639,#8646),.PCURVE_S1.);
#8634 = CIRCLE('',#8635,2.);
#8635 = AXIS2_PLACEMENT_3D('',#8636,#8637,#8638);
#8636 = CARTESIAN_POINT('',(3.75,9.25,45.));
#8637 = DIRECTION('',(0.,-1.,-0.));
#8638 = DIRECTION('',(1.,0.,0.));
#8639 = PCURVE('',#1373,#8640);
#8640 = DEFINITIONAL_REPRESENTATION('',(#8641),#8645);
#8641 = LINE('',#8642,#8643);
#8642 = CARTESIAN_POINT('',(0.,-3.));
#8643 = VECTOR('',#8644,1.);
#8644 = DIRECTION('',(1.,0.));
#8645 = ( GEOMETRIC_REPRESENTATION_CONTEXT(2) 
PARAMETRIC_REPRESENTATION_CONTEXT() REPRESENTATION_CONTEXT('2D SPACE',''
  ) );
#8646 = PCURVE('',#8647,#8652);
#8647 = CONICAL_SURFACE('',#8648,2.,0.785398163397);
#8648 = AXIS2_PLACEMENT_3D('',#8649,#8650,#8651);
#8649 = CARTESIAN_POINT('',(3.75,9.25,45.));
#8650 = DIRECTION('',(0.,-1.,-0.));
#8651 = DIRECTION('',(1.,0.,0.));
#8652 = DEFINITIONAL_REPRESENTATION('',(#8653),#8657);
#8653 = LINE('',#8654,#8655);
#8654 = CARTESIAN_POINT('',(0.,-0.));
#8655 = VECTOR('',#8656,1.);
#8656 = DIRECTION('',(1.,-0.));
#8657 = ( GEOMETRIC_REPRESENTATION_CONTEXT(2) 
PARAMETRIC_REPRESENTATION_CONTEXT() REPRESENTATION_CONTEXT('2D SPACE',''
  ) );
#8658 = ORIENTED_EDGE('',*,*,#8609,.F.);
#8659 = ORIENTED_EDGE('',*,*,#1352,.F.);
#8660 = ADVANCED_FACE('',(#8661),#1408,.T.);
#8661 = FACE_BOUND('',#8662,.T.);
#8662 = EDGE_LOOP('',(#8663,#8686,#8713,#8714));
#8663 = ORIENTED_EDGE('',*,*,#8664,.T.);
#8664 = EDGE_CURVE('',#1388,#8665,#8667,.T.);
#8665 = VERTEX_POINT('',#8666);
#8666 = CARTESIAN_POINT('',(5.75,9.25,105.));
#8667 = SEAM_CURVE('',#8668,(#8672,#8679),.PCURVE_S1.);
#8668 = LINE('',#8669,#8670);
#8669 = CARTESIAN_POINT('',(5.75,6.25,105.));
#8670 = VECTOR('',#8671,1.);
#8671 = DIRECTION('',(-0.,1.,-0.));
#8672 = PCURVE('',#1408,#8673);
#8673 = DEFINITIONAL_REPRESENTATION('',(#8674),#8678);
#8674 = LINE('',#8675,#8676);
#8675 = CARTESIAN_POINT('',(0.,0.));
#8676 = VECTOR('',#8677,1.);
#8677 = DIRECTION('',(0.,-1.));
#8678 = ( GEOMETRIC_REPRESENTATION_CONTEXT(2) 
PARAMETRIC_REPRESENTATION_CONTEXT() REPRESENTATION_CONTEXT('2D SPACE',''
  ) );
#8679 = PCURVE('',#1408,#8680);
#8680 = DEFINITIONAL_REPRESENTATION('',(#8681),#8685);
#8681 = LINE('',#8682,#8683);
#8682 = CARTESIAN_POINT('',(6.28318530718,0.));
#8683 = VECTOR('',#8684,1.);
#8684 = DIRECTION('',(0.,-1.));
#8685 = ( GEOMETRIC_REPRESENTATION_CONTEXT(2) 
PARAMETRIC_REPRESENTATION_CONTEXT() REPRESENTATION_CONTEXT('2D SPACE',''
  ) );
#8686 = ORIENTED_EDGE('',*,*,#8687,.T.);
#8687 = EDGE_CURVE('',#8665,#8665,#8688,.T.);
#8688 = SURFACE_CURVE('',#8689,(#8694,#8701),.PCURVE_S1.);
#8689 = CIRCLE('',#8690,2.);
#8690 = AXIS2_PLACEMENT_3D('',#8691,#8692,#8693);
#8691 = CARTESIAN_POINT('',(3.75,9.25,105.));
#8692 = DIRECTION('',(0.,-1.,-0.));
#8693 = DIRECTION('',(1.,0.,0.));
#8694 = PCURVE('',#1408,#8695);
#8695 = DEFINITIONAL_REPRESENTATION('',(#8696),#8700);
#8696 = LINE('',#8697,#8698);
#8697 = CARTESIAN_POINT('',(0.,-3.));
#8698 = VECTOR('',#8699,1.);
#8699 = DIRECTION('',(1.,0.));
#8700 = ( GEOMETRIC_REPRESENTATION_CONTEXT(2) 
PARAMETRIC_REPRESENTATION_CONTEXT() REPRESENTATION_CONTEXT('2D SPACE',''
  ) );
#8701 = PCURVE('',#8702,#8707);
#8702 = CONICAL_SURFACE('',#8703,2.,0.785398163397);
#8703 = AXIS2_PLACEMENT_3D('',#8704,#8705,#8706);
#8704 = CARTESIAN_POINT('',(3.75,9.25,105.));
#8705 = DIRECTION('',(0.,-1.,-0.));
#8706 = DIRECTION('',(1.,0.,0.));
#8707 = DEFINITIONAL_REPRESENTATION('',(#8708),#8712);
#8708 = LINE('',#8709,#8710);
#8709 = CARTESIAN_POINT('',(0.,-0.));
#8710 = VECTOR('',#8711,1.);
#8711 = DIRECTION('',(1.,-0.));
#8712 = ( GEOMETRIC_REPRESENTATION_CONTEXT(2) 
PARAMETRIC_REPRESENTATION_CONTEXT() REPRESENTATION_CONTEXT('2D SPACE',''
  ) );
#8713 = ORIENTED_EDGE('',*,*,#8664,.F.);
#8714 = ORIENTED_EDGE('',*,*,#1387,.F.);
#8715 = ADVANCED_FACE('',(#8716),#1443,.T.);
#8716 = FACE_BOUND('',#8717,.T.);
#8717 = EDGE_LOOP('',(#8718,#8741,#8768,#8769));
#8718 = ORIENTED_EDGE('',*,*,#8719,.T.);
#8719 = EDGE_CURVE('',#1423,#8720,#8722,.T.);
#8720 = VERTEX_POINT('',#8721);
#8721 = CARTESIAN_POINT('',(5.75,9.25,165.));
#8722 = SEAM_CURVE('',#8723,(#8727,#8734),.PCURVE_S1.);
#8723 = LINE('',#8724,#8725);
#8724 = CARTESIAN_POINT('',(5.75,6.25,165.));
#8725 = VECTOR('',#8726,1.);
#8726 = DIRECTION('',(-0.,1.,-0.));
#8727 = PCURVE('',#1443,#8728);
#8728 = DEFINITIONAL_REPRESENTATION('',(#8729),#8733);
#8729 = LINE('',#8730,#8731);
#8730 = CARTESIAN_POINT('',(0.,0.));
#8731 = VECTOR('',#8732,1.);
#8732 = DIRECTION('',(0.,-1.));
#8733 = ( GEOMETRIC_REPRESENTATION_CONTEXT(2) 
PARAMETRIC_REPRESENTATION_CONTEXT() REPRESENTATION_CONTEXT('2D SPACE',''
  ) );
#8734 = PCURVE('',#1443,#8735);
#8735 = DEFINITIONAL_REPRESENTATION('',(#8736),#8740);
#8736 = LINE('',#8737,#8738);
#8737 = CARTESIAN_POINT('',(6.28318530718,0.));
#8738 = VECTOR('',#8739,1.);
#8739 = DIRECTION('',(0.,-1.));
#8740 = ( GEOMETRIC_REPRESENTATION_CONTEXT(2) 
PARAMETRIC_REPRESENTATION_CONTEXT() REPRESENTATION_CONTEXT('2D SPACE',''
  ) );
#8741 = ORIENTED_EDGE('',*,*,#8742,.T.);
#8742 = EDGE_CURVE('',#8720,#8720,#8743,.T.);
#8743 = SURFACE_CURVE('',#8744,(#8749,#8756),.PCURVE_S1.);
#8744 = CIRCLE('',#8745,2.);
#8745 = AXIS2_PLACEMENT_3D('',#8746,#8747,#8748);
#8746 = CARTESIAN_POINT('',(3.75,9.25,165.));
#8747 = DIRECTION('',(0.,-1.,-0.));
#8748 = DIRECTION('',(1.,0.,0.));
#8749 = PCURVE('',#1443,#8750);
#8750 = DEFINITIONAL_REPRESENTATION('',(#8751),#8755);
#8751 = LINE('',#8752,#8753);
#8752 = CARTESIAN_POINT('',(0.,-3.));
#8753 = VECTOR('',#8754,1.);
#8754 = DIRECTION('',(1.,0.));
#8755 = ( GEOMETRIC_REPRESENTATION_CONTEXT(2) 
PARAMETRIC_REPRESENTATION_CONTEXT() REPRESENTATION_CONTEXT('2D SPACE',''
  ) );
#8756 = PCURVE('',#8757,#8762);
#8757 = CONICAL_SURFACE('',#8758,2.,0.785398163397);
#8758 = AXIS2_PLACEMENT_3D('',#8759,#8760,#8761);
#8759 = CARTESIAN_POINT('',(3.75,9.25,165.));
#8760 = DIRECTION('',(0.,-1.,-0.));
#8761 = DIRECTION('',(1.,0.,0.));
#8762 = DEFINITIONAL_REPRESENTATION('',(#8763),#8767);
#8763 = LINE('',#8764,#8765);
#8764 = CARTESIAN_POINT('',(0.,-0.));
#8765 = VECTOR('',#8766,1.);
#8766 = DIRECTION('',(1.,-0.));
#8767 = ( GEOMETRIC_REPRESENTATION_CONTEXT(2) 
PARAMETRIC_REPRESENTATION_CONTEXT() REPRESENTATION_CONTEXT('2D SPACE',''
  ) );
#8768 = ORIENTED_EDGE('',*,*,#8719,.F.);
#8769 = ORIENTED_EDGE('',*,*,#1422,.F.);
#8770 = ADVANCED_FACE('',(#8771),#1478,.T.);
#8771 = FACE_BOUND('',#8772,.T.);
#8772 = EDGE_LOOP('',(#8773,#8796,#8823,#8824));
#8773 = ORIENTED_EDGE('',*,*,#8774,.T.);
#8774 = EDGE_CURVE('',#1458,#8775,#8777,.T.);
#8775 = VERTEX_POINT('',#8776);
#8776 = CARTESIAN_POINT('',(5.75,9.25,198.));
#8777 = SEAM_CURVE('',#8778,(#8782,#8789),.PCURVE_S1.);
#8778 = LINE('',#8779,#8780);
#8779 = CARTESIAN_POINT('',(5.75,6.25,198.));
#8780 = VECTOR('',#8781,1.);
#8781 = DIRECTION('',(-0.,1.,-0.));
#8782 = PCURVE('',#1478,#8783);
#8783 = DEFINITIONAL_REPRESENTATION('',(#8784),#8788);
#8784 = LINE('',#8785,#8786);
#8785 = CARTESIAN_POINT('',(0.,0.));
#8786 = VECTOR('',#8787,1.);
#8787 = DIRECTION('',(0.,-1.));
#8788 = ( GEOMETRIC_REPRESENTATION_CONTEXT(2) 
PARAMETRIC_REPRESENTATION_CONTEXT() REPRESENTATION_CONTEXT('2D SPACE',''
  ) );
#8789 = PCURVE('',#1478,#8790);
#8790 = DEFINITIONAL_REPRESENTATION('',(#8791),#8795);
#8791 = LINE('',#8792,#8793);
#8792 = CARTESIAN_POINT('',(6.28318530718,0.));
#8793 = VECTOR('',#8794,1.);
#8794 = DIRECTION('',(0.,-1.));
#8795 = ( GEOMETRIC_REPRESENTATION_CONTEXT(2) 
PARAMETRIC_REPRESENTATION_CONTEXT() REPRESENTATION_CONTEXT('2D SPACE',''
  ) );
#8796 = ORIENTED_EDGE('',*,*,#8797,.T.);
#8797 = EDGE_CURVE('',#8775,#8775,#8798,.T.);
#8798 = SURFACE_CURVE('',#8799,(#8804,#8811),.PCURVE_S1.);
#8799 = CIRCLE('',#8800,2.);
#8800 = AXIS2_PLACEMENT_3D('',#8801,#8802,#8803);
#8801 = CARTESIAN_POINT('',(3.75,9.25,198.));
#8802 = DIRECTION('',(0.,-1.,-0.));
#8803 = DIRECTION('',(1.,0.,0.));
#8804 = PCURVE('',#1478,#8805);
#8805 = DEFINITIONAL_REPRESENTATION('',(#8806),#8810);
#8806 = LINE('',#8807,#8808);
#8807 = CARTESIAN_POINT('',(0.,-3.));
#8808 = VECTOR('',#8809,1.);
#8809 = DIRECTION('',(1.,0.));
#8810 = ( GEOMETRIC_REPRESENTATION_CONTEXT(2) 
PARAMETRIC_REPRESENTATION_CONTEXT() REPRESENTATION_CONTEXT('2D SPACE',''
  ) );
#8811 = PCURVE('',#8812,#8817);
#8812 = CONICAL_SURFACE('',#8813,2.,0.785398163397);
#8813 = AXIS2_PLACEMENT_3D('',#8814,#8815,#8816);
#8814 = CARTESIAN_POINT('',(3.75,9.25,198.));
#8815 = DIRECTION('',(0.,-1.,-0.));
#8816 = DIRECTION('',(1.,0.,0.));
#8817 = DEFINITIONAL_REPRESENTATION('',(#8818),#8822);
#8818 = LINE('',#8819,#8820);
#8819 = CARTESIAN_POINT('',(0.,-0.));
#8820 = VECTOR('',#8821,1.);
#8821 = DIRECTION('',(1.,-0.));
#8822 = ( GEOMETRIC_REPRESENTATION_CONTEXT(2) 
PARAMETRIC_REPRESENTATION_CONTEXT() REPRESENTATION_CONTEXT('2D SPACE',''
  ) );
#8823 = ORIENTED_EDGE('',*,*,#8774,.F.);
#8824 = ORIENTED_EDGE('',*,*,#1457,.F.);
#8825 = ADVANCED_FACE('',(#8826),#1531,.F.);
#8826 = FACE_BOUND('',#8827,.T.);
#8827 = EDGE_LOOP('',(#8828,#8829,#8830,#8856));
#8828 = ORIENTED_EDGE('',*,*,#7206,.F.);
#8829 = ORIENTED_EDGE('',*,*,#1516,.T.);
#8830 = ORIENTED_EDGE('',*,*,#8831,.T.);
#8831 = EDGE_CURVE('',#1517,#1543,#8832,.T.);
#8832 = SURFACE_CURVE('',#8833,(#8838,#8845),.PCURVE_S1.);
#8833 = CIRCLE('',#8834,0.7);
#8834 = AXIS2_PLACEMENT_3D('',#8835,#8836,#8837);
#8835 = CARTESIAN_POINT('',(243.5,-0.3,185.));
#8836 = DIRECTION('',(-1.,0.,0.));
#8837 = DIRECTION('',(0.,0.428571428571,0.903507902905));
#8838 = PCURVE('',#1531,#8839);
#8839 = DEFINITIONAL_REPRESENTATION('',(#8840),#8844);
#8840 = LINE('',#8841,#8842);
#8841 = CARTESIAN_POINT('',(-7.411070589901,-244.5));
#8842 = VECTOR('',#8843,1.);
#8843 = DIRECTION('',(1.,-0.));
#8844 = ( GEOMETRIC_REPRESENTATION_CONTEXT(2) 
PARAMETRIC_REPRESENTATION_CONTEXT() REPRESENTATION_CONTEXT('2D SPACE',''
  ) );
#8845 = PCURVE('',#1557,#8846);
#8846 = DEFINITIONAL_REPRESENTATION('',(#8847),#8855);
#8847 = ( BOUNDED_CURVE() B_SPLINE_CURVE(2,(#8848,#8849,#8850,#8851,
#8852,#8853,#8854),.UNSPECIFIED.,.T.,.F.) B_SPLINE_CURVE_WITH_KNOTS((1,2
    ,2,2,2,1),(-2.094395102393,0.,2.094395102393,4.188790204786,
6.28318530718,8.377580409573),.UNSPECIFIED.) CURVE() 
GEOMETRIC_REPRESENTATION_ITEM() RATIONAL_B_SPLINE_CURVE((1.,0.5,1.,0.5,
1.,0.5,1.)) REPRESENTATION_ITEM('') );
#8848 = CARTESIAN_POINT('',(3.132455532034,-2.5));
#8849 = CARTESIAN_POINT('',(2.612840289763,-3.59544511501));
#8850 = CARTESIAN_POINT('',(1.923964612848,-2.597722557505));
#8851 = CARTESIAN_POINT('',(1.235088935933,-1.6));
#8852 = CARTESIAN_POINT('',(2.443579855118,-1.502277442495));
#8853 = CARTESIAN_POINT('',(3.652070774304,-1.40455488499));
#8854 = CARTESIAN_POINT('',(3.132455532034,-2.5));
#8855 = ( GEOMETRIC_REPRESENTATION_CONTEXT(2) 
PARAMETRIC_REPRESENTATION_CONTEXT() REPRESENTATION_CONTEXT('2D SPACE',''
  ) );
#8856 = ORIENTED_EDGE('',*,*,#1568,.F.);
#8857 = ADVANCED_FACE('',(#8858),#1557,.T.);
#8858 = FACE_BOUND('',#8859,.T.);
#8859 = EDGE_LOOP('',(#8860,#8861));
#8860 = ORIENTED_EDGE('',*,*,#1542,.T.);
#8861 = ORIENTED_EDGE('',*,*,#8831,.F.);
#8862 = ADVANCED_FACE('',(#8863),#1996,.F.);
#8863 = FACE_BOUND('',#8864,.F.);
#8864 = EDGE_LOOP('',(#8865,#8866));
#8865 = ORIENTED_EDGE('',*,*,#3548,.T.);
#8866 = ORIENTED_EDGE('',*,*,#1981,.T.);
#8867 = ADVANCED_FACE('',(#8868),#1627,.F.);
#8868 = FACE_BOUND('',#8869,.T.);
#8869 = EDGE_LOOP('',(#8870,#8871,#8872,#8898));
#8870 = ORIENTED_EDGE('',*,*,#7233,.F.);
#8871 = ORIENTED_EDGE('',*,*,#1612,.T.);
#8872 = ORIENTED_EDGE('',*,*,#8873,.T.);
#8873 = EDGE_CURVE('',#1613,#1639,#8874,.T.);
#8874 = SURFACE_CURVE('',#8875,(#8880,#8887),.PCURVE_S1.);
#8875 = CIRCLE('',#8876,0.7);
#8876 = AXIS2_PLACEMENT_3D('',#8877,#8878,#8879);
#8877 = CARTESIAN_POINT('',(243.5,-0.3,130.));
#8878 = DIRECTION('',(-1.,0.,0.));
#8879 = DIRECTION('',(0.,0.428571428571,0.903507902905));
#8880 = PCURVE('',#1627,#8881);
#8881 = DEFINITIONAL_REPRESENTATION('',(#8882),#8886);
#8882 = LINE('',#8883,#8884);
#8883 = CARTESIAN_POINT('',(-7.411070589901,-244.5));
#8884 = VECTOR('',#8885,1.);
#8885 = DIRECTION('',(1.,-0.));
#8886 = ( GEOMETRIC_REPRESENTATION_CONTEXT(2) 
PARAMETRIC_REPRESENTATION_CONTEXT() REPRESENTATION_CONTEXT('2D SPACE',''
  ) );
#8887 = PCURVE('',#1653,#8888);
#8888 = DEFINITIONAL_REPRESENTATION('',(#8889),#8897);
#8889 = ( BOUNDED_CURVE() B_SPLINE_CURVE(2,(#8890,#8891,#8892,#8893,
#8894,#8895,#8896),.UNSPECIFIED.,.T.,.F.) B_SPLINE_CURVE_WITH_KNOTS((1,2
    ,2,2,2,1),(-2.094395102393,0.,2.094395102393,4.188790204786,
6.28318530718,8.377580409573),.UNSPECIFIED.) CURVE() 
GEOMETRIC_REPRESENTATION_ITEM() RATIONAL_B_SPLINE_CURVE((1.,0.5,1.,0.5,
1.,0.5,1.)) REPRESENTATION_ITEM('') );
#8890 = CARTESIAN_POINT('',(3.132455532034,-2.5));
#8891 = CARTESIAN_POINT('',(2.612840289763,-3.59544511501));
#8892 = CARTESIAN_POINT('',(1.923964612848,-2.597722557505));
#8893 = CARTESIAN_POINT('',(1.235088935933,-1.6));
#8894 = CARTESIAN_POINT('',(2.443579855118,-1.502277442495));
#8895 = CARTESIAN_POINT('',(3.652070774304,-1.40455488499));
#8896 = CARTESIAN_POINT('',(3.132455532034,-2.5));
#8897 = ( GEOMETRIC_REPRESENTATION_CONTEXT(2) 
PARAMETRIC_REPRESENTATION_CONTEXT() REPRESENTATION_CONTEXT('2D SPACE',''
  ) );
#8898 = ORIENTED_EDGE('',*,*,#1664,.F.);
#8899 = ADVANCED_FACE('',(#8900),#1653,.T.);
#8900 = FACE_BOUND('',#8901,.T.);
#8901 = EDGE_LOOP('',(#8902,#8903));
#8902 = ORIENTED_EDGE('',*,*,#1638,.T.);
#8903 = ORIENTED_EDGE('',*,*,#8873,.F.);
#8904 = ADVANCED_FACE('',(#8905),#1929,.F.);
#8905 = FACE_BOUND('',#8906,.F.);
#8906 = EDGE_LOOP('',(#8907,#8908));
#8907 = ORIENTED_EDGE('',*,*,#6525,.T.);
#8908 = ORIENTED_EDGE('',*,*,#1914,.T.);
#8909 = ADVANCED_FACE('',(#8910),#1723,.F.);
#8910 = FACE_BOUND('',#8911,.T.);
#8911 = EDGE_LOOP('',(#8912,#8913,#8914,#8940));
#8912 = ORIENTED_EDGE('',*,*,#7260,.F.);
#8913 = ORIENTED_EDGE('',*,*,#1708,.T.);
#8914 = ORIENTED_EDGE('',*,*,#8915,.T.);
#8915 = EDGE_CURVE('',#1709,#1735,#8916,.T.);
#8916 = SURFACE_CURVE('',#8917,(#8922,#8929),.PCURVE_S1.);
#8917 = CIRCLE('',#8918,0.7);
#8918 = AXIS2_PLACEMENT_3D('',#8919,#8920,#8921);
#8919 = CARTESIAN_POINT('',(243.5,-0.3,80.));
#8920 = DIRECTION('',(-1.,0.,0.));
#8921 = DIRECTION('',(0.,0.428571428571,0.903507902905));
#8922 = PCURVE('',#1723,#8923);
#8923 = DEFINITIONAL_REPRESENTATION('',(#8924),#8928);
#8924 = LINE('',#8925,#8926);
#8925 = CARTESIAN_POINT('',(-7.411070589901,-244.5));
#8926 = VECTOR('',#8927,1.);
#8927 = DIRECTION('',(1.,-0.));
#8928 = ( GEOMETRIC_REPRESENTATION_CONTEXT(2) 
PARAMETRIC_REPRESENTATION_CONTEXT() REPRESENTATION_CONTEXT('2D SPACE',''
  ) );
#8929 = PCURVE('',#1749,#8930);
#8930 = DEFINITIONAL_REPRESENTATION('',(#8931),#8939);
#8931 = ( BOUNDED_CURVE() B_SPLINE_CURVE(2,(#8932,#8933,#8934,#8935,
#8936,#8937,#8938),.UNSPECIFIED.,.T.,.F.) B_SPLINE_CURVE_WITH_KNOTS((1,2
    ,2,2,2,1),(-2.094395102393,0.,2.094395102393,4.188790204786,
6.28318530718,8.377580409573),.UNSPECIFIED.) CURVE() 
GEOMETRIC_REPRESENTATION_ITEM() RATIONAL_B_SPLINE_CURVE((1.,0.5,1.,0.5,
1.,0.5,1.)) REPRESENTATION_ITEM('') );
#8932 = CARTESIAN_POINT('',(3.132455532034,-2.5));
#8933 = CARTESIAN_POINT('',(2.612840289763,-3.59544511501));
#8934 = CARTESIAN_POINT('',(1.923964612848,-2.597722557505));
#8935 = CARTESIAN_POINT('',(1.235088935933,-1.6));
#8936 = CARTESIAN_POINT('',(2.443579855118,-1.502277442495));
#8937 = CARTESIAN_POINT('',(3.652070774304,-1.40455488499));
#8938 = CARTESIAN_POINT('',(3.132455532034,-2.5));
#8939 = ( GEOMETRIC_REPRESENTATION_CONTEXT(2) 
PARAMETRIC_REPRESENTATION_CONTEXT() REPRESENTATION_CONTEXT('2D SPACE',''
  ) );
#8940 = ORIENTED_EDGE('',*,*,#1760,.F.);
#8941 = ADVANCED_FACE('',(#8942),#1749,.T.);
#8942 = FACE_BOUND('',#8943,.T.);
#8943 = EDGE_LOOP('',(#8944,#8945));
#8944 = ORIENTED_EDGE('',*,*,#1734,.T.);
#8945 = ORIENTED_EDGE('',*,*,#8915,.F.);
#8946 = ADVANCED_FACE('',(#8947),#1862,.F.);
#8947 = FACE_BOUND('',#8948,.F.);
#8948 = EDGE_LOOP('',(#8949,#8950));
#8949 = ORIENTED_EDGE('',*,*,#7175,.T.);
#8950 = ORIENTED_EDGE('',*,*,#1847,.T.);
#8951 = ADVANCED_FACE('',(#8952),#2051,.F.);
#8952 = FACE_BOUND('',#8953,.F.);
#8953 = EDGE_LOOP('',(#8954,#8955,#8976,#8977));
#8954 = ORIENTED_EDGE('',*,*,#2030,.F.);
#8955 = ORIENTED_EDGE('',*,*,#8956,.T.);
#8956 = EDGE_CURVE('',#2031,#5250,#8957,.T.);
#8957 = SEAM_CURVE('',#8958,(#8962,#8969),.PCURVE_S1.);
#8958 = LINE('',#8959,#8960);
#8959 = CARTESIAN_POINT('',(35.5,-12.5,34.5));
#8960 = VECTOR('',#8961,1.);
#8961 = DIRECTION('',(-0.,1.,-0.));
#8962 = PCURVE('',#2051,#8963);
#8963 = DEFINITIONAL_REPRESENTATION('',(#8964),#8968);
#8964 = LINE('',#8965,#8966);
#8965 = CARTESIAN_POINT('',(6.28318530718,0.));
#8966 = VECTOR('',#8967,1.);
#8967 = DIRECTION('',(0.,-1.));
#8968 = ( GEOMETRIC_REPRESENTATION_CONTEXT(2) 
PARAMETRIC_REPRESENTATION_CONTEXT() REPRESENTATION_CONTEXT('2D SPACE',''
  ) );
#8969 = PCURVE('',#2051,#8970);
#8970 = DEFINITIONAL_REPRESENTATION('',(#8971),#8975);
#8971 = LINE('',#8972,#8973);
#8972 = CARTESIAN_POINT('',(0.,0.));
#8973 = VECTOR('',#8974,1.);
#8974 = DIRECTION('',(0.,-1.));
#8975 = ( GEOMETRIC_REPRESENTATION_CONTEXT(2) 
PARAMETRIC_REPRESENTATION_CONTEXT() REPRESENTATION_CONTEXT('2D SPACE',''
  ) );
#8976 = ORIENTED_EDGE('',*,*,#5249,.T.);
#8977 = ORIENTED_EDGE('',*,*,#8956,.F.);
#8978 = ADVANCED_FACE('',(#8979),#2086,.F.);
#8979 = FACE_BOUND('',#8980,.F.);
#8980 = EDGE_LOOP('',(#8981,#8982,#9003,#9004));
#8981 = ORIENTED_EDGE('',*,*,#2065,.F.);
#8982 = ORIENTED_EDGE('',*,*,#8983,.T.);
#8983 = EDGE_CURVE('',#2066,#5280,#8984,.T.);
#8984 = SEAM_CURVE('',#8985,(#8989,#8996),.PCURVE_S1.);
#8985 = LINE('',#8986,#8987);
#8986 = CARTESIAN_POINT('',(35.5,-12.5,63.5));
#8987 = VECTOR('',#8988,1.);
#8988 = DIRECTION('',(-0.,1.,-0.));
#8989 = PCURVE('',#2086,#8990);
#8990 = DEFINITIONAL_REPRESENTATION('',(#8991),#8995);
#8991 = LINE('',#8992,#8993);
#8992 = CARTESIAN_POINT('',(6.28318530718,0.));
#8993 = VECTOR('',#8994,1.);
#8994 = DIRECTION('',(0.,-1.));
#8995 = ( GEOMETRIC_REPRESENTATION_CONTEXT(2) 
PARAMETRIC_REPRESENTATION_CONTEXT() REPRESENTATION_CONTEXT('2D SPACE',''
  ) );
#8996 = PCURVE('',#2086,#8997);
#8997 = DEFINITIONAL_REPRESENTATION('',(#8998),#9002);
#8998 = LINE('',#8999,#9000);
#8999 = CARTESIAN_POINT('',(0.,0.));
#9000 = VECTOR('',#9001,1.);
#9001 = DIRECTION('',(0.,-1.));
#9002 = ( GEOMETRIC_REPRESENTATION_CONTEXT(2) 
PARAMETRIC_REPRESENTATION_CONTEXT() REPRESENTATION_CONTEXT('2D SPACE',''
  ) );
#9003 = ORIENTED_EDGE('',*,*,#5279,.T.);
#9004 = ORIENTED_EDGE('',*,*,#8983,.F.);
#9005 = ADVANCED_FACE('',(#9006),#2121,.F.);
#9006 = FACE_BOUND('',#9007,.F.);
#9007 = EDGE_LOOP('',(#9008,#9009,#9030,#9031));
#9008 = ORIENTED_EDGE('',*,*,#2100,.F.);
#9009 = ORIENTED_EDGE('',*,*,#9010,.T.);
#9010 = EDGE_CURVE('',#2101,#5430,#9011,.T.);
#9011 = SEAM_CURVE('',#9012,(#9016,#9023),.PCURVE_S1.);
#9012 = LINE('',#9013,#9014);
#9013 = CARTESIAN_POINT('',(69.5,-12.5,34.5));
#9014 = VECTOR('',#9015,1.);
#9015 = DIRECTION('',(-0.,1.,-0.));
#9016 = PCURVE('',#2121,#9017);
#9017 = DEFINITIONAL_REPRESENTATION('',(#9018),#9022);
#9018 = LINE('',#9019,#9020);
#9019 = CARTESIAN_POINT('',(6.28318530718,0.));
#9020 = VECTOR('',#9021,1.);
#9021 = DIRECTION('',(0.,-1.));
#9022 = ( GEOMETRIC_REPRESENTATION_CONTEXT(2) 
PARAMETRIC_REPRESENTATION_CONTEXT() REPRESENTATION_CONTEXT('2D SPACE',''
  ) );
#9023 = PCURVE('',#2121,#9024);
#9024 = DEFINITIONAL_REPRESENTATION('',(#9025),#9029);
#9025 = LINE('',#9026,#9027);
#9026 = CARTESIAN_POINT('',(0.,0.));
#9027 = VECTOR('',#9028,1.);
#9028 = DIRECTION('',(0.,-1.));
#9029 = ( GEOMETRIC_REPRESENTATION_CONTEXT(2) 
PARAMETRIC_REPRESENTATION_CONTEXT() REPRESENTATION_CONTEXT('2D SPACE',''
  ) );
#9030 = ORIENTED_EDGE('',*,*,#5429,.T.);
#9031 = ORIENTED_EDGE('',*,*,#9010,.F.);
#9032 = ADVANCED_FACE('',(#9033),#2156,.F.);
#9033 = FACE_BOUND('',#9034,.F.);
#9034 = EDGE_LOOP('',(#9035,#9036,#9057,#9058));
#9035 = ORIENTED_EDGE('',*,*,#2135,.F.);
#9036 = ORIENTED_EDGE('',*,*,#9037,.T.);
#9037 = EDGE_CURVE('',#2136,#5460,#9038,.T.);
#9038 = SEAM_CURVE('',#9039,(#9043,#9050),.PCURVE_S1.);
#9039 = LINE('',#9040,#9041);
#9040 = CARTESIAN_POINT('',(69.5,-12.5,63.5));
#9041 = VECTOR('',#9042,1.);
#9042 = DIRECTION('',(-0.,1.,-0.));
#9043 = PCURVE('',#2156,#9044);
#9044 = DEFINITIONAL_REPRESENTATION('',(#9045),#9049);
#9045 = LINE('',#9046,#9047);
#9046 = CARTESIAN_POINT('',(6.28318530718,0.));
#9047 = VECTOR('',#9048,1.);
#9048 = DIRECTION('',(0.,-1.));
#9049 = ( GEOMETRIC_REPRESENTATION_CONTEXT(2) 
PARAMETRIC_REPRESENTATION_CONTEXT() REPRESENTATION_CONTEXT('2D SPACE',''
  ) );
#9050 = PCURVE('',#2156,#9051);
#9051 = DEFINITIONAL_REPRESENTATION('',(#9052),#9056);
#9052 = LINE('',#9053,#9054);
#9053 = CARTESIAN_POINT('',(0.,0.));
#9054 = VECTOR('',#9055,1.);
#9055 = DIRECTION('',(0.,-1.));
#9056 = ( GEOMETRIC_REPRESENTATION_CONTEXT(2) 
PARAMETRIC_REPRESENTATION_CONTEXT() REPRESENTATION_CONTEXT('2D SPACE',''
  ) );
#9057 = ORIENTED_EDGE('',*,*,#5459,.T.);
#9058 = ORIENTED_EDGE('',*,*,#9037,.F.);
#9059 = ADVANCED_FACE('',(#9060),#2191,.F.);
#9060 = FACE_BOUND('',#9061,.F.);
#9061 = EDGE_LOOP('',(#9062,#9063,#9084,#9085));
#9062 = ORIENTED_EDGE('',*,*,#2170,.F.);
#9063 = ORIENTED_EDGE('',*,*,#9064,.T.);
#9064 = EDGE_CURVE('',#2171,#5310,#9065,.T.);
#9065 = SEAM_CURVE('',#9066,(#9070,#9077),.PCURVE_S1.);
#9066 = LINE('',#9067,#9068);
#9067 = CARTESIAN_POINT('',(35.5,-12.5,92.5));
#9068 = VECTOR('',#9069,1.);
#9069 = DIRECTION('',(-0.,1.,-0.));
#9070 = PCURVE('',#2191,#9071);
#9071 = DEFINITIONAL_REPRESENTATION('',(#9072),#9076);
#9072 = LINE('',#9073,#9074);
#9073 = CARTESIAN_POINT('',(6.28318530718,0.));
#9074 = VECTOR('',#9075,1.);
#9075 = DIRECTION('',(0.,-1.));
#9076 = ( GEOMETRIC_REPRESENTATION_CONTEXT(2) 
PARAMETRIC_REPRESENTATION_CONTEXT() REPRESENTATION_CONTEXT('2D SPACE',''
  ) );
#9077 = PCURVE('',#2191,#9078);
#9078 = DEFINITIONAL_REPRESENTATION('',(#9079),#9083);
#9079 = LINE('',#9080,#9081);
#9080 = CARTESIAN_POINT('',(0.,0.));
#9081 = VECTOR('',#9082,1.);
#9082 = DIRECTION('',(0.,-1.));
#9083 = ( GEOMETRIC_REPRESENTATION_CONTEXT(2) 
PARAMETRIC_REPRESENTATION_CONTEXT() REPRESENTATION_CONTEXT('2D SPACE',''
  ) );
#9084 = ORIENTED_EDGE('',*,*,#5309,.T.);
#9085 = ORIENTED_EDGE('',*,*,#9064,.F.);
#9086 = ADVANCED_FACE('',(#9087),#2226,.F.);
#9087 = FACE_BOUND('',#9088,.F.);
#9088 = EDGE_LOOP('',(#9089,#9090,#9111,#9112));
#9089 = ORIENTED_EDGE('',*,*,#2205,.F.);
#9090 = ORIENTED_EDGE('',*,*,#9091,.T.);
#9091 = EDGE_CURVE('',#2206,#5490,#9092,.T.);
#9092 = SEAM_CURVE('',#9093,(#9097,#9104),.PCURVE_S1.);
#9093 = LINE('',#9094,#9095);
#9094 = CARTESIAN_POINT('',(69.5,-12.5,92.5));
#9095 = VECTOR('',#9096,1.);
#9096 = DIRECTION('',(-0.,1.,-0.));
#9097 = PCURVE('',#2226,#9098);
#9098 = DEFINITIONAL_REPRESENTATION('',(#9099),#9103);
#9099 = LINE('',#9100,#9101);
#9100 = CARTESIAN_POINT('',(6.28318530718,0.));
#9101 = VECTOR('',#9102,1.);
#9102 = DIRECTION('',(0.,-1.));
#9103 = ( GEOMETRIC_REPRESENTATION_CONTEXT(2) 
PARAMETRIC_REPRESENTATION_CONTEXT() REPRESENTATION_CONTEXT('2D SPACE',''
  ) );
#9104 = PCURVE('',#2226,#9105);
#9105 = DEFINITIONAL_REPRESENTATION('',(#9106),#9110);
#9106 = LINE('',#9107,#9108);
#9107 = CARTESIAN_POINT('',(0.,0.));
#9108 = VECTOR('',#9109,1.);
#9109 = DIRECTION('',(0.,-1.));
#9110 = ( GEOMETRIC_REPRESENTATION_CONTEXT(2) 
PARAMETRIC_REPRESENTATION_CONTEXT() REPRESENTATION_CONTEXT('2D SPACE',''
  ) );
#9111 = ORIENTED_EDGE('',*,*,#5489,.T.);
#9112 = ORIENTED_EDGE('',*,*,#9091,.F.);
#9113 = ADVANCED_FACE('',(#9114),#2261,.F.);
#9114 = FACE_BOUND('',#9115,.F.);
#9115 = EDGE_LOOP('',(#9116,#9117,#9138,#9139));
#9116 = ORIENTED_EDGE('',*,*,#2240,.F.);
#9117 = ORIENTED_EDGE('',*,*,#9118,.T.);
#9118 = EDGE_CURVE('',#2241,#5610,#9119,.T.);
#9119 = SEAM_CURVE('',#9120,(#9124,#9131),.PCURVE_S1.);
#9120 = LINE('',#9121,#9122);
#9121 = CARTESIAN_POINT('',(103.5,-12.5,34.5));
#9122 = VECTOR('',#9123,1.);
#9123 = DIRECTION('',(-0.,1.,-0.));
#9124 = PCURVE('',#2261,#9125);
#9125 = DEFINITIONAL_REPRESENTATION('',(#9126),#9130);
#9126 = LINE('',#9127,#9128);
#9127 = CARTESIAN_POINT('',(6.28318530718,0.));
#9128 = VECTOR('',#9129,1.);
#9129 = DIRECTION('',(0.,-1.));
#9130 = ( GEOMETRIC_REPRESENTATION_CONTEXT(2) 
PARAMETRIC_REPRESENTATION_CONTEXT() REPRESENTATION_CONTEXT('2D SPACE',''
  ) );
#9131 = PCURVE('',#2261,#9132);
#9132 = DEFINITIONAL_REPRESENTATION('',(#9133),#9137);
#9133 = LINE('',#9134,#9135);
#9134 = CARTESIAN_POINT('',(0.,0.));
#9135 = VECTOR('',#9136,1.);
#9136 = DIRECTION('',(0.,-1.));
#9137 = ( GEOMETRIC_REPRESENTATION_CONTEXT(2) 
PARAMETRIC_REPRESENTATION_CONTEXT() REPRESENTATION_CONTEXT('2D SPACE',''
  ) );
#9138 = ORIENTED_EDGE('',*,*,#5609,.T.);
#9139 = ORIENTED_EDGE('',*,*,#9118,.F.);
#9140 = ADVANCED_FACE('',(#9141),#2296,.F.);
#9141 = FACE_BOUND('',#9142,.F.);
#9142 = EDGE_LOOP('',(#9143,#9144,#9165,#9166));
#9143 = ORIENTED_EDGE('',*,*,#2275,.F.);
#9144 = ORIENTED_EDGE('',*,*,#9145,.T.);
#9145 = EDGE_CURVE('',#2276,#5640,#9146,.T.);
#9146 = SEAM_CURVE('',#9147,(#9151,#9158),.PCURVE_S1.);
#9147 = LINE('',#9148,#9149);
#9148 = CARTESIAN_POINT('',(103.5,-12.5,63.5));
#9149 = VECTOR('',#9150,1.);
#9150 = DIRECTION('',(-0.,1.,-0.));
#9151 = PCURVE('',#2296,#9152);
#9152 = DEFINITIONAL_REPRESENTATION('',(#9153),#9157);
#9153 = LINE('',#9154,#9155);
#9154 = CARTESIAN_POINT('',(6.28318530718,0.));
#9155 = VECTOR('',#9156,1.);
#9156 = DIRECTION('',(0.,-1.));
#9157 = ( GEOMETRIC_REPRESENTATION_CONTEXT(2) 
PARAMETRIC_REPRESENTATION_CONTEXT() REPRESENTATION_CONTEXT('2D SPACE',''
  ) );
#9158 = PCURVE('',#2296,#9159);
#9159 = DEFINITIONAL_REPRESENTATION('',(#9160),#9164);
#9160 = LINE('',#9161,#9162);
#9161 = CARTESIAN_POINT('',(0.,0.));
#9162 = VECTOR('',#9163,1.);
#9163 = DIRECTION('',(0.,-1.));
#9164 = ( GEOMETRIC_REPRESENTATION_CONTEXT(2) 
PARAMETRIC_REPRESENTATION_CONTEXT() REPRESENTATION_CONTEXT('2D SPACE',''
  ) );
#9165 = ORIENTED_EDGE('',*,*,#5639,.T.);
#9166 = ORIENTED_EDGE('',*,*,#9145,.F.);
#9167 = ADVANCED_FACE('',(#9168),#2331,.F.);
#9168 = FACE_BOUND('',#9169,.F.);
#9169 = EDGE_LOOP('',(#9170,#9171,#9192,#9193));
#9170 = ORIENTED_EDGE('',*,*,#2310,.F.);
#9171 = ORIENTED_EDGE('',*,*,#9172,.T.);
#9172 = EDGE_CURVE('',#2311,#5670,#9173,.T.);
#9173 = SEAM_CURVE('',#9174,(#9178,#9185),.PCURVE_S1.);
#9174 = LINE('',#9175,#9176);
#9175 = CARTESIAN_POINT('',(103.5,-12.5,92.5));
#9176 = VECTOR('',#9177,1.);
#9177 = DIRECTION('',(-0.,1.,-0.));
#9178 = PCURVE('',#2331,#9179);
#9179 = DEFINITIONAL_REPRESENTATION('',(#9180),#9184);
#9180 = LINE('',#9181,#9182);
#9181 = CARTESIAN_POINT('',(6.28318530718,0.));
#9182 = VECTOR('',#9183,1.);
#9183 = DIRECTION('',(0.,-1.));
#9184 = ( GEOMETRIC_REPRESENTATION_CONTEXT(2) 
PARAMETRIC_REPRESENTATION_CONTEXT() REPRESENTATION_CONTEXT('2D SPACE',''
  ) );
#9185 = PCURVE('',#2331,#9186);
#9186 = DEFINITIONAL_REPRESENTATION('',(#9187),#9191);
#9187 = LINE('',#9188,#9189);
#9188 = CARTESIAN_POINT('',(0.,0.));
#9189 = VECTOR('',#9190,1.);
#9190 = DIRECTION('',(0.,-1.));
#9191 = ( GEOMETRIC_REPRESENTATION_CONTEXT(2) 
PARAMETRIC_REPRESENTATION_CONTEXT() REPRESENTATION_CONTEXT('2D SPACE',''
  ) );
#9192 = ORIENTED_EDGE('',*,*,#5669,.T.);
#9193 = ORIENTED_EDGE('',*,*,#9172,.F.);
#9194 = ADVANCED_FACE('',(#9195),#2366,.F.);
#9195 = FACE_BOUND('',#9196,.F.);
#9196 = EDGE_LOOP('',(#9197,#9198,#9219,#9220));
#9197 = ORIENTED_EDGE('',*,*,#2345,.F.);
#9198 = ORIENTED_EDGE('',*,*,#9199,.T.);
#9199 = EDGE_CURVE('',#2346,#5340,#9200,.T.);
#9200 = SEAM_CURVE('',#9201,(#9205,#9212),.PCURVE_S1.);
#9201 = LINE('',#9202,#9203);
#9202 = CARTESIAN_POINT('',(35.5,-12.5,121.5));
#9203 = VECTOR('',#9204,1.);
#9204 = DIRECTION('',(-0.,1.,-0.));
#9205 = PCURVE('',#2366,#9206);
#9206 = DEFINITIONAL_REPRESENTATION('',(#9207),#9211);
#9207 = LINE('',#9208,#9209);
#9208 = CARTESIAN_POINT('',(6.28318530718,0.));
#9209 = VECTOR('',#9210,1.);
#9210 = DIRECTION('',(0.,-1.));
#9211 = ( GEOMETRIC_REPRESENTATION_CONTEXT(2) 
PARAMETRIC_REPRESENTATION_CONTEXT() REPRESENTATION_CONTEXT('2D SPACE',''
  ) );
#9212 = PCURVE('',#2366,#9213);
#9213 = DEFINITIONAL_REPRESENTATION('',(#9214),#9218);
#9214 = LINE('',#9215,#9216);
#9215 = CARTESIAN_POINT('',(0.,0.));
#9216 = VECTOR('',#9217,1.);
#9217 = DIRECTION('',(0.,-1.));
#9218 = ( GEOMETRIC_REPRESENTATION_CONTEXT(2) 
PARAMETRIC_REPRESENTATION_CONTEXT() REPRESENTATION_CONTEXT('2D SPACE',''
  ) );
#9219 = ORIENTED_EDGE('',*,*,#5339,.T.);
#9220 = ORIENTED_EDGE('',*,*,#9199,.F.);
#9221 = ADVANCED_FACE('',(#9222),#2401,.F.);
#9222 = FACE_BOUND('',#9223,.F.);
#9223 = EDGE_LOOP('',(#9224,#9225,#9246,#9247));
#9224 = ORIENTED_EDGE('',*,*,#2380,.F.);
#9225 = ORIENTED_EDGE('',*,*,#9226,.T.);
#9226 = EDGE_CURVE('',#2381,#5520,#9227,.T.);
#9227 = SEAM_CURVE('',#9228,(#9232,#9239),.PCURVE_S1.);
#9228 = LINE('',#9229,#9230);
#9229 = CARTESIAN_POINT('',(69.5,-12.5,121.5));
#9230 = VECTOR('',#9231,1.);
#9231 = DIRECTION('',(-0.,1.,-0.));
#9232 = PCURVE('',#2401,#9233);
#9233 = DEFINITIONAL_REPRESENTATION('',(#9234),#9238);
#9234 = LINE('',#9235,#9236);
#9235 = CARTESIAN_POINT('',(6.28318530718,0.));
#9236 = VECTOR('',#9237,1.);
#9237 = DIRECTION('',(0.,-1.));
#9238 = ( GEOMETRIC_REPRESENTATION_CONTEXT(2) 
PARAMETRIC_REPRESENTATION_CONTEXT() REPRESENTATION_CONTEXT('2D SPACE',''
  ) );
#9239 = PCURVE('',#2401,#9240);
#9240 = DEFINITIONAL_REPRESENTATION('',(#9241),#9245);
#9241 = LINE('',#9242,#9243);
#9242 = CARTESIAN_POINT('',(0.,0.));
#9243 = VECTOR('',#9244,1.);
#9244 = DIRECTION('',(0.,-1.));
#9245 = ( GEOMETRIC_REPRESENTATION_CONTEXT(2) 
PARAMETRIC_REPRESENTATION_CONTEXT() REPRESENTATION_CONTEXT('2D SPACE',''
  ) );
#9246 = ORIENTED_EDGE('',*,*,#5519,.T.);
#9247 = ORIENTED_EDGE('',*,*,#9226,.F.);
#9248 = ADVANCED_FACE('',(#9249),#2436,.F.);
#9249 = FACE_BOUND('',#9250,.F.);
#9250 = EDGE_LOOP('',(#9251,#9252,#9273,#9274));
#9251 = ORIENTED_EDGE('',*,*,#2415,.F.);
#9252 = ORIENTED_EDGE('',*,*,#9253,.T.);
#9253 = EDGE_CURVE('',#2416,#5370,#9254,.T.);
#9254 = SEAM_CURVE('',#9255,(#9259,#9266),.PCURVE_S1.);
#9255 = LINE('',#9256,#9257);
#9256 = CARTESIAN_POINT('',(35.5,-12.5,150.5));
#9257 = VECTOR('',#9258,1.);
#9258 = DIRECTION('',(-0.,1.,-0.));
#9259 = PCURVE('',#2436,#9260);
#9260 = DEFINITIONAL_REPRESENTATION('',(#9261),#9265);
#9261 = LINE('',#9262,#9263);
#9262 = CARTESIAN_POINT('',(6.28318530718,0.));
#9263 = VECTOR('',#9264,1.);
#9264 = DIRECTION('',(0.,-1.));
#9265 = ( GEOMETRIC_REPRESENTATION_CONTEXT(2) 
PARAMETRIC_REPRESENTATION_CONTEXT() REPRESENTATION_CONTEXT('2D SPACE',''
  ) );
#9266 = PCURVE('',#2436,#9267);
#9267 = DEFINITIONAL_REPRESENTATION('',(#9268),#9272);
#9268 = LINE('',#9269,#9270);
#9269 = CARTESIAN_POINT('',(0.,0.));
#9270 = VECTOR('',#9271,1.);
#9271 = DIRECTION('',(0.,-1.));
#9272 = ( GEOMETRIC_REPRESENTATION_CONTEXT(2) 
PARAMETRIC_REPRESENTATION_CONTEXT() REPRESENTATION_CONTEXT('2D SPACE',''
  ) );
#9273 = ORIENTED_EDGE('',*,*,#5369,.T.);
#9274 = ORIENTED_EDGE('',*,*,#9253,.F.);
#9275 = ADVANCED_FACE('',(#9276),#2471,.F.);
#9276 = FACE_BOUND('',#9277,.F.);
#9277 = EDGE_LOOP('',(#9278,#9279,#9300,#9301));
#9278 = ORIENTED_EDGE('',*,*,#2450,.F.);
#9279 = ORIENTED_EDGE('',*,*,#9280,.T.);
#9280 = EDGE_CURVE('',#2451,#5220,#9281,.T.);
#9281 = SEAM_CURVE('',#9282,(#9286,#9293),.PCURVE_S1.);
#9282 = LINE('',#9283,#9284);
#9283 = CARTESIAN_POINT('',(35.5,-12.5,179.5));
#9284 = VECTOR('',#9285,1.);
#9285 = DIRECTION('',(-0.,1.,-0.));
#9286 = PCURVE('',#2471,#9287);
#9287 = DEFINITIONAL_REPRESENTATION('',(#9288),#9292);
#9288 = LINE('',#9289,#9290);
#9289 = CARTESIAN_POINT('',(6.28318530718,0.));
#9290 = VECTOR('',#9291,1.);
#9291 = DIRECTION('',(0.,-1.));
#9292 = ( GEOMETRIC_REPRESENTATION_CONTEXT(2) 
PARAMETRIC_REPRESENTATION_CONTEXT() REPRESENTATION_CONTEXT('2D SPACE',''
  ) );
#9293 = PCURVE('',#2471,#9294);
#9294 = DEFINITIONAL_REPRESENTATION('',(#9295),#9299);
#9295 = LINE('',#9296,#9297);
#9296 = CARTESIAN_POINT('',(0.,0.));
#9297 = VECTOR('',#9298,1.);
#9298 = DIRECTION('',(0.,-1.));
#9299 = ( GEOMETRIC_REPRESENTATION_CONTEXT(2) 
PARAMETRIC_REPRESENTATION_CONTEXT() REPRESENTATION_CONTEXT('2D SPACE',''
  ) );
#9300 = ORIENTED_EDGE('',*,*,#5219,.T.);
#9301 = ORIENTED_EDGE('',*,*,#9280,.F.);
#9302 = ADVANCED_FACE('',(#9303),#2506,.F.);
#9303 = FACE_BOUND('',#9304,.F.);
#9304 = EDGE_LOOP('',(#9305,#9306,#9327,#9328));
#9305 = ORIENTED_EDGE('',*,*,#2485,.F.);
#9306 = ORIENTED_EDGE('',*,*,#9307,.T.);
#9307 = EDGE_CURVE('',#2486,#5550,#9308,.T.);
#9308 = SEAM_CURVE('',#9309,(#9313,#9320),.PCURVE_S1.);
#9309 = LINE('',#9310,#9311);
#9310 = CARTESIAN_POINT('',(69.5,-12.5,150.5));
#9311 = VECTOR('',#9312,1.);
#9312 = DIRECTION('',(-0.,1.,-0.));
#9313 = PCURVE('',#2506,#9314);
#9314 = DEFINITIONAL_REPRESENTATION('',(#9315),#9319);
#9315 = LINE('',#9316,#9317);
#9316 = CARTESIAN_POINT('',(6.28318530718,0.));
#9317 = VECTOR('',#9318,1.);
#9318 = DIRECTION('',(0.,-1.));
#9319 = ( GEOMETRIC_REPRESENTATION_CONTEXT(2) 
PARAMETRIC_REPRESENTATION_CONTEXT() REPRESENTATION_CONTEXT('2D SPACE',''
  ) );
#9320 = PCURVE('',#2506,#9321);
#9321 = DEFINITIONAL_REPRESENTATION('',(#9322),#9326);
#9322 = LINE('',#9323,#9324);
#9323 = CARTESIAN_POINT('',(0.,0.));
#9324 = VECTOR('',#9325,1.);
#9325 = DIRECTION('',(0.,-1.));
#9326 = ( GEOMETRIC_REPRESENTATION_CONTEXT(2) 
PARAMETRIC_REPRESENTATION_CONTEXT() REPRESENTATION_CONTEXT('2D SPACE',''
  ) );
#9327 = ORIENTED_EDGE('',*,*,#5549,.T.);
#9328 = ORIENTED_EDGE('',*,*,#9307,.F.);
#9329 = ADVANCED_FACE('',(#9330),#2541,.F.);
#9330 = FACE_BOUND('',#9331,.F.);
#9331 = EDGE_LOOP('',(#9332,#9333,#9354,#9355));
#9332 = ORIENTED_EDGE('',*,*,#2520,.F.);
#9333 = ORIENTED_EDGE('',*,*,#9334,.T.);
#9334 = EDGE_CURVE('',#2521,#5400,#9335,.T.);
#9335 = SEAM_CURVE('',#9336,(#9340,#9347),.PCURVE_S1.);
#9336 = LINE('',#9337,#9338);
#9337 = CARTESIAN_POINT('',(69.5,-12.5,179.5));
#9338 = VECTOR('',#9339,1.);
#9339 = DIRECTION('',(-0.,1.,-0.));
#9340 = PCURVE('',#2541,#9341);
#9341 = DEFINITIONAL_REPRESENTATION('',(#9342),#9346);
#9342 = LINE('',#9343,#9344);
#9343 = CARTESIAN_POINT('',(6.28318530718,0.));
#9344 = VECTOR('',#9345,1.);
#9345 = DIRECTION('',(0.,-1.));
#9346 = ( GEOMETRIC_REPRESENTATION_CONTEXT(2) 
PARAMETRIC_REPRESENTATION_CONTEXT() REPRESENTATION_CONTEXT('2D SPACE',''
  ) );
#9347 = PCURVE('',#2541,#9348);
#9348 = DEFINITIONAL_REPRESENTATION('',(#9349),#9353);
#9349 = LINE('',#9350,#9351);
#9350 = CARTESIAN_POINT('',(0.,0.));
#9351 = VECTOR('',#9352,1.);
#9352 = DIRECTION('',(0.,-1.));
#9353 = ( GEOMETRIC_REPRESENTATION_CONTEXT(2) 
PARAMETRIC_REPRESENTATION_CONTEXT() REPRESENTATION_CONTEXT('2D SPACE',''
  ) );
#9354 = ORIENTED_EDGE('',*,*,#5399,.T.);
#9355 = ORIENTED_EDGE('',*,*,#9334,.F.);
#9356 = ADVANCED_FACE('',(#9357),#2576,.F.);
#9357 = FACE_BOUND('',#9358,.F.);
#9358 = EDGE_LOOP('',(#9359,#9360,#9381,#9382));
#9359 = ORIENTED_EDGE('',*,*,#2555,.F.);
#9360 = ORIENTED_EDGE('',*,*,#9361,.T.);
#9361 = EDGE_CURVE('',#2556,#5700,#9362,.T.);
#9362 = SEAM_CURVE('',#9363,(#9367,#9374),.PCURVE_S1.);
#9363 = LINE('',#9364,#9365);
#9364 = CARTESIAN_POINT('',(103.5,-12.5,121.5));
#9365 = VECTOR('',#9366,1.);
#9366 = DIRECTION('',(-0.,1.,-0.));
#9367 = PCURVE('',#2576,#9368);
#9368 = DEFINITIONAL_REPRESENTATION('',(#9369),#9373);
#9369 = LINE('',#9370,#9371);
#9370 = CARTESIAN_POINT('',(6.28318530718,0.));
#9371 = VECTOR('',#9372,1.);
#9372 = DIRECTION('',(0.,-1.));
#9373 = ( GEOMETRIC_REPRESENTATION_CONTEXT(2) 
PARAMETRIC_REPRESENTATION_CONTEXT() REPRESENTATION_CONTEXT('2D SPACE',''
  ) );
#9374 = PCURVE('',#2576,#9375);
#9375 = DEFINITIONAL_REPRESENTATION('',(#9376),#9380);
#9376 = LINE('',#9377,#9378);
#9377 = CARTESIAN_POINT('',(0.,0.));
#9378 = VECTOR('',#9379,1.);
#9379 = DIRECTION('',(0.,-1.));
#9380 = ( GEOMETRIC_REPRESENTATION_CONTEXT(2) 
PARAMETRIC_REPRESENTATION_CONTEXT() REPRESENTATION_CONTEXT('2D SPACE',''
  ) );
#9381 = ORIENTED_EDGE('',*,*,#5699,.T.);
#9382 = ORIENTED_EDGE('',*,*,#9361,.F.);
#9383 = ADVANCED_FACE('',(#9384),#2611,.F.);
#9384 = FACE_BOUND('',#9385,.F.);
#9385 = EDGE_LOOP('',(#9386,#9387,#9408,#9409));
#9386 = ORIENTED_EDGE('',*,*,#2590,.F.);
#9387 = ORIENTED_EDGE('',*,*,#9388,.T.);
#9388 = EDGE_CURVE('',#2591,#5730,#9389,.T.);
#9389 = SEAM_CURVE('',#9390,(#9394,#9401),.PCURVE_S1.);
#9390 = LINE('',#9391,#9392);
#9391 = CARTESIAN_POINT('',(103.5,-12.5,150.5));
#9392 = VECTOR('',#9393,1.);
#9393 = DIRECTION('',(-0.,1.,-0.));
#9394 = PCURVE('',#2611,#9395);
#9395 = DEFINITIONAL_REPRESENTATION('',(#9396),#9400);
#9396 = LINE('',#9397,#9398);
#9397 = CARTESIAN_POINT('',(6.28318530718,0.));
#9398 = VECTOR('',#9399,1.);
#9399 = DIRECTION('',(0.,-1.));
#9400 = ( GEOMETRIC_REPRESENTATION_CONTEXT(2) 
PARAMETRIC_REPRESENTATION_CONTEXT() REPRESENTATION_CONTEXT('2D SPACE',''
  ) );
#9401 = PCURVE('',#2611,#9402);
#9402 = DEFINITIONAL_REPRESENTATION('',(#9403),#9407);
#9403 = LINE('',#9404,#9405);
#9404 = CARTESIAN_POINT('',(0.,0.));
#9405 = VECTOR('',#9406,1.);
#9406 = DIRECTION('',(0.,-1.));
#9407 = ( GEOMETRIC_REPRESENTATION_CONTEXT(2) 
PARAMETRIC_REPRESENTATION_CONTEXT() REPRESENTATION_CONTEXT('2D SPACE',''
  ) );
#9408 = ORIENTED_EDGE('',*,*,#5729,.T.);
#9409 = ORIENTED_EDGE('',*,*,#9388,.F.);
#9410 = ADVANCED_FACE('',(#9411),#2646,.F.);
#9411 = FACE_BOUND('',#9412,.F.);
#9412 = EDGE_LOOP('',(#9413,#9414,#9435,#9436));
#9413 = ORIENTED_EDGE('',*,*,#2625,.F.);
#9414 = ORIENTED_EDGE('',*,*,#9415,.T.);
#9415 = EDGE_CURVE('',#2626,#5580,#9416,.T.);
#9416 = SEAM_CURVE('',#9417,(#9421,#9428),.PCURVE_S1.);
#9417 = LINE('',#9418,#9419);
#9418 = CARTESIAN_POINT('',(103.5,-12.5,179.5));
#9419 = VECTOR('',#9420,1.);
#9420 = DIRECTION('',(-0.,1.,-0.));
#9421 = PCURVE('',#2646,#9422);
#9422 = DEFINITIONAL_REPRESENTATION('',(#9423),#9427);
#9423 = LINE('',#9424,#9425);
#9424 = CARTESIAN_POINT('',(6.28318530718,0.));
#9425 = VECTOR('',#9426,1.);
#9426 = DIRECTION('',(0.,-1.));
#9427 = ( GEOMETRIC_REPRESENTATION_CONTEXT(2) 
PARAMETRIC_REPRESENTATION_CONTEXT() REPRESENTATION_CONTEXT('2D SPACE',''
  ) );
#9428 = PCURVE('',#2646,#9429);
#9429 = DEFINITIONAL_REPRESENTATION('',(#9430),#9434);
#9430 = LINE('',#9431,#9432);
#9431 = CARTESIAN_POINT('',(0.,0.));
#9432 = VECTOR('',#9433,1.);
#9433 = DIRECTION('',(0.,-1.));
#9434 = ( GEOMETRIC_REPRESENTATION_CONTEXT(2) 
PARAMETRIC_REPRESENTATION_CONTEXT() REPRESENTATION_CONTEXT('2D SPACE',''
  ) );
#9435 = ORIENTED_EDGE('',*,*,#5579,.T.);
#9436 = ORIENTED_EDGE('',*,*,#9415,.F.);
#9437 = ADVANCED_FACE('',(#9438),#2681,.F.);
#9438 = FACE_BOUND('',#9439,.F.);
#9439 = EDGE_LOOP('',(#9440,#9441,#9462,#9463));
#9440 = ORIENTED_EDGE('',*,*,#2660,.F.);
#9441 = ORIENTED_EDGE('',*,*,#9442,.T.);
#9442 = EDGE_CURVE('',#2661,#5790,#9443,.T.);
#9443 = SEAM_CURVE('',#9444,(#9448,#9455),.PCURVE_S1.);
#9444 = LINE('',#9445,#9446);
#9445 = CARTESIAN_POINT('',(137.5,-12.5,34.5));
#9446 = VECTOR('',#9447,1.);
#9447 = DIRECTION('',(-0.,1.,-0.));
#9448 = PCURVE('',#2681,#9449);
#9449 = DEFINITIONAL_REPRESENTATION('',(#9450),#9454);
#9450 = LINE('',#9451,#9452);
#9451 = CARTESIAN_POINT('',(6.28318530718,0.));
#9452 = VECTOR('',#9453,1.);
#9453 = DIRECTION('',(0.,-1.));
#9454 = ( GEOMETRIC_REPRESENTATION_CONTEXT(2) 
PARAMETRIC_REPRESENTATION_CONTEXT() REPRESENTATION_CONTEXT('2D SPACE',''
  ) );
#9455 = PCURVE('',#2681,#9456);
#9456 = DEFINITIONAL_REPRESENTATION('',(#9457),#9461);
#9457 = LINE('',#9458,#9459);
#9458 = CARTESIAN_POINT('',(0.,0.));
#9459 = VECTOR('',#9460,1.);
#9460 = DIRECTION('',(0.,-1.));
#9461 = ( GEOMETRIC_REPRESENTATION_CONTEXT(2) 
PARAMETRIC_REPRESENTATION_CONTEXT() REPRESENTATION_CONTEXT('2D SPACE',''
  ) );
#9462 = ORIENTED_EDGE('',*,*,#5789,.T.);
#9463 = ORIENTED_EDGE('',*,*,#9442,.F.);
#9464 = ADVANCED_FACE('',(#9465),#2716,.F.);
#9465 = FACE_BOUND('',#9466,.F.);
#9466 = EDGE_LOOP('',(#9467,#9468,#9489,#9490));
#9467 = ORIENTED_EDGE('',*,*,#2695,.F.);
#9468 = ORIENTED_EDGE('',*,*,#9469,.T.);
#9469 = EDGE_CURVE('',#2696,#5820,#9470,.T.);
#9470 = SEAM_CURVE('',#9471,(#9475,#9482),.PCURVE_S1.);
#9471 = LINE('',#9472,#9473);
#9472 = CARTESIAN_POINT('',(137.5,-12.5,63.5));
#9473 = VECTOR('',#9474,1.);
#9474 = DIRECTION('',(-0.,1.,-0.));
#9475 = PCURVE('',#2716,#9476);
#9476 = DEFINITIONAL_REPRESENTATION('',(#9477),#9481);
#9477 = LINE('',#9478,#9479);
#9478 = CARTESIAN_POINT('',(6.28318530718,0.));
#9479 = VECTOR('',#9480,1.);
#9480 = DIRECTION('',(0.,-1.));
#9481 = ( GEOMETRIC_REPRESENTATION_CONTEXT(2) 
PARAMETRIC_REPRESENTATION_CONTEXT() REPRESENTATION_CONTEXT('2D SPACE',''
  ) );
#9482 = PCURVE('',#2716,#9483);
#9483 = DEFINITIONAL_REPRESENTATION('',(#9484),#9488);
#9484 = LINE('',#9485,#9486);
#9485 = CARTESIAN_POINT('',(0.,0.));
#9486 = VECTOR('',#9487,1.);
#9487 = DIRECTION('',(0.,-1.));
#9488 = ( GEOMETRIC_REPRESENTATION_CONTEXT(2) 
PARAMETRIC_REPRESENTATION_CONTEXT() REPRESENTATION_CONTEXT('2D SPACE',''
  ) );
#9489 = ORIENTED_EDGE('',*,*,#5819,.T.);
#9490 = ORIENTED_EDGE('',*,*,#9469,.F.);
#9491 = ADVANCED_FACE('',(#9492),#2751,.F.);
#9492 = FACE_BOUND('',#9493,.F.);
#9493 = EDGE_LOOP('',(#9494,#9495,#9516,#9517));
#9494 = ORIENTED_EDGE('',*,*,#2730,.F.);
#9495 = ORIENTED_EDGE('',*,*,#9496,.T.);
#9496 = EDGE_CURVE('',#2731,#5970,#9497,.T.);
#9497 = SEAM_CURVE('',#9498,(#9502,#9509),.PCURVE_S1.);
#9498 = LINE('',#9499,#9500);
#9499 = CARTESIAN_POINT('',(171.5,-12.5,34.5));
#9500 = VECTOR('',#9501,1.);
#9501 = DIRECTION('',(-0.,1.,-0.));
#9502 = PCURVE('',#2751,#9503);
#9503 = DEFINITIONAL_REPRESENTATION('',(#9504),#9508);
#9504 = LINE('',#9505,#9506);
#9505 = CARTESIAN_POINT('',(6.28318530718,0.));
#9506 = VECTOR('',#9507,1.);
#9507 = DIRECTION('',(0.,-1.));
#9508 = ( GEOMETRIC_REPRESENTATION_CONTEXT(2) 
PARAMETRIC_REPRESENTATION_CONTEXT() REPRESENTATION_CONTEXT('2D SPACE',''
  ) );
#9509 = PCURVE('',#2751,#9510);
#9510 = DEFINITIONAL_REPRESENTATION('',(#9511),#9515);
#9511 = LINE('',#9512,#9513);
#9512 = CARTESIAN_POINT('',(0.,0.));
#9513 = VECTOR('',#9514,1.);
#9514 = DIRECTION('',(0.,-1.));
#9515 = ( GEOMETRIC_REPRESENTATION_CONTEXT(2) 
PARAMETRIC_REPRESENTATION_CONTEXT() REPRESENTATION_CONTEXT('2D SPACE',''
  ) );
#9516 = ORIENTED_EDGE('',*,*,#5969,.T.);
#9517 = ORIENTED_EDGE('',*,*,#9496,.F.);
#9518 = ADVANCED_FACE('',(#9519),#2786,.F.);
#9519 = FACE_BOUND('',#9520,.F.);
#9520 = EDGE_LOOP('',(#9521,#9522,#9543,#9544));
#9521 = ORIENTED_EDGE('',*,*,#2765,.F.);
#9522 = ORIENTED_EDGE('',*,*,#9523,.T.);
#9523 = EDGE_CURVE('',#2766,#6000,#9524,.T.);
#9524 = SEAM_CURVE('',#9525,(#9529,#9536),.PCURVE_S1.);
#9525 = LINE('',#9526,#9527);
#9526 = CARTESIAN_POINT('',(171.5,-12.5,63.5));
#9527 = VECTOR('',#9528,1.);
#9528 = DIRECTION('',(-0.,1.,-0.));
#9529 = PCURVE('',#2786,#9530);
#9530 = DEFINITIONAL_REPRESENTATION('',(#9531),#9535);
#9531 = LINE('',#9532,#9533);
#9532 = CARTESIAN_POINT('',(6.28318530718,0.));
#9533 = VECTOR('',#9534,1.);
#9534 = DIRECTION('',(0.,-1.));
#9535 = ( GEOMETRIC_REPRESENTATION_CONTEXT(2) 
PARAMETRIC_REPRESENTATION_CONTEXT() REPRESENTATION_CONTEXT('2D SPACE',''
  ) );
#9536 = PCURVE('',#2786,#9537);
#9537 = DEFINITIONAL_REPRESENTATION('',(#9538),#9542);
#9538 = LINE('',#9539,#9540);
#9539 = CARTESIAN_POINT('',(0.,0.));
#9540 = VECTOR('',#9541,1.);
#9541 = DIRECTION('',(0.,-1.));
#9542 = ( GEOMETRIC_REPRESENTATION_CONTEXT(2) 
PARAMETRIC_REPRESENTATION_CONTEXT() REPRESENTATION_CONTEXT('2D SPACE',''
  ) );
#9543 = ORIENTED_EDGE('',*,*,#5999,.T.);
#9544 = ORIENTED_EDGE('',*,*,#9523,.F.);
#9545 = ADVANCED_FACE('',(#9546),#2821,.F.);
#9546 = FACE_BOUND('',#9547,.F.);
#9547 = EDGE_LOOP('',(#9548,#9549,#9570,#9571));
#9548 = ORIENTED_EDGE('',*,*,#2800,.F.);
#9549 = ORIENTED_EDGE('',*,*,#9550,.T.);
#9550 = EDGE_CURVE('',#2801,#5850,#9551,.T.);
#9551 = SEAM_CURVE('',#9552,(#9556,#9563),.PCURVE_S1.);
#9552 = LINE('',#9553,#9554);
#9553 = CARTESIAN_POINT('',(137.5,-12.5,92.5));
#9554 = VECTOR('',#9555,1.);
#9555 = DIRECTION('',(-0.,1.,-0.));
#9556 = PCURVE('',#2821,#9557);
#9557 = DEFINITIONAL_REPRESENTATION('',(#9558),#9562);
#9558 = LINE('',#9559,#9560);
#9559 = CARTESIAN_POINT('',(6.28318530718,0.));
#9560 = VECTOR('',#9561,1.);
#9561 = DIRECTION('',(0.,-1.));
#9562 = ( GEOMETRIC_REPRESENTATION_CONTEXT(2) 
PARAMETRIC_REPRESENTATION_CONTEXT() REPRESENTATION_CONTEXT('2D SPACE',''
  ) );
#9563 = PCURVE('',#2821,#9564);
#9564 = DEFINITIONAL_REPRESENTATION('',(#9565),#9569);
#9565 = LINE('',#9566,#9567);
#9566 = CARTESIAN_POINT('',(0.,0.));
#9567 = VECTOR('',#9568,1.);
#9568 = DIRECTION('',(0.,-1.));
#9569 = ( GEOMETRIC_REPRESENTATION_CONTEXT(2) 
PARAMETRIC_REPRESENTATION_CONTEXT() REPRESENTATION_CONTEXT('2D SPACE',''
  ) );
#9570 = ORIENTED_EDGE('',*,*,#5849,.T.);
#9571 = ORIENTED_EDGE('',*,*,#9550,.F.);
#9572 = ADVANCED_FACE('',(#9573),#2856,.F.);
#9573 = FACE_BOUND('',#9574,.F.);
#9574 = EDGE_LOOP('',(#9575,#9576,#9597,#9598));
#9575 = ORIENTED_EDGE('',*,*,#2835,.F.);
#9576 = ORIENTED_EDGE('',*,*,#9577,.T.);
#9577 = EDGE_CURVE('',#2836,#6030,#9578,.T.);
#9578 = SEAM_CURVE('',#9579,(#9583,#9590),.PCURVE_S1.);
#9579 = LINE('',#9580,#9581);
#9580 = CARTESIAN_POINT('',(171.5,-12.5,92.5));
#9581 = VECTOR('',#9582,1.);
#9582 = DIRECTION('',(-0.,1.,-0.));
#9583 = PCURVE('',#2856,#9584);
#9584 = DEFINITIONAL_REPRESENTATION('',(#9585),#9589);
#9585 = LINE('',#9586,#9587);
#9586 = CARTESIAN_POINT('',(6.28318530718,0.));
#9587 = VECTOR('',#9588,1.);
#9588 = DIRECTION('',(0.,-1.));
#9589 = ( GEOMETRIC_REPRESENTATION_CONTEXT(2) 
PARAMETRIC_REPRESENTATION_CONTEXT() REPRESENTATION_CONTEXT('2D SPACE',''
  ) );
#9590 = PCURVE('',#2856,#9591);
#9591 = DEFINITIONAL_REPRESENTATION('',(#9592),#9596);
#9592 = LINE('',#9593,#9594);
#9593 = CARTESIAN_POINT('',(0.,0.));
#9594 = VECTOR('',#9595,1.);
#9595 = DIRECTION('',(0.,-1.));
#9596 = ( GEOMETRIC_REPRESENTATION_CONTEXT(2) 
PARAMETRIC_REPRESENTATION_CONTEXT() REPRESENTATION_CONTEXT('2D SPACE',''
  ) );
#9597 = ORIENTED_EDGE('',*,*,#6029,.T.);
#9598 = ORIENTED_EDGE('',*,*,#9577,.F.);
#9599 = ADVANCED_FACE('',(#9600),#2891,.F.);
#9600 = FACE_BOUND('',#9601,.F.);
#9601 = EDGE_LOOP('',(#9602,#9603,#9624,#9625));
#9602 = ORIENTED_EDGE('',*,*,#2870,.F.);
#9603 = ORIENTED_EDGE('',*,*,#9604,.T.);
#9604 = EDGE_CURVE('',#2871,#6150,#9605,.T.);
#9605 = SEAM_CURVE('',#9606,(#9610,#9617),.PCURVE_S1.);
#9606 = LINE('',#9607,#9608);
#9607 = CARTESIAN_POINT('',(205.5,-12.5,34.5));
#9608 = VECTOR('',#9609,1.);
#9609 = DIRECTION('',(-0.,1.,-0.));
#9610 = PCURVE('',#2891,#9611);
#9611 = DEFINITIONAL_REPRESENTATION('',(#9612),#9616);
#9612 = LINE('',#9613,#9614);
#9613 = CARTESIAN_POINT('',(6.28318530718,0.));
#9614 = VECTOR('',#9615,1.);
#9615 = DIRECTION('',(0.,-1.));
#9616 = ( GEOMETRIC_REPRESENTATION_CONTEXT(2) 
PARAMETRIC_REPRESENTATION_CONTEXT() REPRESENTATION_CONTEXT('2D SPACE',''
  ) );
#9617 = PCURVE('',#2891,#9618);
#9618 = DEFINITIONAL_REPRESENTATION('',(#9619),#9623);
#9619 = LINE('',#9620,#9621);
#9620 = CARTESIAN_POINT('',(0.,0.));
#9621 = VECTOR('',#9622,1.);
#9622 = DIRECTION('',(0.,-1.));
#9623 = ( GEOMETRIC_REPRESENTATION_CONTEXT(2) 
PARAMETRIC_REPRESENTATION_CONTEXT() REPRESENTATION_CONTEXT('2D SPACE',''
  ) );
#9624 = ORIENTED_EDGE('',*,*,#6149,.T.);
#9625 = ORIENTED_EDGE('',*,*,#9604,.F.);
#9626 = ADVANCED_FACE('',(#9627),#2926,.F.);
#9627 = FACE_BOUND('',#9628,.F.);
#9628 = EDGE_LOOP('',(#9629,#9630,#9651,#9652));
#9629 = ORIENTED_EDGE('',*,*,#2905,.F.);
#9630 = ORIENTED_EDGE('',*,*,#9631,.T.);
#9631 = EDGE_CURVE('',#2906,#6180,#9632,.T.);
#9632 = SEAM_CURVE('',#9633,(#9637,#9644),.PCURVE_S1.);
#9633 = LINE('',#9634,#9635);
#9634 = CARTESIAN_POINT('',(205.5,-12.5,63.5));
#9635 = VECTOR('',#9636,1.);
#9636 = DIRECTION('',(-0.,1.,-0.));
#9637 = PCURVE('',#2926,#9638);
#9638 = DEFINITIONAL_REPRESENTATION('',(#9639),#9643);
#9639 = LINE('',#9640,#9641);
#9640 = CARTESIAN_POINT('',(6.28318530718,0.));
#9641 = VECTOR('',#9642,1.);
#9642 = DIRECTION('',(0.,-1.));
#9643 = ( GEOMETRIC_REPRESENTATION_CONTEXT(2) 
PARAMETRIC_REPRESENTATION_CONTEXT() REPRESENTATION_CONTEXT('2D SPACE',''
  ) );
#9644 = PCURVE('',#2926,#9645);
#9645 = DEFINITIONAL_REPRESENTATION('',(#9646),#9650);
#9646 = LINE('',#9647,#9648);
#9647 = CARTESIAN_POINT('',(0.,0.));
#9648 = VECTOR('',#9649,1.);
#9649 = DIRECTION('',(0.,-1.));
#9650 = ( GEOMETRIC_REPRESENTATION_CONTEXT(2) 
PARAMETRIC_REPRESENTATION_CONTEXT() REPRESENTATION_CONTEXT('2D SPACE',''
  ) );
#9651 = ORIENTED_EDGE('',*,*,#6179,.T.);
#9652 = ORIENTED_EDGE('',*,*,#9631,.F.);
#9653 = ADVANCED_FACE('',(#9654),#2961,.F.);
#9654 = FACE_BOUND('',#9655,.F.);
#9655 = EDGE_LOOP('',(#9656,#9657,#9678,#9679));
#9656 = ORIENTED_EDGE('',*,*,#2940,.F.);
#9657 = ORIENTED_EDGE('',*,*,#9658,.T.);
#9658 = EDGE_CURVE('',#2941,#6330,#9659,.T.);
#9659 = SEAM_CURVE('',#9660,(#9664,#9671),.PCURVE_S1.);
#9660 = LINE('',#9661,#9662);
#9661 = CARTESIAN_POINT('',(239.5,-12.5,34.5));
#9662 = VECTOR('',#9663,1.);
#9663 = DIRECTION('',(-0.,1.,-0.));
#9664 = PCURVE('',#2961,#9665);
#9665 = DEFINITIONAL_REPRESENTATION('',(#9666),#9670);
#9666 = LINE('',#9667,#9668);
#9667 = CARTESIAN_POINT('',(6.28318530718,0.));
#9668 = VECTOR('',#9669,1.);
#9669 = DIRECTION('',(0.,-1.));
#9670 = ( GEOMETRIC_REPRESENTATION_CONTEXT(2) 
PARAMETRIC_REPRESENTATION_CONTEXT() REPRESENTATION_CONTEXT('2D SPACE',''
  ) );
#9671 = PCURVE('',#2961,#9672);
#9672 = DEFINITIONAL_REPRESENTATION('',(#9673),#9677);
#9673 = LINE('',#9674,#9675);
#9674 = CARTESIAN_POINT('',(0.,0.));
#9675 = VECTOR('',#9676,1.);
#9676 = DIRECTION('',(0.,-1.));
#9677 = ( GEOMETRIC_REPRESENTATION_CONTEXT(2) 
PARAMETRIC_REPRESENTATION_CONTEXT() REPRESENTATION_CONTEXT('2D SPACE',''
  ) );
#9678 = ORIENTED_EDGE('',*,*,#6329,.T.);
#9679 = ORIENTED_EDGE('',*,*,#9658,.F.);
#9680 = ADVANCED_FACE('',(#9681),#2996,.F.);
#9681 = FACE_BOUND('',#9682,.F.);
#9682 = EDGE_LOOP('',(#9683,#9684,#9705,#9706));
#9683 = ORIENTED_EDGE('',*,*,#2975,.F.);
#9684 = ORIENTED_EDGE('',*,*,#9685,.T.);
#9685 = EDGE_CURVE('',#2976,#6360,#9686,.T.);
#9686 = SEAM_CURVE('',#9687,(#9691,#9698),.PCURVE_S1.);
#9687 = LINE('',#9688,#9689);
#9688 = CARTESIAN_POINT('',(239.5,-12.5,63.5));
#9689 = VECTOR('',#9690,1.);
#9690 = DIRECTION('',(-0.,1.,-0.));
#9691 = PCURVE('',#2996,#9692);
#9692 = DEFINITIONAL_REPRESENTATION('',(#9693),#9697);
#9693 = LINE('',#9694,#9695);
#9694 = CARTESIAN_POINT('',(6.28318530718,0.));
#9695 = VECTOR('',#9696,1.);
#9696 = DIRECTION('',(0.,-1.));
#9697 = ( GEOMETRIC_REPRESENTATION_CONTEXT(2) 
PARAMETRIC_REPRESENTATION_CONTEXT() REPRESENTATION_CONTEXT('2D SPACE',''
  ) );
#9698 = PCURVE('',#2996,#9699);
#9699 = DEFINITIONAL_REPRESENTATION('',(#9700),#9704);
#9700 = LINE('',#9701,#9702);
#9701 = CARTESIAN_POINT('',(0.,0.));
#9702 = VECTOR('',#9703,1.);
#9703 = DIRECTION('',(0.,-1.));
#9704 = ( GEOMETRIC_REPRESENTATION_CONTEXT(2) 
PARAMETRIC_REPRESENTATION_CONTEXT() REPRESENTATION_CONTEXT('2D SPACE',''
  ) );
#9705 = ORIENTED_EDGE('',*,*,#6359,.T.);
#9706 = ORIENTED_EDGE('',*,*,#9685,.F.);
#9707 = ADVANCED_FACE('',(#9708),#3031,.F.);
#9708 = FACE_BOUND('',#9709,.F.);
#9709 = EDGE_LOOP('',(#9710,#9711,#9732,#9733));
#9710 = ORIENTED_EDGE('',*,*,#3010,.F.);
#9711 = ORIENTED_EDGE('',*,*,#9712,.T.);
#9712 = EDGE_CURVE('',#3011,#6210,#9713,.T.);
#9713 = SEAM_CURVE('',#9714,(#9718,#9725),.PCURVE_S1.);
#9714 = LINE('',#9715,#9716);
#9715 = CARTESIAN_POINT('',(205.5,-12.5,92.5));
#9716 = VECTOR('',#9717,1.);
#9717 = DIRECTION('',(-0.,1.,-0.));
#9718 = PCURVE('',#3031,#9719);
#9719 = DEFINITIONAL_REPRESENTATION('',(#9720),#9724);
#9720 = LINE('',#9721,#9722);
#9721 = CARTESIAN_POINT('',(6.28318530718,0.));
#9722 = VECTOR('',#9723,1.);
#9723 = DIRECTION('',(0.,-1.));
#9724 = ( GEOMETRIC_REPRESENTATION_CONTEXT(2) 
PARAMETRIC_REPRESENTATION_CONTEXT() REPRESENTATION_CONTEXT('2D SPACE',''
  ) );
#9725 = PCURVE('',#3031,#9726);
#9726 = DEFINITIONAL_REPRESENTATION('',(#9727),#9731);
#9727 = LINE('',#9728,#9729);
#9728 = CARTESIAN_POINT('',(0.,0.));
#9729 = VECTOR('',#9730,1.);
#9730 = DIRECTION('',(0.,-1.));
#9731 = ( GEOMETRIC_REPRESENTATION_CONTEXT(2) 
PARAMETRIC_REPRESENTATION_CONTEXT() REPRESENTATION_CONTEXT('2D SPACE',''
  ) );
#9732 = ORIENTED_EDGE('',*,*,#6209,.T.);
#9733 = ORIENTED_EDGE('',*,*,#9712,.F.);
#9734 = ADVANCED_FACE('',(#9735),#3066,.F.);
#9735 = FACE_BOUND('',#9736,.F.);
#9736 = EDGE_LOOP('',(#9737,#9738,#9759,#9760));
#9737 = ORIENTED_EDGE('',*,*,#3045,.F.);
#9738 = ORIENTED_EDGE('',*,*,#9739,.T.);
#9739 = EDGE_CURVE('',#3046,#6390,#9740,.T.);
#9740 = SEAM_CURVE('',#9741,(#9745,#9752),.PCURVE_S1.);
#9741 = LINE('',#9742,#9743);
#9742 = CARTESIAN_POINT('',(239.5,-12.5,92.5));
#9743 = VECTOR('',#9744,1.);
#9744 = DIRECTION('',(-0.,1.,-0.));
#9745 = PCURVE('',#3066,#9746);
#9746 = DEFINITIONAL_REPRESENTATION('',(#9747),#9751);
#9747 = LINE('',#9748,#9749);
#9748 = CARTESIAN_POINT('',(6.28318530718,0.));
#9749 = VECTOR('',#9750,1.);
#9750 = DIRECTION('',(0.,-1.));
#9751 = ( GEOMETRIC_REPRESENTATION_CONTEXT(2) 
PARAMETRIC_REPRESENTATION_CONTEXT() REPRESENTATION_CONTEXT('2D SPACE',''
  ) );
#9752 = PCURVE('',#3066,#9753);
#9753 = DEFINITIONAL_REPRESENTATION('',(#9754),#9758);
#9754 = LINE('',#9755,#9756);
#9755 = CARTESIAN_POINT('',(0.,0.));
#9756 = VECTOR('',#9757,1.);
#9757 = DIRECTION('',(0.,-1.));
#9758 = ( GEOMETRIC_REPRESENTATION_CONTEXT(2) 
PARAMETRIC_REPRESENTATION_CONTEXT() REPRESENTATION_CONTEXT('2D SPACE',''
  ) );
#9759 = ORIENTED_EDGE('',*,*,#6389,.T.);
#9760 = ORIENTED_EDGE('',*,*,#9739,.F.);
#9761 = ADVANCED_FACE('',(#9762),#3101,.F.);
#9762 = FACE_BOUND('',#9763,.F.);
#9763 = EDGE_LOOP('',(#9764,#9765,#9786,#9787));
#9764 = ORIENTED_EDGE('',*,*,#3080,.F.);
#9765 = ORIENTED_EDGE('',*,*,#9766,.T.);
#9766 = EDGE_CURVE('',#3081,#5880,#9767,.T.);
#9767 = SEAM_CURVE('',#9768,(#9772,#9779),.PCURVE_S1.);
#9768 = LINE('',#9769,#9770);
#9769 = CARTESIAN_POINT('',(137.5,-12.5,121.5));
#9770 = VECTOR('',#9771,1.);
#9771 = DIRECTION('',(-0.,1.,-0.));
#9772 = PCURVE('',#3101,#9773);
#9773 = DEFINITIONAL_REPRESENTATION('',(#9774),#9778);
#9774 = LINE('',#9775,#9776);
#9775 = CARTESIAN_POINT('',(6.28318530718,0.));
#9776 = VECTOR('',#9777,1.);
#9777 = DIRECTION('',(0.,-1.));
#9778 = ( GEOMETRIC_REPRESENTATION_CONTEXT(2) 
PARAMETRIC_REPRESENTATION_CONTEXT() REPRESENTATION_CONTEXT('2D SPACE',''
  ) );
#9779 = PCURVE('',#3101,#9780);
#9780 = DEFINITIONAL_REPRESENTATION('',(#9781),#9785);
#9781 = LINE('',#9782,#9783);
#9782 = CARTESIAN_POINT('',(0.,0.));
#9783 = VECTOR('',#9784,1.);
#9784 = DIRECTION('',(0.,-1.));
#9785 = ( GEOMETRIC_REPRESENTATION_CONTEXT(2) 
PARAMETRIC_REPRESENTATION_CONTEXT() REPRESENTATION_CONTEXT('2D SPACE',''
  ) );
#9786 = ORIENTED_EDGE('',*,*,#5879,.T.);
#9787 = ORIENTED_EDGE('',*,*,#9766,.F.);
#9788 = ADVANCED_FACE('',(#9789),#3136,.F.);
#9789 = FACE_BOUND('',#9790,.F.);
#9790 = EDGE_LOOP('',(#9791,#9792,#9813,#9814));
#9791 = ORIENTED_EDGE('',*,*,#3115,.F.);
#9792 = ORIENTED_EDGE('',*,*,#9793,.T.);
#9793 = EDGE_CURVE('',#3116,#6060,#9794,.T.);
#9794 = SEAM_CURVE('',#9795,(#9799,#9806),.PCURVE_S1.);
#9795 = LINE('',#9796,#9797);
#9796 = CARTESIAN_POINT('',(171.5,-12.5,121.5));
#9797 = VECTOR('',#9798,1.);
#9798 = DIRECTION('',(-0.,1.,-0.));
#9799 = PCURVE('',#3136,#9800);
#9800 = DEFINITIONAL_REPRESENTATION('',(#9801),#9805);
#9801 = LINE('',#9802,#9803);
#9802 = CARTESIAN_POINT('',(6.28318530718,0.));
#9803 = VECTOR('',#9804,1.);
#9804 = DIRECTION('',(0.,-1.));
#9805 = ( GEOMETRIC_REPRESENTATION_CONTEXT(2) 
PARAMETRIC_REPRESENTATION_CONTEXT() REPRESENTATION_CONTEXT('2D SPACE',''
  ) );
#9806 = PCURVE('',#3136,#9807);
#9807 = DEFINITIONAL_REPRESENTATION('',(#9808),#9812);
#9808 = LINE('',#9809,#9810);
#9809 = CARTESIAN_POINT('',(0.,0.));
#9810 = VECTOR('',#9811,1.);
#9811 = DIRECTION('',(0.,-1.));
#9812 = ( GEOMETRIC_REPRESENTATION_CONTEXT(2) 
PARAMETRIC_REPRESENTATION_CONTEXT() REPRESENTATION_CONTEXT('2D SPACE',''
  ) );
#9813 = ORIENTED_EDGE('',*,*,#6059,.T.);
#9814 = ORIENTED_EDGE('',*,*,#9793,.F.);
#9815 = ADVANCED_FACE('',(#9816),#3171,.F.);
#9816 = FACE_BOUND('',#9817,.F.);
#9817 = EDGE_LOOP('',(#9818,#9819,#9840,#9841));
#9818 = ORIENTED_EDGE('',*,*,#3150,.F.);
#9819 = ORIENTED_EDGE('',*,*,#9820,.T.);
#9820 = EDGE_CURVE('',#3151,#5910,#9821,.T.);
#9821 = SEAM_CURVE('',#9822,(#9826,#9833),.PCURVE_S1.);
#9822 = LINE('',#9823,#9824);
#9823 = CARTESIAN_POINT('',(137.5,-12.5,150.5));
#9824 = VECTOR('',#9825,1.);
#9825 = DIRECTION('',(-0.,1.,-0.));
#9826 = PCURVE('',#3171,#9827);
#9827 = DEFINITIONAL_REPRESENTATION('',(#9828),#9832);
#9828 = LINE('',#9829,#9830);
#9829 = CARTESIAN_POINT('',(6.28318530718,0.));
#9830 = VECTOR('',#9831,1.);
#9831 = DIRECTION('',(0.,-1.));
#9832 = ( GEOMETRIC_REPRESENTATION_CONTEXT(2) 
PARAMETRIC_REPRESENTATION_CONTEXT() REPRESENTATION_CONTEXT('2D SPACE',''
  ) );
#9833 = PCURVE('',#3171,#9834);
#9834 = DEFINITIONAL_REPRESENTATION('',(#9835),#9839);
#9835 = LINE('',#9836,#9837);
#9836 = CARTESIAN_POINT('',(0.,0.));
#9837 = VECTOR('',#9838,1.);
#9838 = DIRECTION('',(0.,-1.));
#9839 = ( GEOMETRIC_REPRESENTATION_CONTEXT(2) 
PARAMETRIC_REPRESENTATION_CONTEXT() REPRESENTATION_CONTEXT('2D SPACE',''
  ) );
#9840 = ORIENTED_EDGE('',*,*,#5909,.T.);
#9841 = ORIENTED_EDGE('',*,*,#9820,.F.);
#9842 = ADVANCED_FACE('',(#9843),#3206,.F.);
#9843 = FACE_BOUND('',#9844,.F.);
#9844 = EDGE_LOOP('',(#9845,#9846,#9867,#9868));
#9845 = ORIENTED_EDGE('',*,*,#3185,.F.);
#9846 = ORIENTED_EDGE('',*,*,#9847,.T.);
#9847 = EDGE_CURVE('',#3186,#5760,#9848,.T.);
#9848 = SEAM_CURVE('',#9849,(#9853,#9860),.PCURVE_S1.);
#9849 = LINE('',#9850,#9851);
#9850 = CARTESIAN_POINT('',(137.5,-12.5,179.5));
#9851 = VECTOR('',#9852,1.);
#9852 = DIRECTION('',(-0.,1.,-0.));
#9853 = PCURVE('',#3206,#9854);
#9854 = DEFINITIONAL_REPRESENTATION('',(#9855),#9859);
#9855 = LINE('',#9856,#9857);
#9856 = CARTESIAN_POINT('',(6.28318530718,0.));
#9857 = VECTOR('',#9858,1.);
#9858 = DIRECTION('',(0.,-1.));
#9859 = ( GEOMETRIC_REPRESENTATION_CONTEXT(2) 
PARAMETRIC_REPRESENTATION_CONTEXT() REPRESENTATION_CONTEXT('2D SPACE',''
  ) );
#9860 = PCURVE('',#3206,#9861);
#9861 = DEFINITIONAL_REPRESENTATION('',(#9862),#9866);
#9862 = LINE('',#9863,#9864);
#9863 = CARTESIAN_POINT('',(0.,0.));
#9864 = VECTOR('',#9865,1.);
#9865 = DIRECTION('',(0.,-1.));
#9866 = ( GEOMETRIC_REPRESENTATION_CONTEXT(2) 
PARAMETRIC_REPRESENTATION_CONTEXT() REPRESENTATION_CONTEXT('2D SPACE',''
  ) );
#9867 = ORIENTED_EDGE('',*,*,#5759,.T.);
#9868 = ORIENTED_EDGE('',*,*,#9847,.F.);
#9869 = ADVANCED_FACE('',(#9870),#3241,.F.);
#9870 = FACE_BOUND('',#9871,.F.);
#9871 = EDGE_LOOP('',(#9872,#9873,#9894,#9895));
#9872 = ORIENTED_EDGE('',*,*,#3220,.F.);
#9873 = ORIENTED_EDGE('',*,*,#9874,.T.);
#9874 = EDGE_CURVE('',#3221,#6090,#9875,.T.);
#9875 = SEAM_CURVE('',#9876,(#9880,#9887),.PCURVE_S1.);
#9876 = LINE('',#9877,#9878);
#9877 = CARTESIAN_POINT('',(171.5,-12.5,150.5));
#9878 = VECTOR('',#9879,1.);
#9879 = DIRECTION('',(-0.,1.,-0.));
#9880 = PCURVE('',#3241,#9881);
#9881 = DEFINITIONAL_REPRESENTATION('',(#9882),#9886);
#9882 = LINE('',#9883,#9884);
#9883 = CARTESIAN_POINT('',(6.28318530718,0.));
#9884 = VECTOR('',#9885,1.);
#9885 = DIRECTION('',(0.,-1.));
#9886 = ( GEOMETRIC_REPRESENTATION_CONTEXT(2) 
PARAMETRIC_REPRESENTATION_CONTEXT() REPRESENTATION_CONTEXT('2D SPACE',''
  ) );
#9887 = PCURVE('',#3241,#9888);
#9888 = DEFINITIONAL_REPRESENTATION('',(#9889),#9893);
#9889 = LINE('',#9890,#9891);
#9890 = CARTESIAN_POINT('',(0.,0.));
#9891 = VECTOR('',#9892,1.);
#9892 = DIRECTION('',(0.,-1.));
#9893 = ( GEOMETRIC_REPRESENTATION_CONTEXT(2) 
PARAMETRIC_REPRESENTATION_CONTEXT() REPRESENTATION_CONTEXT('2D SPACE',''
  ) );
#9894 = ORIENTED_EDGE('',*,*,#6089,.T.);
#9895 = ORIENTED_EDGE('',*,*,#9874,.F.);
#9896 = ADVANCED_FACE('',(#9897),#3276,.F.);
#9897 = FACE_BOUND('',#9898,.F.);
#9898 = EDGE_LOOP('',(#9899,#9900,#9921,#9922));
#9899 = ORIENTED_EDGE('',*,*,#3255,.F.);
#9900 = ORIENTED_EDGE('',*,*,#9901,.T.);
#9901 = EDGE_CURVE('',#3256,#5940,#9902,.T.);
#9902 = SEAM_CURVE('',#9903,(#9907,#9914),.PCURVE_S1.);
#9903 = LINE('',#9904,#9905);
#9904 = CARTESIAN_POINT('',(171.5,-12.5,179.5));
#9905 = VECTOR('',#9906,1.);
#9906 = DIRECTION('',(-0.,1.,-0.));
#9907 = PCURVE('',#3276,#9908);
#9908 = DEFINITIONAL_REPRESENTATION('',(#9909),#9913);
#9909 = LINE('',#9910,#9911);
#9910 = CARTESIAN_POINT('',(6.28318530718,0.));
#9911 = VECTOR('',#9912,1.);
#9912 = DIRECTION('',(0.,-1.));
#9913 = ( GEOMETRIC_REPRESENTATION_CONTEXT(2) 
PARAMETRIC_REPRESENTATION_CONTEXT() REPRESENTATION_CONTEXT('2D SPACE',''
  ) );
#9914 = PCURVE('',#3276,#9915);
#9915 = DEFINITIONAL_REPRESENTATION('',(#9916),#9920);
#9916 = LINE('',#9917,#9918);
#9917 = CARTESIAN_POINT('',(0.,0.));
#9918 = VECTOR('',#9919,1.);
#9919 = DIRECTION('',(0.,-1.));
#9920 = ( GEOMETRIC_REPRESENTATION_CONTEXT(2) 
PARAMETRIC_REPRESENTATION_CONTEXT() REPRESENTATION_CONTEXT('2D SPACE',''
  ) );
#9921 = ORIENTED_EDGE('',*,*,#5939,.T.);
#9922 = ORIENTED_EDGE('',*,*,#9901,.F.);
#9923 = ADVANCED_FACE('',(#9924),#3311,.F.);
#9924 = FACE_BOUND('',#9925,.F.);
#9925 = EDGE_LOOP('',(#9926,#9927,#9948,#9949));
#9926 = ORIENTED_EDGE('',*,*,#3290,.F.);
#9927 = ORIENTED_EDGE('',*,*,#9928,.T.);
#9928 = EDGE_CURVE('',#3291,#6240,#9929,.T.);
#9929 = SEAM_CURVE('',#9930,(#9934,#9941),.PCURVE_S1.);
#9930 = LINE('',#9931,#9932);
#9931 = CARTESIAN_POINT('',(205.5,-12.5,121.5));
#9932 = VECTOR('',#9933,1.);
#9933 = DIRECTION('',(-0.,1.,-0.));
#9934 = PCURVE('',#3311,#9935);
#9935 = DEFINITIONAL_REPRESENTATION('',(#9936),#9940);
#9936 = LINE('',#9937,#9938);
#9937 = CARTESIAN_POINT('',(6.28318530718,0.));
#9938 = VECTOR('',#9939,1.);
#9939 = DIRECTION('',(0.,-1.));
#9940 = ( GEOMETRIC_REPRESENTATION_CONTEXT(2) 
PARAMETRIC_REPRESENTATION_CONTEXT() REPRESENTATION_CONTEXT('2D SPACE',''
  ) );
#9941 = PCURVE('',#3311,#9942);
#9942 = DEFINITIONAL_REPRESENTATION('',(#9943),#9947);
#9943 = LINE('',#9944,#9945);
#9944 = CARTESIAN_POINT('',(0.,0.));
#9945 = VECTOR('',#9946,1.);
#9946 = DIRECTION('',(0.,-1.));
#9947 = ( GEOMETRIC_REPRESENTATION_CONTEXT(2) 
PARAMETRIC_REPRESENTATION_CONTEXT() REPRESENTATION_CONTEXT('2D SPACE',''
  ) );
#9948 = ORIENTED_EDGE('',*,*,#6239,.T.);
#9949 = ORIENTED_EDGE('',*,*,#9928,.F.);
#9950 = ADVANCED_FACE('',(#9951),#3346,.F.);
#9951 = FACE_BOUND('',#9952,.F.);
#9952 = EDGE_LOOP('',(#9953,#9954,#9975,#9976));
#9953 = ORIENTED_EDGE('',*,*,#3325,.F.);
#9954 = ORIENTED_EDGE('',*,*,#9955,.T.);
#9955 = EDGE_CURVE('',#3326,#6420,#9956,.T.);
#9956 = SEAM_CURVE('',#9957,(#9961,#9968),.PCURVE_S1.);
#9957 = LINE('',#9958,#9959);
#9958 = CARTESIAN_POINT('',(239.5,-12.5,121.5));
#9959 = VECTOR('',#9960,1.);
#9960 = DIRECTION('',(-0.,1.,-0.));
#9961 = PCURVE('',#3346,#9962);
#9962 = DEFINITIONAL_REPRESENTATION('',(#9963),#9967);
#9963 = LINE('',#9964,#9965);
#9964 = CARTESIAN_POINT('',(6.28318530718,0.));
#9965 = VECTOR('',#9966,1.);
#9966 = DIRECTION('',(0.,-1.));
#9967 = ( GEOMETRIC_REPRESENTATION_CONTEXT(2) 
PARAMETRIC_REPRESENTATION_CONTEXT() REPRESENTATION_CONTEXT('2D SPACE',''
  ) );
#9968 = PCURVE('',#3346,#9969);
#9969 = DEFINITIONAL_REPRESENTATION('',(#9970),#9974);
#9970 = LINE('',#9971,#9972);
#9971 = CARTESIAN_POINT('',(0.,0.));
#9972 = VECTOR('',#9973,1.);
#9973 = DIRECTION('',(0.,-1.));
#9974 = ( GEOMETRIC_REPRESENTATION_CONTEXT(2) 
PARAMETRIC_REPRESENTATION_CONTEXT() REPRESENTATION_CONTEXT('2D SPACE',''
  ) );
#9975 = ORIENTED_EDGE('',*,*,#6419,.T.);
#9976 = ORIENTED_EDGE('',*,*,#9955,.F.);
#9977 = ADVANCED_FACE('',(#9978),#3381,.F.);
#9978 = FACE_BOUND('',#9979,.F.);
#9979 = EDGE_LOOP('',(#9980,#9981,#10002,#10003));
#9980 = ORIENTED_EDGE('',*,*,#3360,.F.);
#9981 = ORIENTED_EDGE('',*,*,#9982,.T.);
#9982 = EDGE_CURVE('',#3361,#6270,#9983,.T.);
#9983 = SEAM_CURVE('',#9984,(#9988,#9995),.PCURVE_S1.);
#9984 = LINE('',#9985,#9986);
#9985 = CARTESIAN_POINT('',(205.5,-12.5,150.5));
#9986 = VECTOR('',#9987,1.);
#9987 = DIRECTION('',(-0.,1.,-0.));
#9988 = PCURVE('',#3381,#9989);
#9989 = DEFINITIONAL_REPRESENTATION('',(#9990),#9994);
#9990 = LINE('',#9991,#9992);
#9991 = CARTESIAN_POINT('',(6.28318530718,0.));
#9992 = VECTOR('',#9993,1.);
#9993 = DIRECTION('',(0.,-1.));
#9994 = ( GEOMETRIC_REPRESENTATION_CONTEXT(2) 
PARAMETRIC_REPRESENTATION_CONTEXT() REPRESENTATION_CONTEXT('2D SPACE',''
  ) );
#9995 = PCURVE('',#3381,#9996);
#9996 = DEFINITIONAL_REPRESENTATION('',(#9997),#10001);
#9997 = LINE('',#9998,#9999);
#9998 = CARTESIAN_POINT('',(0.,0.));
#9999 = VECTOR('',#10000,1.);
#10000 = DIRECTION('',(0.,-1.));
#10001 = ( GEOMETRIC_REPRESENTATION_CONTEXT(2) 
PARAMETRIC_REPRESENTATION_CONTEXT() REPRESENTATION_CONTEXT('2D SPACE',''
  ) );
#10002 = ORIENTED_EDGE('',*,*,#6269,.T.);
#10003 = ORIENTED_EDGE('',*,*,#9982,.F.);
#10004 = ADVANCED_FACE('',(#10005),#3416,.F.);
#10005 = FACE_BOUND('',#10006,.F.);
#10006 = EDGE_LOOP('',(#10007,#10008,#10029,#10030));
#10007 = ORIENTED_EDGE('',*,*,#3395,.F.);
#10008 = ORIENTED_EDGE('',*,*,#10009,.T.);
#10009 = EDGE_CURVE('',#3396,#6120,#10010,.T.);
#10010 = SEAM_CURVE('',#10011,(#10015,#10022),.PCURVE_S1.);
#10011 = LINE('',#10012,#10013);
#10012 = CARTESIAN_POINT('',(205.5,-12.5,179.5));
#10013 = VECTOR('',#10014,1.);
#10014 = DIRECTION('',(-0.,1.,-0.));
#10015 = PCURVE('',#3416,#10016);
#10016 = DEFINITIONAL_REPRESENTATION('',(#10017),#10021);
#10017 = LINE('',#10018,#10019);
#10018 = CARTESIAN_POINT('',(6.28318530718,0.));
#10019 = VECTOR('',#10020,1.);
#10020 = DIRECTION('',(0.,-1.));
#10021 = ( GEOMETRIC_REPRESENTATION_CONTEXT(2) 
PARAMETRIC_REPRESENTATION_CONTEXT() REPRESENTATION_CONTEXT('2D SPACE',''
  ) );
#10022 = PCURVE('',#3416,#10023);
#10023 = DEFINITIONAL_REPRESENTATION('',(#10024),#10028);
#10024 = LINE('',#10025,#10026);
#10025 = CARTESIAN_POINT('',(0.,0.));
#10026 = VECTOR('',#10027,1.);
#10027 = DIRECTION('',(0.,-1.));
#10028 = ( GEOMETRIC_REPRESENTATION_CONTEXT(2) 
PARAMETRIC_REPRESENTATION_CONTEXT() REPRESENTATION_CONTEXT('2D SPACE',''
  ) );
#10029 = ORIENTED_EDGE('',*,*,#6119,.T.);
#10030 = ORIENTED_EDGE('',*,*,#10009,.F.);
#10031 = ADVANCED_FACE('',(#10032),#3451,.F.);
#10032 = FACE_BOUND('',#10033,.F.);
#10033 = EDGE_LOOP('',(#10034,#10035,#10056,#10057));
#10034 = ORIENTED_EDGE('',*,*,#3430,.F.);
#10035 = ORIENTED_EDGE('',*,*,#10036,.T.);
#10036 = EDGE_CURVE('',#3431,#6450,#10037,.T.);
#10037 = SEAM_CURVE('',#10038,(#10042,#10049),.PCURVE_S1.);
#10038 = LINE('',#10039,#10040);
#10039 = CARTESIAN_POINT('',(239.5,-12.5,150.5));
#10040 = VECTOR('',#10041,1.);
#10041 = DIRECTION('',(-0.,1.,-0.));
#10042 = PCURVE('',#3451,#10043);
#10043 = DEFINITIONAL_REPRESENTATION('',(#10044),#10048);
#10044 = LINE('',#10045,#10046);
#10045 = CARTESIAN_POINT('',(6.28318530718,0.));
#10046 = VECTOR('',#10047,1.);
#10047 = DIRECTION('',(0.,-1.));
#10048 = ( GEOMETRIC_REPRESENTATION_CONTEXT(2) 
PARAMETRIC_REPRESENTATION_CONTEXT() REPRESENTATION_CONTEXT('2D SPACE',''
  ) );
#10049 = PCURVE('',#3451,#10050);
#10050 = DEFINITIONAL_REPRESENTATION('',(#10051),#10055);
#10051 = LINE('',#10052,#10053);
#10052 = CARTESIAN_POINT('',(0.,0.));
#10053 = VECTOR('',#10054,1.);
#10054 = DIRECTION('',(0.,-1.));
#10055 = ( GEOMETRIC_REPRESENTATION_CONTEXT(2) 
PARAMETRIC_REPRESENTATION_CONTEXT() REPRESENTATION_CONTEXT('2D SPACE',''
  ) );
#10056 = ORIENTED_EDGE('',*,*,#6449,.T.);
#10057 = ORIENTED_EDGE('',*,*,#10036,.F.);
#10058 = ADVANCED_FACE('',(#10059),#3486,.F.);
#10059 = FACE_BOUND('',#10060,.F.);
#10060 = EDGE_LOOP('',(#10061,#10062,#10083,#10084));
#10061 = ORIENTED_EDGE('',*,*,#3465,.F.);
#10062 = ORIENTED_EDGE('',*,*,#10063,.T.);
#10063 = EDGE_CURVE('',#3466,#6300,#10064,.T.);
#10064 = SEAM_CURVE('',#10065,(#10069,#10076),.PCURVE_S1.);
#10065 = LINE('',#10066,#10067);
#10066 = CARTESIAN_POINT('',(239.5,-12.5,179.5));
#10067 = VECTOR('',#10068,1.);
#10068 = DIRECTION('',(-0.,1.,-0.));
#10069 = PCURVE('',#3486,#10070);
#10070 = DEFINITIONAL_REPRESENTATION('',(#10071),#10075);
#10071 = LINE('',#10072,#10073);
#10072 = CARTESIAN_POINT('',(6.28318530718,0.));
#10073 = VECTOR('',#10074,1.);
#10074 = DIRECTION('',(0.,-1.));
#10075 = ( GEOMETRIC_REPRESENTATION_CONTEXT(2) 
PARAMETRIC_REPRESENTATION_CONTEXT() REPRESENTATION_CONTEXT('2D SPACE',''
  ) );
#10076 = PCURVE('',#3486,#10077);
#10077 = DEFINITIONAL_REPRESENTATION('',(#10078),#10082);
#10078 = LINE('',#10079,#10080);
#10079 = CARTESIAN_POINT('',(0.,0.));
#10080 = VECTOR('',#10081,1.);
#10081 = DIRECTION('',(0.,-1.));
#10082 = ( GEOMETRIC_REPRESENTATION_CONTEXT(2) 
PARAMETRIC_REPRESENTATION_CONTEXT() REPRESENTATION_CONTEXT('2D SPACE',''
  ) );
#10083 = ORIENTED_EDGE('',*,*,#6299,.T.);
#10084 = ORIENTED_EDGE('',*,*,#10063,.F.);
#10085 = ADVANCED_FACE('',(#10086),#3638,.F.);
#10086 = FACE_BOUND('',#10087,.F.);
#10087 = EDGE_LOOP('',(#10088,#10089,#10108,#10109));
#10088 = ORIENTED_EDGE('',*,*,#3622,.F.);
#10089 = ORIENTED_EDGE('',*,*,#10090,.F.);
#10090 = EDGE_CURVE('',#7670,#3623,#10091,.T.);
#10091 = SURFACE_CURVE('',#10092,(#10096,#10102),.PCURVE_S1.);
#10092 = LINE('',#10093,#10094);
#10093 = CARTESIAN_POINT('',(38.5,2.5,20.));
#10094 = VECTOR('',#10095,1.);
#10095 = DIRECTION('',(0.,-1.,0.));
#10096 = PCURVE('',#3638,#10097);
#10097 = DEFINITIONAL_REPRESENTATION('',(#10098),#10101);
#10098 = B_SPLINE_CURVE_WITH_KNOTS('',1,(#10099,#10100),.UNSPECIFIED.,
  .F.,.F.,(2,2),(-3.75,0.),.PIECEWISE_BEZIER_KNOTS.);
#10099 = CARTESIAN_POINT('',(20.,-3.75));
#10100 = CARTESIAN_POINT('',(20.,0.));
#10101 = ( GEOMETRIC_REPRESENTATION_CONTEXT(2) 
PARAMETRIC_REPRESENTATION_CONTEXT() REPRESENTATION_CONTEXT('2D SPACE',''
  ) );
#10102 = PCURVE('',#3666,#10103);
#10103 = DEFINITIONAL_REPRESENTATION('',(#10104),#10107);
#10104 = B_SPLINE_CURVE_WITH_KNOTS('',1,(#10105,#10106),.UNSPECIFIED.,
  .F.,.F.,(2,2),(-3.75,0.),.PIECEWISE_BEZIER_KNOTS.);
#10105 = CARTESIAN_POINT('',(39.5,3.75));
#10106 = CARTESIAN_POINT('',(39.5,0.));
#10107 = ( GEOMETRIC_REPRESENTATION_CONTEXT(2) 
PARAMETRIC_REPRESENTATION_CONTEXT() REPRESENTATION_CONTEXT('2D SPACE',''
  ) );
#10108 = ORIENTED_EDGE('',*,*,#7690,.T.);
#10109 = ORIENTED_EDGE('',*,*,#7596,.F.);
#10110 = ADVANCED_FACE('',(#10111),#3666,.F.);
#10111 = FACE_BOUND('',#10112,.F.);
#10112 = EDGE_LOOP('',(#10113,#10114,#10115,#10134));
#10113 = ORIENTED_EDGE('',*,*,#10090,.T.);
#10114 = ORIENTED_EDGE('',*,*,#3650,.T.);
#10115 = ORIENTED_EDGE('',*,*,#10116,.F.);
#10116 = EDGE_CURVE('',#7645,#3651,#10117,.T.);
#10117 = SURFACE_CURVE('',#10118,(#10122,#10128),.PCURVE_S1.);
#10118 = LINE('',#10119,#10120);
#10119 = CARTESIAN_POINT('',(41.5,2.5,20.));
#10120 = VECTOR('',#10121,1.);
#10121 = DIRECTION('',(0.,-1.,0.));
#10122 = PCURVE('',#3666,#10123);
#10123 = DEFINITIONAL_REPRESENTATION('',(#10124),#10127);
#10124 = B_SPLINE_CURVE_WITH_KNOTS('',1,(#10125,#10126),.UNSPECIFIED.,
  .F.,.F.,(2,2),(-3.75,0.),.PIECEWISE_BEZIER_KNOTS.);
#10125 = CARTESIAN_POINT('',(42.5,3.75));
#10126 = CARTESIAN_POINT('',(42.5,0.));
#10127 = ( GEOMETRIC_REPRESENTATION_CONTEXT(2) 
PARAMETRIC_REPRESENTATION_CONTEXT() REPRESENTATION_CONTEXT('2D SPACE',''
  ) );
#10128 = PCURVE('',#3694,#10129);
#10129 = DEFINITIONAL_REPRESENTATION('',(#10130),#10133);
#10130 = B_SPLINE_CURVE_WITH_KNOTS('',1,(#10131,#10132),.UNSPECIFIED.,
  .F.,.F.,(2,2),(-3.75,0.),.PIECEWISE_BEZIER_KNOTS.);
#10131 = CARTESIAN_POINT('',(20.,-3.75));
#10132 = CARTESIAN_POINT('',(20.,0.));
#10133 = ( GEOMETRIC_REPRESENTATION_CONTEXT(2) 
PARAMETRIC_REPRESENTATION_CONTEXT() REPRESENTATION_CONTEXT('2D SPACE',''
  ) );
#10134 = ORIENTED_EDGE('',*,*,#7669,.F.);
#10135 = ADVANCED_FACE('',(#10136),#3694,.T.);
#10136 = FACE_BOUND('',#10137,.T.);
#10137 = EDGE_LOOP('',(#10138,#10139,#10140,#10141));
#10138 = ORIENTED_EDGE('',*,*,#3678,.F.);
#10139 = ORIENTED_EDGE('',*,*,#10116,.F.);
#10140 = ORIENTED_EDGE('',*,*,#7644,.T.);
#10141 = ORIENTED_EDGE('',*,*,#7787,.F.);
#10142 = ADVANCED_FACE('',(#10143),#3767,.F.);
#10143 = FACE_BOUND('',#10144,.F.);
#10144 = EDGE_LOOP('',(#10145,#10146,#10165,#10166));
#10145 = ORIENTED_EDGE('',*,*,#3751,.F.);
#10146 = ORIENTED_EDGE('',*,*,#10147,.F.);
#10147 = EDGE_CURVE('',#8008,#3752,#10148,.T.);
#10148 = SURFACE_CURVE('',#10149,(#10153,#10159),.PCURVE_S1.);
#10149 = LINE('',#10150,#10151);
#10150 = CARTESIAN_POINT('',(72.5,2.5,20.));
#10151 = VECTOR('',#10152,1.);
#10152 = DIRECTION('',(0.,-1.,0.));
#10153 = PCURVE('',#3767,#10154);
#10154 = DEFINITIONAL_REPRESENTATION('',(#10155),#10158);
#10155 = B_SPLINE_CURVE_WITH_KNOTS('',1,(#10156,#10157),.UNSPECIFIED.,
  .F.,.F.,(2,2),(-3.75,0.),.PIECEWISE_BEZIER_KNOTS.);
#10156 = CARTESIAN_POINT('',(20.,-3.75));
#10157 = CARTESIAN_POINT('',(20.,0.));
#10158 = ( GEOMETRIC_REPRESENTATION_CONTEXT(2) 
PARAMETRIC_REPRESENTATION_CONTEXT() REPRESENTATION_CONTEXT('2D SPACE',''
  ) );
#10159 = PCURVE('',#3795,#10160);
#10160 = DEFINITIONAL_REPRESENTATION('',(#10161),#10164);
#10161 = B_SPLINE_CURVE_WITH_KNOTS('',1,(#10162,#10163),.UNSPECIFIED.,
  .F.,.F.,(2,2),(-3.75,0.),.PIECEWISE_BEZIER_KNOTS.);
#10162 = CARTESIAN_POINT('',(73.5,3.75));
#10163 = CARTESIAN_POINT('',(73.5,0.));
#10164 = ( GEOMETRIC_REPRESENTATION_CONTEXT(2) 
PARAMETRIC_REPRESENTATION_CONTEXT() REPRESENTATION_CONTEXT('2D SPACE',''
  ) );
#10165 = ORIENTED_EDGE('',*,*,#8028,.T.);
#10166 = ORIENTED_EDGE('',*,*,#7934,.F.);
#10167 = ADVANCED_FACE('',(#10168),#3795,.F.);
#10168 = FACE_BOUND('',#10169,.F.);
#10169 = EDGE_LOOP('',(#10170,#10171,#10172,#10191));
#10170 = ORIENTED_EDGE('',*,*,#10147,.T.);
#10171 = ORIENTED_EDGE('',*,*,#3779,.T.);
#10172 = ORIENTED_EDGE('',*,*,#10173,.F.);
#10173 = EDGE_CURVE('',#7983,#3780,#10174,.T.);
#10174 = SURFACE_CURVE('',#10175,(#10179,#10185),.PCURVE_S1.);
#10175 = LINE('',#10176,#10177);
#10176 = CARTESIAN_POINT('',(75.5,2.5,20.));
#10177 = VECTOR('',#10178,1.);
#10178 = DIRECTION('',(0.,-1.,0.));
#10179 = PCURVE('',#3795,#10180);
#10180 = DEFINITIONAL_REPRESENTATION('',(#10181),#10184);
#10181 = B_SPLINE_CURVE_WITH_KNOTS('',1,(#10182,#10183),.UNSPECIFIED.,
  .F.,.F.,(2,2),(-3.75,0.),.PIECEWISE_BEZIER_KNOTS.);
#10182 = CARTESIAN_POINT('',(76.5,3.75));
#10183 = CARTESIAN_POINT('',(76.5,0.));
#10184 = ( GEOMETRIC_REPRESENTATION_CONTEXT(2) 
PARAMETRIC_REPRESENTATION_CONTEXT() REPRESENTATION_CONTEXT('2D SPACE',''
  ) );
#10185 = PCURVE('',#3823,#10186);
#10186 = DEFINITIONAL_REPRESENTATION('',(#10187),#10190);
#10187 = B_SPLINE_CURVE_WITH_KNOTS('',1,(#10188,#10189),.UNSPECIFIED.,
  .F.,.F.,(2,2),(-3.75,0.),.PIECEWISE_BEZIER_KNOTS.);
#10188 = CARTESIAN_POINT('',(20.,-3.75));
#10189 = CARTESIAN_POINT('',(20.,0.));
#10190 = ( GEOMETRIC_REPRESENTATION_CONTEXT(2) 
PARAMETRIC_REPRESENTATION_CONTEXT() REPRESENTATION_CONTEXT('2D SPACE',''
  ) );
#10191 = ORIENTED_EDGE('',*,*,#8007,.F.);
#10192 = ADVANCED_FACE('',(#10193),#3823,.T.);
#10193 = FACE_BOUND('',#10194,.T.);
#10194 = EDGE_LOOP('',(#10195,#10196,#10197,#10198));
#10195 = ORIENTED_EDGE('',*,*,#3807,.F.);
#10196 = ORIENTED_EDGE('',*,*,#10173,.F.);
#10197 = ORIENTED_EDGE('',*,*,#7982,.T.);
#10198 = ORIENTED_EDGE('',*,*,#8125,.F.);
#10199 = ADVANCED_FACE('',(#10200),#3896,.F.);
#10200 = FACE_BOUND('',#10201,.F.);
#10201 = EDGE_LOOP('',(#10202,#10203,#10222,#10223));
#10202 = ORIENTED_EDGE('',*,*,#3880,.F.);
#10203 = ORIENTED_EDGE('',*,*,#10204,.F.);
#10204 = EDGE_CURVE('',#8346,#3881,#10205,.T.);
#10205 = SURFACE_CURVE('',#10206,(#10210,#10216),.PCURVE_S1.);
#10206 = LINE('',#10207,#10208);
#10207 = CARTESIAN_POINT('',(106.5,2.5,20.));
#10208 = VECTOR('',#10209,1.);
#10209 = DIRECTION('',(0.,-1.,0.));
#10210 = PCURVE('',#3896,#10211);
#10211 = DEFINITIONAL_REPRESENTATION('',(#10212),#10215);
#10212 = B_SPLINE_CURVE_WITH_KNOTS('',1,(#10213,#10214),.UNSPECIFIED.,
  .F.,.F.,(2,2),(-3.75,0.),.PIECEWISE_BEZIER_KNOTS.);
#10213 = CARTESIAN_POINT('',(20.,-3.75));
#10214 = CARTESIAN_POINT('',(20.,0.));
#10215 = ( GEOMETRIC_REPRESENTATION_CONTEXT(2) 
PARAMETRIC_REPRESENTATION_CONTEXT() REPRESENTATION_CONTEXT('2D SPACE',''
  ) );
#10216 = PCURVE('',#3924,#10217);
#10217 = DEFINITIONAL_REPRESENTATION('',(#10218),#10221);
#10218 = B_SPLINE_CURVE_WITH_KNOTS('',1,(#10219,#10220),.UNSPECIFIED.,
  .F.,.F.,(2,2),(-3.75,0.),.PIECEWISE_BEZIER_KNOTS.);
#10219 = CARTESIAN_POINT('',(107.5,3.75));
#10220 = CARTESIAN_POINT('',(107.5,0.));
#10221 = ( GEOMETRIC_REPRESENTATION_CONTEXT(2) 
PARAMETRIC_REPRESENTATION_CONTEXT() REPRESENTATION_CONTEXT('2D SPACE',''
  ) );
#10222 = ORIENTED_EDGE('',*,*,#8366,.T.);
#10223 = ORIENTED_EDGE('',*,*,#8272,.F.);
#10224 = ADVANCED_FACE('',(#10225),#3924,.F.);
#10225 = FACE_BOUND('',#10226,.F.);
#10226 = EDGE_LOOP('',(#10227,#10228,#10229,#10248));
#10227 = ORIENTED_EDGE('',*,*,#10204,.T.);
#10228 = ORIENTED_EDGE('',*,*,#3908,.T.);
#10229 = ORIENTED_EDGE('',*,*,#10230,.F.);
#10230 = EDGE_CURVE('',#8321,#3909,#10231,.T.);
#10231 = SURFACE_CURVE('',#10232,(#10236,#10242),.PCURVE_S1.);
#10232 = LINE('',#10233,#10234);
#10233 = CARTESIAN_POINT('',(109.5,2.5,20.));
#10234 = VECTOR('',#10235,1.);
#10235 = DIRECTION('',(0.,-1.,0.));
#10236 = PCURVE('',#3924,#10237);
#10237 = DEFINITIONAL_REPRESENTATION('',(#10238),#10241);
#10238 = B_SPLINE_CURVE_WITH_KNOTS('',1,(#10239,#10240),.UNSPECIFIED.,
  .F.,.F.,(2,2),(-3.75,0.),.PIECEWISE_BEZIER_KNOTS.);
#10239 = CARTESIAN_POINT('',(110.5,3.75));
#10240 = CARTESIAN_POINT('',(110.5,0.));
#10241 = ( GEOMETRIC_REPRESENTATION_CONTEXT(2) 
PARAMETRIC_REPRESENTATION_CONTEXT() REPRESENTATION_CONTEXT('2D SPACE',''
  ) );
#10242 = PCURVE('',#3952,#10243);
#10243 = DEFINITIONAL_REPRESENTATION('',(#10244),#10247);
#10244 = B_SPLINE_CURVE_WITH_KNOTS('',1,(#10245,#10246),.UNSPECIFIED.,
  .F.,.F.,(2,2),(-3.75,0.),.PIECEWISE_BEZIER_KNOTS.);
#10245 = CARTESIAN_POINT('',(20.,-3.75));
#10246 = CARTESIAN_POINT('',(20.,0.));
#10247 = ( GEOMETRIC_REPRESENTATION_CONTEXT(2) 
PARAMETRIC_REPRESENTATION_CONTEXT() REPRESENTATION_CONTEXT('2D SPACE',''
  ) );
#10248 = ORIENTED_EDGE('',*,*,#8345,.F.);
#10249 = ADVANCED_FACE('',(#10250),#3952,.T.);
#10250 = FACE_BOUND('',#10251,.T.);
#10251 = EDGE_LOOP('',(#10252,#10253,#10254,#10255));
#10252 = ORIENTED_EDGE('',*,*,#3936,.F.);
#10253 = ORIENTED_EDGE('',*,*,#10230,.F.);
#10254 = ORIENTED_EDGE('',*,*,#8320,.T.);
#10255 = ORIENTED_EDGE('',*,*,#8463,.F.);
#10256 = ADVANCED_FACE('',(#10257),#4025,.F.);
#10257 = FACE_BOUND('',#10258,.F.);
#10258 = EDGE_LOOP('',(#10259,#10260,#10279,#10280));
#10259 = ORIENTED_EDGE('',*,*,#4009,.F.);
#10260 = ORIENTED_EDGE('',*,*,#10261,.F.);
#10261 = EDGE_CURVE('',#8513,#4010,#10262,.T.);
#10262 = SURFACE_CURVE('',#10263,(#10267,#10273),.PCURVE_S1.);
#10263 = LINE('',#10264,#10265);
#10264 = CARTESIAN_POINT('',(140.5,2.5,20.));
#10265 = VECTOR('',#10266,1.);
#10266 = DIRECTION('',(0.,-1.,0.));
#10267 = PCURVE('',#4025,#10268);
#10268 = DEFINITIONAL_REPRESENTATION('',(#10269),#10272);
#10269 = B_SPLINE_CURVE_WITH_KNOTS('',1,(#10270,#10271),.UNSPECIFIED.,
  .F.,.F.,(2,2),(-3.75,0.),.PIECEWISE_BEZIER_KNOTS.);
#10270 = CARTESIAN_POINT('',(20.,-3.75));
#10271 = CARTESIAN_POINT('',(20.,0.));
#10272 = ( GEOMETRIC_REPRESENTATION_CONTEXT(2) 
PARAMETRIC_REPRESENTATION_CONTEXT() REPRESENTATION_CONTEXT('2D SPACE',''
  ) );
#10273 = PCURVE('',#4053,#10274);
#10274 = DEFINITIONAL_REPRESENTATION('',(#10275),#10278);
#10275 = B_SPLINE_CURVE_WITH_KNOTS('',1,(#10276,#10277),.UNSPECIFIED.,
  .F.,.F.,(2,2),(-3.75,0.),.PIECEWISE_BEZIER_KNOTS.);
#10276 = CARTESIAN_POINT('',(141.5,3.75));
#10277 = CARTESIAN_POINT('',(141.5,0.));
#10278 = ( GEOMETRIC_REPRESENTATION_CONTEXT(2) 
PARAMETRIC_REPRESENTATION_CONTEXT() REPRESENTATION_CONTEXT('2D SPACE',''
  ) );
#10279 = ORIENTED_EDGE('',*,*,#8533,.T.);
#10280 = ORIENTED_EDGE('',*,*,#8583,.F.);
#10281 = ADVANCED_FACE('',(#10282),#4053,.F.);
#10282 = FACE_BOUND('',#10283,.F.);
#10283 = EDGE_LOOP('',(#10284,#10285,#10304,#10305));
#10284 = ORIENTED_EDGE('',*,*,#4037,.T.);
#10285 = ORIENTED_EDGE('',*,*,#10286,.F.);
#10286 = EDGE_CURVE('',#8490,#4038,#10287,.T.);
#10287 = SURFACE_CURVE('',#10288,(#10292,#10298),.PCURVE_S1.);
#10288 = LINE('',#10289,#10290);
#10289 = CARTESIAN_POINT('',(143.5,2.5,20.));
#10290 = VECTOR('',#10291,1.);
#10291 = DIRECTION('',(0.,-1.,0.));
#10292 = PCURVE('',#4053,#10293);
#10293 = DEFINITIONAL_REPRESENTATION('',(#10294),#10297);
#10294 = B_SPLINE_CURVE_WITH_KNOTS('',1,(#10295,#10296),.UNSPECIFIED.,
  .F.,.F.,(2,2),(-3.75,0.),.PIECEWISE_BEZIER_KNOTS.);
#10295 = CARTESIAN_POINT('',(144.5,3.75));
#10296 = CARTESIAN_POINT('',(144.5,0.));
#10297 = ( GEOMETRIC_REPRESENTATION_CONTEXT(2) 
PARAMETRIC_REPRESENTATION_CONTEXT() REPRESENTATION_CONTEXT('2D SPACE',''
  ) );
#10298 = PCURVE('',#4081,#10299);
#10299 = DEFINITIONAL_REPRESENTATION('',(#10300),#10303);
#10300 = B_SPLINE_CURVE_WITH_KNOTS('',1,(#10301,#10302),.UNSPECIFIED.,
  .F.,.F.,(2,2),(-3.75,0.),.PIECEWISE_BEZIER_KNOTS.);
#10301 = CARTESIAN_POINT('',(20.,-3.75));
#10302 = CARTESIAN_POINT('',(20.,0.));
#10303 = ( GEOMETRIC_REPRESENTATION_CONTEXT(2) 
PARAMETRIC_REPRESENTATION_CONTEXT() REPRESENTATION_CONTEXT('2D SPACE',''
  ) );
#10304 = ORIENTED_EDGE('',*,*,#8512,.F.);
#10305 = ORIENTED_EDGE('',*,*,#10261,.T.);
#10306 = ADVANCED_FACE('',(#10307),#4081,.T.);
#10307 = FACE_BOUND('',#10308,.T.);
#10308 = EDGE_LOOP('',(#10309,#10310,#10311,#10312));
#10309 = ORIENTED_EDGE('',*,*,#4065,.F.);
#10310 = ORIENTED_EDGE('',*,*,#10286,.F.);
#10311 = ORIENTED_EDGE('',*,*,#8489,.T.);
#10312 = ORIENTED_EDGE('',*,*,#8414,.F.);
#10313 = ADVANCED_FACE('',(#10314),#4154,.F.);
#10314 = FACE_BOUND('',#10315,.F.);
#10315 = EDGE_LOOP('',(#10316,#10317,#10336,#10337));
#10316 = ORIENTED_EDGE('',*,*,#4138,.F.);
#10317 = ORIENTED_EDGE('',*,*,#10318,.F.);
#10318 = EDGE_CURVE('',#8175,#4139,#10319,.T.);
#10319 = SURFACE_CURVE('',#10320,(#10324,#10330),.PCURVE_S1.);
#10320 = LINE('',#10321,#10322);
#10321 = CARTESIAN_POINT('',(174.5,2.5,20.));
#10322 = VECTOR('',#10323,1.);
#10323 = DIRECTION('',(0.,-1.,0.));
#10324 = PCURVE('',#4154,#10325);
#10325 = DEFINITIONAL_REPRESENTATION('',(#10326),#10329);
#10326 = B_SPLINE_CURVE_WITH_KNOTS('',1,(#10327,#10328),.UNSPECIFIED.,
  .F.,.F.,(2,2),(-3.75,0.),.PIECEWISE_BEZIER_KNOTS.);
#10327 = CARTESIAN_POINT('',(20.,-3.75));
#10328 = CARTESIAN_POINT('',(20.,0.));
#10329 = ( GEOMETRIC_REPRESENTATION_CONTEXT(2) 
PARAMETRIC_REPRESENTATION_CONTEXT() REPRESENTATION_CONTEXT('2D SPACE',''
  ) );
#10330 = PCURVE('',#4182,#10331);
#10331 = DEFINITIONAL_REPRESENTATION('',(#10332),#10335);
#10332 = B_SPLINE_CURVE_WITH_KNOTS('',1,(#10333,#10334),.UNSPECIFIED.,
  .F.,.F.,(2,2),(-3.75,0.),.PIECEWISE_BEZIER_KNOTS.);
#10333 = CARTESIAN_POINT('',(175.5,3.75));
#10334 = CARTESIAN_POINT('',(175.5,0.));
#10335 = ( GEOMETRIC_REPRESENTATION_CONTEXT(2) 
PARAMETRIC_REPRESENTATION_CONTEXT() REPRESENTATION_CONTEXT('2D SPACE',''
  ) );
#10336 = ORIENTED_EDGE('',*,*,#8195,.T.);
#10337 = ORIENTED_EDGE('',*,*,#8245,.F.);
#10338 = ADVANCED_FACE('',(#10339),#4182,.F.);
#10339 = FACE_BOUND('',#10340,.F.);
#10340 = EDGE_LOOP('',(#10341,#10342,#10361,#10362));
#10341 = ORIENTED_EDGE('',*,*,#4166,.T.);
#10342 = ORIENTED_EDGE('',*,*,#10343,.F.);
#10343 = EDGE_CURVE('',#8152,#4167,#10344,.T.);
#10344 = SURFACE_CURVE('',#10345,(#10349,#10355),.PCURVE_S1.);
#10345 = LINE('',#10346,#10347);
#10346 = CARTESIAN_POINT('',(177.5,2.5,20.));
#10347 = VECTOR('',#10348,1.);
#10348 = DIRECTION('',(0.,-1.,0.));
#10349 = PCURVE('',#4182,#10350);
#10350 = DEFINITIONAL_REPRESENTATION('',(#10351),#10354);
#10351 = B_SPLINE_CURVE_WITH_KNOTS('',1,(#10352,#10353),.UNSPECIFIED.,
  .F.,.F.,(2,2),(-3.75,0.),.PIECEWISE_BEZIER_KNOTS.);
#10352 = CARTESIAN_POINT('',(178.5,3.75));
#10353 = CARTESIAN_POINT('',(178.5,0.));
#10354 = ( GEOMETRIC_REPRESENTATION_CONTEXT(2) 
PARAMETRIC_REPRESENTATION_CONTEXT() REPRESENTATION_CONTEXT('2D SPACE',''
  ) );
#10355 = PCURVE('',#4210,#10356);
#10356 = DEFINITIONAL_REPRESENTATION('',(#10357),#10360);
#10357 = B_SPLINE_CURVE_WITH_KNOTS('',1,(#10358,#10359),.UNSPECIFIED.,
  .F.,.F.,(2,2),(-3.75,0.),.PIECEWISE_BEZIER_KNOTS.);
#10358 = CARTESIAN_POINT('',(20.,-3.75));
#10359 = CARTESIAN_POINT('',(20.,0.));
#10360 = ( GEOMETRIC_REPRESENTATION_CONTEXT(2) 
PARAMETRIC_REPRESENTATION_CONTEXT() REPRESENTATION_CONTEXT('2D SPACE',''
  ) );
#10361 = ORIENTED_EDGE('',*,*,#8174,.F.);
#10362 = ORIENTED_EDGE('',*,*,#10318,.T.);
#10363 = ADVANCED_FACE('',(#10364),#4210,.T.);
#10364 = FACE_BOUND('',#10365,.T.);
#10365 = EDGE_LOOP('',(#10366,#10367,#10368,#10369));
#10366 = ORIENTED_EDGE('',*,*,#4194,.F.);
#10367 = ORIENTED_EDGE('',*,*,#10343,.F.);
#10368 = ORIENTED_EDGE('',*,*,#8151,.T.);
#10369 = ORIENTED_EDGE('',*,*,#8076,.F.);
#10370 = ADVANCED_FACE('',(#10371),#4283,.F.);
#10371 = FACE_BOUND('',#10372,.F.);
#10372 = EDGE_LOOP('',(#10373,#10374,#10393,#10394));
#10373 = ORIENTED_EDGE('',*,*,#4267,.F.);
#10374 = ORIENTED_EDGE('',*,*,#10375,.F.);
#10375 = EDGE_CURVE('',#7837,#4268,#10376,.T.);
#10376 = SURFACE_CURVE('',#10377,(#10381,#10387),.PCURVE_S1.);
#10377 = LINE('',#10378,#10379);
#10378 = CARTESIAN_POINT('',(208.5,2.5,20.));
#10379 = VECTOR('',#10380,1.);
#10380 = DIRECTION('',(0.,-1.,0.));
#10381 = PCURVE('',#4283,#10382);
#10382 = DEFINITIONAL_REPRESENTATION('',(#10383),#10386);
#10383 = B_SPLINE_CURVE_WITH_KNOTS('',1,(#10384,#10385),.UNSPECIFIED.,
  .F.,.F.,(2,2),(-3.75,0.),.PIECEWISE_BEZIER_KNOTS.);
#10384 = CARTESIAN_POINT('',(20.,-3.75));
#10385 = CARTESIAN_POINT('',(20.,0.));
#10386 = ( GEOMETRIC_REPRESENTATION_CONTEXT(2) 
PARAMETRIC_REPRESENTATION_CONTEXT() REPRESENTATION_CONTEXT('2D SPACE',''
  ) );
#10387 = PCURVE('',#4311,#10388);
#10388 = DEFINITIONAL_REPRESENTATION('',(#10389),#10392);
#10389 = B_SPLINE_CURVE_WITH_KNOTS('',1,(#10390,#10391),.UNSPECIFIED.,
  .F.,.F.,(2,2),(-3.75,0.),.PIECEWISE_BEZIER_KNOTS.);
#10390 = CARTESIAN_POINT('',(209.5,3.75));
#10391 = CARTESIAN_POINT('',(209.5,0.));
#10392 = ( GEOMETRIC_REPRESENTATION_CONTEXT(2) 
PARAMETRIC_REPRESENTATION_CONTEXT() REPRESENTATION_CONTEXT('2D SPACE',''
  ) );
#10393 = ORIENTED_EDGE('',*,*,#7857,.T.);
#10394 = ORIENTED_EDGE('',*,*,#7907,.F.);
#10395 = ADVANCED_FACE('',(#10396),#4311,.F.);
#10396 = FACE_BOUND('',#10397,.F.);
#10397 = EDGE_LOOP('',(#10398,#10399,#10418,#10419));
#10398 = ORIENTED_EDGE('',*,*,#4295,.T.);
#10399 = ORIENTED_EDGE('',*,*,#10400,.F.);
#10400 = EDGE_CURVE('',#7814,#4296,#10401,.T.);
#10401 = SURFACE_CURVE('',#10402,(#10406,#10412),.PCURVE_S1.);
#10402 = LINE('',#10403,#10404);
#10403 = CARTESIAN_POINT('',(211.5,2.5,20.));
#10404 = VECTOR('',#10405,1.);
#10405 = DIRECTION('',(0.,-1.,0.));
#10406 = PCURVE('',#4311,#10407);
#10407 = DEFINITIONAL_REPRESENTATION('',(#10408),#10411);
#10408 = B_SPLINE_CURVE_WITH_KNOTS('',1,(#10409,#10410),.UNSPECIFIED.,
  .F.,.F.,(2,2),(-3.75,0.),.PIECEWISE_BEZIER_KNOTS.);
#10409 = CARTESIAN_POINT('',(212.5,3.75));
#10410 = CARTESIAN_POINT('',(212.5,0.));
#10411 = ( GEOMETRIC_REPRESENTATION_CONTEXT(2) 
PARAMETRIC_REPRESENTATION_CONTEXT() REPRESENTATION_CONTEXT('2D SPACE',''
  ) );
#10412 = PCURVE('',#4339,#10413);
#10413 = DEFINITIONAL_REPRESENTATION('',(#10414),#10417);
#10414 = B_SPLINE_CURVE_WITH_KNOTS('',1,(#10415,#10416),.UNSPECIFIED.,
  .F.,.F.,(2,2),(-3.75,0.),.PIECEWISE_BEZIER_KNOTS.);
#10415 = CARTESIAN_POINT('',(20.,-3.75));
#10416 = CARTESIAN_POINT('',(20.,0.));
#10417 = ( GEOMETRIC_REPRESENTATION_CONTEXT(2) 
PARAMETRIC_REPRESENTATION_CONTEXT() REPRESENTATION_CONTEXT('2D SPACE',''
  ) );
#10418 = ORIENTED_EDGE('',*,*,#7836,.F.);
#10419 = ORIENTED_EDGE('',*,*,#10375,.T.);
#10420 = ADVANCED_FACE('',(#10421),#4339,.T.);
#10421 = FACE_BOUND('',#10422,.T.);
#10422 = EDGE_LOOP('',(#10423,#10424,#10425,#10426));
#10423 = ORIENTED_EDGE('',*,*,#4323,.F.);
#10424 = ORIENTED_EDGE('',*,*,#10400,.F.);
#10425 = ORIENTED_EDGE('',*,*,#7813,.T.);
#10426 = ORIENTED_EDGE('',*,*,#7738,.F.);
#10427 = ADVANCED_FACE('',(#10428),#4412,.F.);
#10428 = FACE_BOUND('',#10429,.F.);
#10429 = EDGE_LOOP('',(#10430,#10431,#10432,#10433));
#10430 = ORIENTED_EDGE('',*,*,#4396,.T.);
#10431 = ORIENTED_EDGE('',*,*,#7331,.F.);
#10432 = ORIENTED_EDGE('',*,*,#7384,.F.);
#10433 = ORIENTED_EDGE('',*,*,#7571,.T.);
#10434 = ADVANCED_FACE('',(#10435),#4462,.T.);
#10435 = FACE_BOUND('',#10436,.T.);
#10436 = EDGE_LOOP('',(#10437,#10438,#10439,#10460));
#10437 = ORIENTED_EDGE('',*,*,#4446,.T.);
#10438 = ORIENTED_EDGE('',*,*,#7311,.F.);
#10439 = ORIENTED_EDGE('',*,*,#10440,.F.);
#10440 = EDGE_CURVE('',#10441,#7289,#10443,.T.);
#10441 = VERTEX_POINT('',#10442);
#10442 = CARTESIAN_POINT('',(242.5,6.25,12.));
#10443 = SURFACE_CURVE('',#10444,(#10448,#10454),.PCURVE_S1.);
#10444 = LINE('',#10445,#10446);
#10445 = CARTESIAN_POINT('',(120.75,6.25,12.));
#10446 = VECTOR('',#10447,1.);
#10447 = DIRECTION('',(1.,0.,0.));
#10448 = PCURVE('',#4462,#10449);
#10449 = DEFINITIONAL_REPRESENTATION('',(#10450),#10453);
#10450 = B_SPLINE_CURVE_WITH_KNOTS('',1,(#10451,#10452),.UNSPECIFIED.,
  .F.,.F.,(2,2),(121.75,129.25),.PIECEWISE_BEZIER_KNOTS.);
#10451 = CARTESIAN_POINT('',(243.5,3.75));
#10452 = CARTESIAN_POINT('',(251.,3.75));
#10453 = ( GEOMETRIC_REPRESENTATION_CONTEXT(2) 
PARAMETRIC_REPRESENTATION_CONTEXT() REPRESENTATION_CONTEXT('2D SPACE',''
  ) );
#10454 = PCURVE('',#6677,#10455);
#10455 = DEFINITIONAL_REPRESENTATION('',(#10456),#10459);
#10456 = B_SPLINE_CURVE_WITH_KNOTS('',1,(#10457,#10458),.UNSPECIFIED.,
  .F.,.F.,(2,2),(121.75,129.25),.PIECEWISE_BEZIER_KNOTS.);
#10457 = CARTESIAN_POINT('',(12.,0.));
#10458 = CARTESIAN_POINT('',(12.,7.5));
#10459 = ( GEOMETRIC_REPRESENTATION_CONTEXT(2) 
PARAMETRIC_REPRESENTATION_CONTEXT() REPRESENTATION_CONTEXT('2D SPACE',''
  ) );
#10460 = ORIENTED_EDGE('',*,*,#10461,.T.);
#10461 = EDGE_CURVE('',#10441,#4447,#10462,.T.);
#10462 = SURFACE_CURVE('',#10463,(#10467,#10473),.PCURVE_S1.);
#10463 = LINE('',#10464,#10465);
#10464 = CARTESIAN_POINT('',(242.5,2.5,12.));
#10465 = VECTOR('',#10466,1.);
#10466 = DIRECTION('',(0.,-1.,0.));
#10467 = PCURVE('',#4462,#10468);
#10468 = DEFINITIONAL_REPRESENTATION('',(#10469),#10472);
#10469 = B_SPLINE_CURVE_WITH_KNOTS('',1,(#10470,#10471),.UNSPECIFIED.,
  .F.,.F.,(2,2),(-3.75,0.),.PIECEWISE_BEZIER_KNOTS.);
#10470 = CARTESIAN_POINT('',(243.5,3.75));
#10471 = CARTESIAN_POINT('',(243.5,0.));
#10472 = ( GEOMETRIC_REPRESENTATION_CONTEXT(2) 
PARAMETRIC_REPRESENTATION_CONTEXT() REPRESENTATION_CONTEXT('2D SPACE',''
  ) );
#10473 = PCURVE('',#4490,#10474);
#10474 = DEFINITIONAL_REPRESENTATION('',(#10475),#10478);
#10475 = B_SPLINE_CURVE_WITH_KNOTS('',1,(#10476,#10477),.UNSPECIFIED.,
  .F.,.F.,(2,2),(-3.75,0.),.PIECEWISE_BEZIER_KNOTS.);
#10476 = CARTESIAN_POINT('',(12.,-3.75));
#10477 = CARTESIAN_POINT('',(12.,0.));
#10478 = ( GEOMETRIC_REPRESENTATION_CONTEXT(2) 
PARAMETRIC_REPRESENTATION_CONTEXT() REPRESENTATION_CONTEXT('2D SPACE',''
  ) );
#10479 = ADVANCED_FACE('',(#10480),#4490,.F.);
#10480 = FACE_BOUND('',#10481,.F.);
#10481 = EDGE_LOOP('',(#10482,#10483,#10484,#10505));
#10482 = ORIENTED_EDGE('',*,*,#4474,.F.);
#10483 = ORIENTED_EDGE('',*,*,#6689,.T.);
#10484 = ORIENTED_EDGE('',*,*,#10485,.T.);
#10485 = EDGE_CURVE('',#6662,#10441,#10486,.T.);
#10486 = SURFACE_CURVE('',#10487,(#10491,#10498),.PCURVE_S1.);
#10487 = LINE('',#10488,#10489);
#10488 = CARTESIAN_POINT('',(242.5,6.25,0.));
#10489 = VECTOR('',#10490,1.);
#10490 = DIRECTION('',(0.,0.,1.));
#10491 = PCURVE('',#4490,#10492);
#10492 = DEFINITIONAL_REPRESENTATION('',(#10493),#10497);
#10493 = LINE('',#10494,#10495);
#10494 = CARTESIAN_POINT('',(0.,-3.75));
#10495 = VECTOR('',#10496,1.);
#10496 = DIRECTION('',(1.,0.));
#10497 = ( GEOMETRIC_REPRESENTATION_CONTEXT(2) 
PARAMETRIC_REPRESENTATION_CONTEXT() REPRESENTATION_CONTEXT('2D SPACE',''
  ) );
#10498 = PCURVE('',#6677,#10499);
#10499 = DEFINITIONAL_REPRESENTATION('',(#10500),#10504);
#10500 = LINE('',#10501,#10502);
#10501 = CARTESIAN_POINT('',(0.,0.));
#10502 = VECTOR('',#10503,1.);
#10503 = DIRECTION('',(1.,0.));
#10504 = ( GEOMETRIC_REPRESENTATION_CONTEXT(2) 
PARAMETRIC_REPRESENTATION_CONTEXT() REPRESENTATION_CONTEXT('2D SPACE',''
  ) );
#10505 = ORIENTED_EDGE('',*,*,#10461,.T.);
#10506 = ADVANCED_FACE('',(#10507),#4541,.T.);
#10507 = FACE_BOUND('',#10508,.T.);
#10508 = EDGE_LOOP('',(#10509,#10510,#10511,#10534));
#10509 = ORIENTED_EDGE('',*,*,#4525,.F.);
#10510 = ORIENTED_EDGE('',*,*,#6711,.T.);
#10511 = ORIENTED_EDGE('',*,*,#10512,.T.);
#10512 = EDGE_CURVE('',#6712,#10513,#10515,.T.);
#10513 = VERTEX_POINT('',#10514);
#10514 = CARTESIAN_POINT('',(211.5,6.25,12.));
#10515 = SURFACE_CURVE('',#10516,(#10520,#10527),.PCURVE_S1.);
#10516 = LINE('',#10517,#10518);
#10517 = CARTESIAN_POINT('',(211.5,6.25,0.));
#10518 = VECTOR('',#10519,1.);
#10519 = DIRECTION('',(0.,0.,1.));
#10520 = PCURVE('',#4541,#10521);
#10521 = DEFINITIONAL_REPRESENTATION('',(#10522),#10526);
#10522 = LINE('',#10523,#10524);
#10523 = CARTESIAN_POINT('',(0.,-3.75));
#10524 = VECTOR('',#10525,1.);
#10525 = DIRECTION('',(1.,0.));
#10526 = ( GEOMETRIC_REPRESENTATION_CONTEXT(2) 
PARAMETRIC_REPRESENTATION_CONTEXT() REPRESENTATION_CONTEXT('2D SPACE',''
  ) );
#10527 = PCURVE('',#6750,#10528);
#10528 = DEFINITIONAL_REPRESENTATION('',(#10529),#10533);
#10529 = LINE('',#10530,#10531);
#10530 = CARTESIAN_POINT('',(0.,3.));
#10531 = VECTOR('',#10532,1.);
#10532 = DIRECTION('',(1.,0.));
#10533 = ( GEOMETRIC_REPRESENTATION_CONTEXT(2) 
PARAMETRIC_REPRESENTATION_CONTEXT() REPRESENTATION_CONTEXT('2D SPACE',''
  ) );
#10534 = ORIENTED_EDGE('',*,*,#10535,.T.);
#10535 = EDGE_CURVE('',#10513,#4526,#10536,.T.);
#10536 = SURFACE_CURVE('',#10537,(#10541,#10547),.PCURVE_S1.);
#10537 = LINE('',#10538,#10539);
#10538 = CARTESIAN_POINT('',(211.5,2.5,12.));
#10539 = VECTOR('',#10540,1.);
#10540 = DIRECTION('',(0.,-1.,0.));
#10541 = PCURVE('',#4541,#10542);
#10542 = DEFINITIONAL_REPRESENTATION('',(#10543),#10546);
#10543 = B_SPLINE_CURVE_WITH_KNOTS('',1,(#10544,#10545),.UNSPECIFIED.,
  .F.,.F.,(2,2),(-3.75,0.),.PIECEWISE_BEZIER_KNOTS.);
#10544 = CARTESIAN_POINT('',(12.,-3.75));
#10545 = CARTESIAN_POINT('',(12.,0.));
#10546 = ( GEOMETRIC_REPRESENTATION_CONTEXT(2) 
PARAMETRIC_REPRESENTATION_CONTEXT() REPRESENTATION_CONTEXT('2D SPACE',''
  ) );
#10547 = PCURVE('',#4569,#10548);
#10548 = DEFINITIONAL_REPRESENTATION('',(#10549),#10552);
#10549 = B_SPLINE_CURVE_WITH_KNOTS('',1,(#10550,#10551),.UNSPECIFIED.,
  .F.,.F.,(2,2),(-3.75,0.),.PIECEWISE_BEZIER_KNOTS.);
#10550 = CARTESIAN_POINT('',(212.5,3.75));
#10551 = CARTESIAN_POINT('',(212.5,0.));
#10552 = ( GEOMETRIC_REPRESENTATION_CONTEXT(2) 
PARAMETRIC_REPRESENTATION_CONTEXT() REPRESENTATION_CONTEXT('2D SPACE',''
  ) );
#10553 = ADVANCED_FACE('',(#10554),#4569,.T.);
#10554 = FACE_BOUND('',#10555,.T.);
#10555 = EDGE_LOOP('',(#10556,#10557,#10558,#10579));
#10556 = ORIENTED_EDGE('',*,*,#4553,.T.);
#10557 = ORIENTED_EDGE('',*,*,#10535,.F.);
#10558 = ORIENTED_EDGE('',*,*,#10559,.F.);
#10559 = EDGE_CURVE('',#10560,#10513,#10562,.T.);
#10560 = VERTEX_POINT('',#10561);
#10561 = CARTESIAN_POINT('',(208.5,6.25,12.));
#10562 = SURFACE_CURVE('',#10563,(#10567,#10573),.PCURVE_S1.);
#10563 = LINE('',#10564,#10565);
#10564 = CARTESIAN_POINT('',(103.75,6.25,12.));
#10565 = VECTOR('',#10566,1.);
#10566 = DIRECTION('',(1.,0.,0.));
#10567 = PCURVE('',#4569,#10568);
#10568 = DEFINITIONAL_REPRESENTATION('',(#10569),#10572);
#10569 = B_SPLINE_CURVE_WITH_KNOTS('',1,(#10570,#10571),.UNSPECIFIED.,
  .F.,.F.,(2,2),(104.75,107.75),.PIECEWISE_BEZIER_KNOTS.);
#10570 = CARTESIAN_POINT('',(209.5,3.75));
#10571 = CARTESIAN_POINT('',(212.5,3.75));
#10572 = ( GEOMETRIC_REPRESENTATION_CONTEXT(2) 
PARAMETRIC_REPRESENTATION_CONTEXT() REPRESENTATION_CONTEXT('2D SPACE',''
  ) );
#10573 = PCURVE('',#6750,#10574);
#10574 = DEFINITIONAL_REPRESENTATION('',(#10575),#10578);
#10575 = B_SPLINE_CURVE_WITH_KNOTS('',1,(#10576,#10577),.UNSPECIFIED.,
  .F.,.F.,(2,2),(104.75,107.75),.PIECEWISE_BEZIER_KNOTS.);
#10576 = CARTESIAN_POINT('',(12.,0.));
#10577 = CARTESIAN_POINT('',(12.,3.));
#10578 = ( GEOMETRIC_REPRESENTATION_CONTEXT(2) 
PARAMETRIC_REPRESENTATION_CONTEXT() REPRESENTATION_CONTEXT('2D SPACE',''
  ) );
#10579 = ORIENTED_EDGE('',*,*,#10580,.T.);
#10580 = EDGE_CURVE('',#10560,#4554,#10581,.T.);
#10581 = SURFACE_CURVE('',#10582,(#10586,#10592),.PCURVE_S1.);
#10582 = LINE('',#10583,#10584);
#10583 = CARTESIAN_POINT('',(208.5,2.5,12.));
#10584 = VECTOR('',#10585,1.);
#10585 = DIRECTION('',(0.,-1.,0.));
#10586 = PCURVE('',#4569,#10587);
#10587 = DEFINITIONAL_REPRESENTATION('',(#10588),#10591);
#10588 = B_SPLINE_CURVE_WITH_KNOTS('',1,(#10589,#10590),.UNSPECIFIED.,
  .F.,.F.,(2,2),(-3.75,0.),.PIECEWISE_BEZIER_KNOTS.);
#10589 = CARTESIAN_POINT('',(209.5,3.75));
#10590 = CARTESIAN_POINT('',(209.5,0.));
#10591 = ( GEOMETRIC_REPRESENTATION_CONTEXT(2) 
PARAMETRIC_REPRESENTATION_CONTEXT() REPRESENTATION_CONTEXT('2D SPACE',''
  ) );
#10592 = PCURVE('',#4597,#10593);
#10593 = DEFINITIONAL_REPRESENTATION('',(#10594),#10597);
#10594 = B_SPLINE_CURVE_WITH_KNOTS('',1,(#10595,#10596),.UNSPECIFIED.,
  .F.,.F.,(2,2),(-3.75,0.),.PIECEWISE_BEZIER_KNOTS.);
#10595 = CARTESIAN_POINT('',(12.,-3.75));
#10596 = CARTESIAN_POINT('',(12.,0.));
#10597 = ( GEOMETRIC_REPRESENTATION_CONTEXT(2) 
PARAMETRIC_REPRESENTATION_CONTEXT() REPRESENTATION_CONTEXT('2D SPACE',''
  ) );
#10598 = ADVANCED_FACE('',(#10599),#4597,.F.);
#10599 = FACE_BOUND('',#10600,.F.);
#10600 = EDGE_LOOP('',(#10601,#10602,#10603,#10624));
#10601 = ORIENTED_EDGE('',*,*,#4581,.F.);
#10602 = ORIENTED_EDGE('',*,*,#6762,.T.);
#10603 = ORIENTED_EDGE('',*,*,#10604,.T.);
#10604 = EDGE_CURVE('',#6735,#10560,#10605,.T.);
#10605 = SURFACE_CURVE('',#10606,(#10610,#10617),.PCURVE_S1.);
#10606 = LINE('',#10607,#10608);
#10607 = CARTESIAN_POINT('',(208.5,6.25,0.));
#10608 = VECTOR('',#10609,1.);
#10609 = DIRECTION('',(0.,0.,1.));
#10610 = PCURVE('',#4597,#10611);
#10611 = DEFINITIONAL_REPRESENTATION('',(#10612),#10616);
#10612 = LINE('',#10613,#10614);
#10613 = CARTESIAN_POINT('',(0.,-3.75));
#10614 = VECTOR('',#10615,1.);
#10615 = DIRECTION('',(1.,0.));
#10616 = ( GEOMETRIC_REPRESENTATION_CONTEXT(2) 
PARAMETRIC_REPRESENTATION_CONTEXT() REPRESENTATION_CONTEXT('2D SPACE',''
  ) );
#10617 = PCURVE('',#6750,#10618);
#10618 = DEFINITIONAL_REPRESENTATION('',(#10619),#10623);
#10619 = LINE('',#10620,#10621);
#10620 = CARTESIAN_POINT('',(0.,0.));
#10621 = VECTOR('',#10622,1.);
#10622 = DIRECTION('',(1.,0.));
#10623 = ( GEOMETRIC_REPRESENTATION_CONTEXT(2) 
PARAMETRIC_REPRESENTATION_CONTEXT() REPRESENTATION_CONTEXT('2D SPACE',''
  ) );
#10624 = ORIENTED_EDGE('',*,*,#10580,.T.);
#10625 = ADVANCED_FACE('',(#10626),#4648,.T.);
#10626 = FACE_BOUND('',#10627,.T.);
#10627 = EDGE_LOOP('',(#10628,#10629,#10630,#10653));
#10628 = ORIENTED_EDGE('',*,*,#4632,.F.);
#10629 = ORIENTED_EDGE('',*,*,#6784,.T.);
#10630 = ORIENTED_EDGE('',*,*,#10631,.T.);
#10631 = EDGE_CURVE('',#6785,#10632,#10634,.T.);
#10632 = VERTEX_POINT('',#10633);
#10633 = CARTESIAN_POINT('',(177.5,6.25,12.));
#10634 = SURFACE_CURVE('',#10635,(#10639,#10646),.PCURVE_S1.);
#10635 = LINE('',#10636,#10637);
#10636 = CARTESIAN_POINT('',(177.5,6.25,0.));
#10637 = VECTOR('',#10638,1.);
#10638 = DIRECTION('',(0.,0.,1.));
#10639 = PCURVE('',#4648,#10640);
#10640 = DEFINITIONAL_REPRESENTATION('',(#10641),#10645);
#10641 = LINE('',#10642,#10643);
#10642 = CARTESIAN_POINT('',(0.,-3.75));
#10643 = VECTOR('',#10644,1.);
#10644 = DIRECTION('',(1.,0.));
#10645 = ( GEOMETRIC_REPRESENTATION_CONTEXT(2) 
PARAMETRIC_REPRESENTATION_CONTEXT() REPRESENTATION_CONTEXT('2D SPACE',''
  ) );
#10646 = PCURVE('',#6823,#10647);
#10647 = DEFINITIONAL_REPRESENTATION('',(#10648),#10652);
#10648 = LINE('',#10649,#10650);
#10649 = CARTESIAN_POINT('',(0.,3.));
#10650 = VECTOR('',#10651,1.);
#10651 = DIRECTION('',(1.,0.));
#10652 = ( GEOMETRIC_REPRESENTATION_CONTEXT(2) 
PARAMETRIC_REPRESENTATION_CONTEXT() REPRESENTATION_CONTEXT('2D SPACE',''
  ) );
#10653 = ORIENTED_EDGE('',*,*,#10654,.T.);
#10654 = EDGE_CURVE('',#10632,#4633,#10655,.T.);
#10655 = SURFACE_CURVE('',#10656,(#10660,#10666),.PCURVE_S1.);
#10656 = LINE('',#10657,#10658);
#10657 = CARTESIAN_POINT('',(177.5,2.5,12.));
#10658 = VECTOR('',#10659,1.);
#10659 = DIRECTION('',(0.,-1.,0.));
#10660 = PCURVE('',#4648,#10661);
#10661 = DEFINITIONAL_REPRESENTATION('',(#10662),#10665);
#10662 = B_SPLINE_CURVE_WITH_KNOTS('',1,(#10663,#10664),.UNSPECIFIED.,
  .F.,.F.,(2,2),(-3.75,0.),.PIECEWISE_BEZIER_KNOTS.);
#10663 = CARTESIAN_POINT('',(12.,-3.75));
#10664 = CARTESIAN_POINT('',(12.,0.));
#10665 = ( GEOMETRIC_REPRESENTATION_CONTEXT(2) 
PARAMETRIC_REPRESENTATION_CONTEXT() REPRESENTATION_CONTEXT('2D SPACE',''
  ) );
#10666 = PCURVE('',#4676,#10667);
#10667 = DEFINITIONAL_REPRESENTATION('',(#10668),#10671);
#10668 = B_SPLINE_CURVE_WITH_KNOTS('',1,(#10669,#10670),.UNSPECIFIED.,
  .F.,.F.,(2,2),(-3.75,0.),.PIECEWISE_BEZIER_KNOTS.);
#10669 = CARTESIAN_POINT('',(178.5,3.75));
#10670 = CARTESIAN_POINT('',(178.5,0.));
#10671 = ( GEOMETRIC_REPRESENTATION_CONTEXT(2) 
PARAMETRIC_REPRESENTATION_CONTEXT() REPRESENTATION_CONTEXT('2D SPACE',''
  ) );
#10672 = ADVANCED_FACE('',(#10673),#4676,.T.);
#10673 = FACE_BOUND('',#10674,.T.);
#10674 = EDGE_LOOP('',(#10675,#10676,#10677,#10698));
#10675 = ORIENTED_EDGE('',*,*,#4660,.T.);
#10676 = ORIENTED_EDGE('',*,*,#10654,.F.);
#10677 = ORIENTED_EDGE('',*,*,#10678,.F.);
#10678 = EDGE_CURVE('',#10679,#10632,#10681,.T.);
#10679 = VERTEX_POINT('',#10680);
#10680 = CARTESIAN_POINT('',(174.5,6.25,12.));
#10681 = SURFACE_CURVE('',#10682,(#10686,#10692),.PCURVE_S1.);
#10682 = LINE('',#10683,#10684);
#10683 = CARTESIAN_POINT('',(86.75,6.25,12.));
#10684 = VECTOR('',#10685,1.);
#10685 = DIRECTION('',(1.,0.,0.));
#10686 = PCURVE('',#4676,#10687);
#10687 = DEFINITIONAL_REPRESENTATION('',(#10688),#10691);
#10688 = B_SPLINE_CURVE_WITH_KNOTS('',1,(#10689,#10690),.UNSPECIFIED.,
  .F.,.F.,(2,2),(87.75,90.75),.PIECEWISE_BEZIER_KNOTS.);
#10689 = CARTESIAN_POINT('',(175.5,3.75));
#10690 = CARTESIAN_POINT('',(178.5,3.75));
#10691 = ( GEOMETRIC_REPRESENTATION_CONTEXT(2) 
PARAMETRIC_REPRESENTATION_CONTEXT() REPRESENTATION_CONTEXT('2D SPACE',''
  ) );
#10692 = PCURVE('',#6823,#10693);
#10693 = DEFINITIONAL_REPRESENTATION('',(#10694),#10697);
#10694 = B_SPLINE_CURVE_WITH_KNOTS('',1,(#10695,#10696),.UNSPECIFIED.,
  .F.,.F.,(2,2),(87.75,90.75),.PIECEWISE_BEZIER_KNOTS.);
#10695 = CARTESIAN_POINT('',(12.,0.));
#10696 = CARTESIAN_POINT('',(12.,3.));
#10697 = ( GEOMETRIC_REPRESENTATION_CONTEXT(2) 
PARAMETRIC_REPRESENTATION_CONTEXT() REPRESENTATION_CONTEXT('2D SPACE',''
  ) );
#10698 = ORIENTED_EDGE('',*,*,#10699,.T.);
#10699 = EDGE_CURVE('',#10679,#4661,#10700,.T.);
#10700 = SURFACE_CURVE('',#10701,(#10705,#10711),.PCURVE_S1.);
#10701 = LINE('',#10702,#10703);
#10702 = CARTESIAN_POINT('',(174.5,2.5,12.));
#10703 = VECTOR('',#10704,1.);
#10704 = DIRECTION('',(0.,-1.,0.));
#10705 = PCURVE('',#4676,#10706);
#10706 = DEFINITIONAL_REPRESENTATION('',(#10707),#10710);
#10707 = B_SPLINE_CURVE_WITH_KNOTS('',1,(#10708,#10709),.UNSPECIFIED.,
  .F.,.F.,(2,2),(-3.75,0.),.PIECEWISE_BEZIER_KNOTS.);
#10708 = CARTESIAN_POINT('',(175.5,3.75));
#10709 = CARTESIAN_POINT('',(175.5,0.));
#10710 = ( GEOMETRIC_REPRESENTATION_CONTEXT(2) 
PARAMETRIC_REPRESENTATION_CONTEXT() REPRESENTATION_CONTEXT('2D SPACE',''
  ) );
#10711 = PCURVE('',#4704,#10712);
#10712 = DEFINITIONAL_REPRESENTATION('',(#10713),#10716);
#10713 = B_SPLINE_CURVE_WITH_KNOTS('',1,(#10714,#10715),.UNSPECIFIED.,
  .F.,.F.,(2,2),(-3.75,0.),.PIECEWISE_BEZIER_KNOTS.);
#10714 = CARTESIAN_POINT('',(12.,-3.75));
#10715 = CARTESIAN_POINT('',(12.,0.));
#10716 = ( GEOMETRIC_REPRESENTATION_CONTEXT(2) 
PARAMETRIC_REPRESENTATION_CONTEXT() REPRESENTATION_CONTEXT('2D SPACE',''
  ) );
#10717 = ADVANCED_FACE('',(#10718),#4704,.F.);
#10718 = FACE_BOUND('',#10719,.F.);
#10719 = EDGE_LOOP('',(#10720,#10721,#10722,#10743));
#10720 = ORIENTED_EDGE('',*,*,#4688,.F.);
#10721 = ORIENTED_EDGE('',*,*,#6835,.T.);
#10722 = ORIENTED_EDGE('',*,*,#10723,.T.);
#10723 = EDGE_CURVE('',#6808,#10679,#10724,.T.);
#10724 = SURFACE_CURVE('',#10725,(#10729,#10736),.PCURVE_S1.);
#10725 = LINE('',#10726,#10727);
#10726 = CARTESIAN_POINT('',(174.5,6.25,0.));
#10727 = VECTOR('',#10728,1.);
#10728 = DIRECTION('',(0.,0.,1.));
#10729 = PCURVE('',#4704,#10730);
#10730 = DEFINITIONAL_REPRESENTATION('',(#10731),#10735);
#10731 = LINE('',#10732,#10733);
#10732 = CARTESIAN_POINT('',(0.,-3.75));
#10733 = VECTOR('',#10734,1.);
#10734 = DIRECTION('',(1.,0.));
#10735 = ( GEOMETRIC_REPRESENTATION_CONTEXT(2) 
PARAMETRIC_REPRESENTATION_CONTEXT() REPRESENTATION_CONTEXT('2D SPACE',''
  ) );
#10736 = PCURVE('',#6823,#10737);
#10737 = DEFINITIONAL_REPRESENTATION('',(#10738),#10742);
#10738 = LINE('',#10739,#10740);
#10739 = CARTESIAN_POINT('',(0.,0.));
#10740 = VECTOR('',#10741,1.);
#10741 = DIRECTION('',(1.,0.));
#10742 = ( GEOMETRIC_REPRESENTATION_CONTEXT(2) 
PARAMETRIC_REPRESENTATION_CONTEXT() REPRESENTATION_CONTEXT('2D SPACE',''
  ) );
#10743 = ORIENTED_EDGE('',*,*,#10699,.T.);
#10744 = ADVANCED_FACE('',(#10745),#4755,.T.);
#10745 = FACE_BOUND('',#10746,.T.);
#10746 = EDGE_LOOP('',(#10747,#10748,#10749,#10772));
#10747 = ORIENTED_EDGE('',*,*,#4739,.F.);
#10748 = ORIENTED_EDGE('',*,*,#6857,.T.);
#10749 = ORIENTED_EDGE('',*,*,#10750,.T.);
#10750 = EDGE_CURVE('',#6858,#10751,#10753,.T.);
#10751 = VERTEX_POINT('',#10752);
#10752 = CARTESIAN_POINT('',(143.5,6.25,12.));
#10753 = SURFACE_CURVE('',#10754,(#10758,#10765),.PCURVE_S1.);
#10754 = LINE('',#10755,#10756);
#10755 = CARTESIAN_POINT('',(143.5,6.25,0.));
#10756 = VECTOR('',#10757,1.);
#10757 = DIRECTION('',(0.,0.,1.));
#10758 = PCURVE('',#4755,#10759);
#10759 = DEFINITIONAL_REPRESENTATION('',(#10760),#10764);
#10760 = LINE('',#10761,#10762);
#10761 = CARTESIAN_POINT('',(0.,-3.75));
#10762 = VECTOR('',#10763,1.);
#10763 = DIRECTION('',(1.,0.));
#10764 = ( GEOMETRIC_REPRESENTATION_CONTEXT(2) 
PARAMETRIC_REPRESENTATION_CONTEXT() REPRESENTATION_CONTEXT('2D SPACE',''
  ) );
#10765 = PCURVE('',#6896,#10766);
#10766 = DEFINITIONAL_REPRESENTATION('',(#10767),#10771);
#10767 = LINE('',#10768,#10769);
#10768 = CARTESIAN_POINT('',(0.,3.));
#10769 = VECTOR('',#10770,1.);
#10770 = DIRECTION('',(1.,0.));
#10771 = ( GEOMETRIC_REPRESENTATION_CONTEXT(2) 
PARAMETRIC_REPRESENTATION_CONTEXT() REPRESENTATION_CONTEXT('2D SPACE',''
  ) );
#10772 = ORIENTED_EDGE('',*,*,#10773,.T.);
#10773 = EDGE_CURVE('',#10751,#4740,#10774,.T.);
#10774 = SURFACE_CURVE('',#10775,(#10779,#10785),.PCURVE_S1.);
#10775 = LINE('',#10776,#10777);
#10776 = CARTESIAN_POINT('',(143.5,2.5,12.));
#10777 = VECTOR('',#10778,1.);
#10778 = DIRECTION('',(0.,-1.,0.));
#10779 = PCURVE('',#4755,#10780);
#10780 = DEFINITIONAL_REPRESENTATION('',(#10781),#10784);
#10781 = B_SPLINE_CURVE_WITH_KNOTS('',1,(#10782,#10783),.UNSPECIFIED.,
  .F.,.F.,(2,2),(-3.75,0.),.PIECEWISE_BEZIER_KNOTS.);
#10782 = CARTESIAN_POINT('',(12.,-3.75));
#10783 = CARTESIAN_POINT('',(12.,0.));
#10784 = ( GEOMETRIC_REPRESENTATION_CONTEXT(2) 
PARAMETRIC_REPRESENTATION_CONTEXT() REPRESENTATION_CONTEXT('2D SPACE',''
  ) );
#10785 = PCURVE('',#4783,#10786);
#10786 = DEFINITIONAL_REPRESENTATION('',(#10787),#10790);
#10787 = B_SPLINE_CURVE_WITH_KNOTS('',1,(#10788,#10789),.UNSPECIFIED.,
  .F.,.F.,(2,2),(-3.75,0.),.PIECEWISE_BEZIER_KNOTS.);
#10788 = CARTESIAN_POINT('',(144.5,3.75));
#10789 = CARTESIAN_POINT('',(144.5,0.));
#10790 = ( GEOMETRIC_REPRESENTATION_CONTEXT(2) 
PARAMETRIC_REPRESENTATION_CONTEXT() REPRESENTATION_CONTEXT('2D SPACE',''
  ) );
#10791 = ADVANCED_FACE('',(#10792),#4783,.T.);
#10792 = FACE_BOUND('',#10793,.T.);
#10793 = EDGE_LOOP('',(#10794,#10795,#10796,#10817));
#10794 = ORIENTED_EDGE('',*,*,#4767,.T.);
#10795 = ORIENTED_EDGE('',*,*,#10773,.F.);
#10796 = ORIENTED_EDGE('',*,*,#10797,.F.);
#10797 = EDGE_CURVE('',#10798,#10751,#10800,.T.);
#10798 = VERTEX_POINT('',#10799);
#10799 = CARTESIAN_POINT('',(140.5,6.25,12.));
#10800 = SURFACE_CURVE('',#10801,(#10805,#10811),.PCURVE_S1.);
#10801 = LINE('',#10802,#10803);
#10802 = CARTESIAN_POINT('',(69.75,6.25,12.));
#10803 = VECTOR('',#10804,1.);
#10804 = DIRECTION('',(1.,0.,0.));
#10805 = PCURVE('',#4783,#10806);
#10806 = DEFINITIONAL_REPRESENTATION('',(#10807),#10810);
#10807 = B_SPLINE_CURVE_WITH_KNOTS('',1,(#10808,#10809),.UNSPECIFIED.,
  .F.,.F.,(2,2),(70.75,73.75),.PIECEWISE_BEZIER_KNOTS.);
#10808 = CARTESIAN_POINT('',(141.5,3.75));
#10809 = CARTESIAN_POINT('',(144.5,3.75));
#10810 = ( GEOMETRIC_REPRESENTATION_CONTEXT(2) 
PARAMETRIC_REPRESENTATION_CONTEXT() REPRESENTATION_CONTEXT('2D SPACE',''
  ) );
#10811 = PCURVE('',#6896,#10812);
#10812 = DEFINITIONAL_REPRESENTATION('',(#10813),#10816);
#10813 = B_SPLINE_CURVE_WITH_KNOTS('',1,(#10814,#10815),.UNSPECIFIED.,
  .F.,.F.,(2,2),(70.75,73.75),.PIECEWISE_BEZIER_KNOTS.);
#10814 = CARTESIAN_POINT('',(12.,0.));
#10815 = CARTESIAN_POINT('',(12.,3.));
#10816 = ( GEOMETRIC_REPRESENTATION_CONTEXT(2) 
PARAMETRIC_REPRESENTATION_CONTEXT() REPRESENTATION_CONTEXT('2D SPACE',''
  ) );
#10817 = ORIENTED_EDGE('',*,*,#10818,.T.);
#10818 = EDGE_CURVE('',#10798,#4768,#10819,.T.);
#10819 = SURFACE_CURVE('',#10820,(#10824,#10830),.PCURVE_S1.);
#10820 = LINE('',#10821,#10822);
#10821 = CARTESIAN_POINT('',(140.5,2.5,12.));
#10822 = VECTOR('',#10823,1.);
#10823 = DIRECTION('',(0.,-1.,0.));
#10824 = PCURVE('',#4783,#10825);
#10825 = DEFINITIONAL_REPRESENTATION('',(#10826),#10829);
#10826 = B_SPLINE_CURVE_WITH_KNOTS('',1,(#10827,#10828),.UNSPECIFIED.,
  .F.,.F.,(2,2),(-3.75,0.),.PIECEWISE_BEZIER_KNOTS.);
#10827 = CARTESIAN_POINT('',(141.5,3.75));
#10828 = CARTESIAN_POINT('',(141.5,0.));
#10829 = ( GEOMETRIC_REPRESENTATION_CONTEXT(2) 
PARAMETRIC_REPRESENTATION_CONTEXT() REPRESENTATION_CONTEXT('2D SPACE',''
  ) );
#10830 = PCURVE('',#4811,#10831);
#10831 = DEFINITIONAL_REPRESENTATION('',(#10832),#10835);
#10832 = B_SPLINE_CURVE_WITH_KNOTS('',1,(#10833,#10834),.UNSPECIFIED.,
  .F.,.F.,(2,2),(-3.75,0.),.PIECEWISE_BEZIER_KNOTS.);
#10833 = CARTESIAN_POINT('',(12.,-3.75));
#10834 = CARTESIAN_POINT('',(12.,0.));
#10835 = ( GEOMETRIC_REPRESENTATION_CONTEXT(2) 
PARAMETRIC_REPRESENTATION_CONTEXT() REPRESENTATION_CONTEXT('2D SPACE',''
  ) );
#10836 = ADVANCED_FACE('',(#10837),#4811,.F.);
#10837 = FACE_BOUND('',#10838,.F.);
#10838 = EDGE_LOOP('',(#10839,#10840,#10841,#10862));
#10839 = ORIENTED_EDGE('',*,*,#4795,.F.);
#10840 = ORIENTED_EDGE('',*,*,#6908,.T.);
#10841 = ORIENTED_EDGE('',*,*,#10842,.T.);
#10842 = EDGE_CURVE('',#6881,#10798,#10843,.T.);
#10843 = SURFACE_CURVE('',#10844,(#10848,#10855),.PCURVE_S1.);
#10844 = LINE('',#10845,#10846);
#10845 = CARTESIAN_POINT('',(140.5,6.25,0.));
#10846 = VECTOR('',#10847,1.);
#10847 = DIRECTION('',(0.,0.,1.));
#10848 = PCURVE('',#4811,#10849);
#10849 = DEFINITIONAL_REPRESENTATION('',(#10850),#10854);
#10850 = LINE('',#10851,#10852);
#10851 = CARTESIAN_POINT('',(0.,-3.75));
#10852 = VECTOR('',#10853,1.);
#10853 = DIRECTION('',(1.,0.));
#10854 = ( GEOMETRIC_REPRESENTATION_CONTEXT(2) 
PARAMETRIC_REPRESENTATION_CONTEXT() REPRESENTATION_CONTEXT('2D SPACE',''
  ) );
#10855 = PCURVE('',#6896,#10856);
#10856 = DEFINITIONAL_REPRESENTATION('',(#10857),#10861);
#10857 = LINE('',#10858,#10859);
#10858 = CARTESIAN_POINT('',(0.,0.));
#10859 = VECTOR('',#10860,1.);
#10860 = DIRECTION('',(1.,0.));
#10861 = ( GEOMETRIC_REPRESENTATION_CONTEXT(2) 
PARAMETRIC_REPRESENTATION_CONTEXT() REPRESENTATION_CONTEXT('2D SPACE',''
  ) );
#10862 = ORIENTED_EDGE('',*,*,#10818,.T.);
#10863 = ADVANCED_FACE('',(#10864),#4862,.T.);
#10864 = FACE_BOUND('',#10865,.T.);
#10865 = EDGE_LOOP('',(#10866,#10867,#10868,#10891));
#10866 = ORIENTED_EDGE('',*,*,#4846,.F.);
#10867 = ORIENTED_EDGE('',*,*,#6930,.T.);
#10868 = ORIENTED_EDGE('',*,*,#10869,.T.);
#10869 = EDGE_CURVE('',#6931,#10870,#10872,.T.);
#10870 = VERTEX_POINT('',#10871);
#10871 = CARTESIAN_POINT('',(109.5,6.25,12.));
#10872 = SURFACE_CURVE('',#10873,(#10877,#10884),.PCURVE_S1.);
#10873 = LINE('',#10874,#10875);
#10874 = CARTESIAN_POINT('',(109.5,6.25,0.));
#10875 = VECTOR('',#10876,1.);
#10876 = DIRECTION('',(0.,0.,1.));
#10877 = PCURVE('',#4862,#10878);
#10878 = DEFINITIONAL_REPRESENTATION('',(#10879),#10883);
#10879 = LINE('',#10880,#10881);
#10880 = CARTESIAN_POINT('',(0.,-3.75));
#10881 = VECTOR('',#10882,1.);
#10882 = DIRECTION('',(1.,0.));
#10883 = ( GEOMETRIC_REPRESENTATION_CONTEXT(2) 
PARAMETRIC_REPRESENTATION_CONTEXT() REPRESENTATION_CONTEXT('2D SPACE',''
  ) );
#10884 = PCURVE('',#6969,#10885);
#10885 = DEFINITIONAL_REPRESENTATION('',(#10886),#10890);
#10886 = LINE('',#10887,#10888);
#10887 = CARTESIAN_POINT('',(0.,3.));
#10888 = VECTOR('',#10889,1.);
#10889 = DIRECTION('',(1.,0.));
#10890 = ( GEOMETRIC_REPRESENTATION_CONTEXT(2) 
PARAMETRIC_REPRESENTATION_CONTEXT() REPRESENTATION_CONTEXT('2D SPACE',''
  ) );
#10891 = ORIENTED_EDGE('',*,*,#10892,.T.);
#10892 = EDGE_CURVE('',#10870,#4847,#10893,.T.);
#10893 = SURFACE_CURVE('',#10894,(#10898,#10904),.PCURVE_S1.);
#10894 = LINE('',#10895,#10896);
#10895 = CARTESIAN_POINT('',(109.5,2.5,12.));
#10896 = VECTOR('',#10897,1.);
#10897 = DIRECTION('',(0.,-1.,0.));
#10898 = PCURVE('',#4862,#10899);
#10899 = DEFINITIONAL_REPRESENTATION('',(#10900),#10903);
#10900 = B_SPLINE_CURVE_WITH_KNOTS('',1,(#10901,#10902),.UNSPECIFIED.,
  .F.,.F.,(2,2),(-3.75,0.),.PIECEWISE_BEZIER_KNOTS.);
#10901 = CARTESIAN_POINT('',(12.,-3.75));
#10902 = CARTESIAN_POINT('',(12.,0.));
#10903 = ( GEOMETRIC_REPRESENTATION_CONTEXT(2) 
PARAMETRIC_REPRESENTATION_CONTEXT() REPRESENTATION_CONTEXT('2D SPACE',''
  ) );
#10904 = PCURVE('',#4890,#10905);
#10905 = DEFINITIONAL_REPRESENTATION('',(#10906),#10909);
#10906 = B_SPLINE_CURVE_WITH_KNOTS('',1,(#10907,#10908),.UNSPECIFIED.,
  .F.,.F.,(2,2),(-3.75,0.),.PIECEWISE_BEZIER_KNOTS.);
#10907 = CARTESIAN_POINT('',(110.5,3.75));
#10908 = CARTESIAN_POINT('',(110.5,0.));
#10909 = ( GEOMETRIC_REPRESENTATION_CONTEXT(2) 
PARAMETRIC_REPRESENTATION_CONTEXT() REPRESENTATION_CONTEXT('2D SPACE',''
  ) );
#10910 = ADVANCED_FACE('',(#10911),#4890,.T.);
#10911 = FACE_BOUND('',#10912,.T.);
#10912 = EDGE_LOOP('',(#10913,#10934,#10935,#10936));
#10913 = ORIENTED_EDGE('',*,*,#10914,.T.);
#10914 = EDGE_CURVE('',#10915,#4875,#10917,.T.);
#10915 = VERTEX_POINT('',#10916);
#10916 = CARTESIAN_POINT('',(106.5,6.25,12.));
#10917 = SURFACE_CURVE('',#10918,(#10922,#10928),.PCURVE_S1.);
#10918 = LINE('',#10919,#10920);
#10919 = CARTESIAN_POINT('',(106.5,2.5,12.));
#10920 = VECTOR('',#10921,1.);
#10921 = DIRECTION('',(0.,-1.,0.));
#10922 = PCURVE('',#4890,#10923);
#10923 = DEFINITIONAL_REPRESENTATION('',(#10924),#10927);
#10924 = B_SPLINE_CURVE_WITH_KNOTS('',1,(#10925,#10926),.UNSPECIFIED.,
  .F.,.F.,(2,2),(-3.75,0.),.PIECEWISE_BEZIER_KNOTS.);
#10925 = CARTESIAN_POINT('',(107.5,3.75));
#10926 = CARTESIAN_POINT('',(107.5,0.));
#10927 = ( GEOMETRIC_REPRESENTATION_CONTEXT(2) 
PARAMETRIC_REPRESENTATION_CONTEXT() REPRESENTATION_CONTEXT('2D SPACE',''
  ) );
#10928 = PCURVE('',#4918,#10929);
#10929 = DEFINITIONAL_REPRESENTATION('',(#10930),#10933);
#10930 = B_SPLINE_CURVE_WITH_KNOTS('',1,(#10931,#10932),.UNSPECIFIED.,
  .F.,.F.,(2,2),(-3.75,0.),.PIECEWISE_BEZIER_KNOTS.);
#10931 = CARTESIAN_POINT('',(12.,-3.75));
#10932 = CARTESIAN_POINT('',(12.,0.));
#10933 = ( GEOMETRIC_REPRESENTATION_CONTEXT(2) 
PARAMETRIC_REPRESENTATION_CONTEXT() REPRESENTATION_CONTEXT('2D SPACE',''
  ) );
#10934 = ORIENTED_EDGE('',*,*,#4874,.T.);
#10935 = ORIENTED_EDGE('',*,*,#10892,.F.);
#10936 = ORIENTED_EDGE('',*,*,#10937,.F.);
#10937 = EDGE_CURVE('',#10915,#10870,#10938,.T.);
#10938 = SURFACE_CURVE('',#10939,(#10943,#10949),.PCURVE_S1.);
#10939 = LINE('',#10940,#10941);
#10940 = CARTESIAN_POINT('',(52.75,6.25,12.));
#10941 = VECTOR('',#10942,1.);
#10942 = DIRECTION('',(1.,0.,0.));
#10943 = PCURVE('',#4890,#10944);
#10944 = DEFINITIONAL_REPRESENTATION('',(#10945),#10948);
#10945 = B_SPLINE_CURVE_WITH_KNOTS('',1,(#10946,#10947),.UNSPECIFIED.,
  .F.,.F.,(2,2),(53.75,56.75),.PIECEWISE_BEZIER_KNOTS.);
#10946 = CARTESIAN_POINT('',(107.5,3.75));
#10947 = CARTESIAN_POINT('',(110.5,3.75));
#10948 = ( GEOMETRIC_REPRESENTATION_CONTEXT(2) 
PARAMETRIC_REPRESENTATION_CONTEXT() REPRESENTATION_CONTEXT('2D SPACE',''
  ) );
#10949 = PCURVE('',#6969,#10950);
#10950 = DEFINITIONAL_REPRESENTATION('',(#10951),#10954);
#10951 = B_SPLINE_CURVE_WITH_KNOTS('',1,(#10952,#10953),.UNSPECIFIED.,
  .F.,.F.,(2,2),(53.75,56.75),.PIECEWISE_BEZIER_KNOTS.);
#10952 = CARTESIAN_POINT('',(12.,0.));
#10953 = CARTESIAN_POINT('',(12.,3.));
#10954 = ( GEOMETRIC_REPRESENTATION_CONTEXT(2) 
PARAMETRIC_REPRESENTATION_CONTEXT() REPRESENTATION_CONTEXT('2D SPACE',''
  ) );
#10955 = ADVANCED_FACE('',(#10956),#4918,.F.);
#10956 = FACE_BOUND('',#10957,.F.);
#10957 = EDGE_LOOP('',(#10958,#10959,#10960,#10981));
#10958 = ORIENTED_EDGE('',*,*,#4902,.F.);
#10959 = ORIENTED_EDGE('',*,*,#6981,.T.);
#10960 = ORIENTED_EDGE('',*,*,#10961,.T.);
#10961 = EDGE_CURVE('',#6954,#10915,#10962,.T.);
#10962 = SURFACE_CURVE('',#10963,(#10967,#10974),.PCURVE_S1.);
#10963 = LINE('',#10964,#10965);
#10964 = CARTESIAN_POINT('',(106.5,6.25,0.));
#10965 = VECTOR('',#10966,1.);
#10966 = DIRECTION('',(0.,0.,1.));
#10967 = PCURVE('',#4918,#10968);
#10968 = DEFINITIONAL_REPRESENTATION('',(#10969),#10973);
#10969 = LINE('',#10970,#10971);
#10970 = CARTESIAN_POINT('',(0.,-3.75));
#10971 = VECTOR('',#10972,1.);
#10972 = DIRECTION('',(1.,0.));
#10973 = ( GEOMETRIC_REPRESENTATION_CONTEXT(2) 
PARAMETRIC_REPRESENTATION_CONTEXT() REPRESENTATION_CONTEXT('2D SPACE',''
  ) );
#10974 = PCURVE('',#6969,#10975);
#10975 = DEFINITIONAL_REPRESENTATION('',(#10976),#10980);
#10976 = LINE('',#10977,#10978);
#10977 = CARTESIAN_POINT('',(0.,0.));
#10978 = VECTOR('',#10979,1.);
#10979 = DIRECTION('',(1.,0.));
#10980 = ( GEOMETRIC_REPRESENTATION_CONTEXT(2) 
PARAMETRIC_REPRESENTATION_CONTEXT() REPRESENTATION_CONTEXT('2D SPACE',''
  ) );
#10981 = ORIENTED_EDGE('',*,*,#10914,.T.);
#10982 = ADVANCED_FACE('',(#10983),#4969,.T.);
#10983 = FACE_BOUND('',#10984,.T.);
#10984 = EDGE_LOOP('',(#10985,#10986,#10987,#11010));
#10985 = ORIENTED_EDGE('',*,*,#4953,.F.);
#10986 = ORIENTED_EDGE('',*,*,#7003,.T.);
#10987 = ORIENTED_EDGE('',*,*,#10988,.T.);
#10988 = EDGE_CURVE('',#7004,#10989,#10991,.T.);
#10989 = VERTEX_POINT('',#10990);
#10990 = CARTESIAN_POINT('',(75.5,6.25,12.));
#10991 = SURFACE_CURVE('',#10992,(#10996,#11003),.PCURVE_S1.);
#10992 = LINE('',#10993,#10994);
#10993 = CARTESIAN_POINT('',(75.5,6.25,0.));
#10994 = VECTOR('',#10995,1.);
#10995 = DIRECTION('',(0.,0.,1.));
#10996 = PCURVE('',#4969,#10997);
#10997 = DEFINITIONAL_REPRESENTATION('',(#10998),#11002);
#10998 = LINE('',#10999,#11000);
#10999 = CARTESIAN_POINT('',(0.,-3.75));
#11000 = VECTOR('',#11001,1.);
#11001 = DIRECTION('',(1.,0.));
#11002 = ( GEOMETRIC_REPRESENTATION_CONTEXT(2) 
PARAMETRIC_REPRESENTATION_CONTEXT() REPRESENTATION_CONTEXT('2D SPACE',''
  ) );
#11003 = PCURVE('',#7042,#11004);
#11004 = DEFINITIONAL_REPRESENTATION('',(#11005),#11009);
#11005 = LINE('',#11006,#11007);
#11006 = CARTESIAN_POINT('',(0.,3.));
#11007 = VECTOR('',#11008,1.);
#11008 = DIRECTION('',(1.,0.));
#11009 = ( GEOMETRIC_REPRESENTATION_CONTEXT(2) 
PARAMETRIC_REPRESENTATION_CONTEXT() REPRESENTATION_CONTEXT('2D SPACE',''
  ) );
#11010 = ORIENTED_EDGE('',*,*,#11011,.T.);
#11011 = EDGE_CURVE('',#10989,#4954,#11012,.T.);
#11012 = SURFACE_CURVE('',#11013,(#11017,#11023),.PCURVE_S1.);
#11013 = LINE('',#11014,#11015);
#11014 = CARTESIAN_POINT('',(75.5,2.5,12.));
#11015 = VECTOR('',#11016,1.);
#11016 = DIRECTION('',(0.,-1.,0.));
#11017 = PCURVE('',#4969,#11018);
#11018 = DEFINITIONAL_REPRESENTATION('',(#11019),#11022);
#11019 = B_SPLINE_CURVE_WITH_KNOTS('',1,(#11020,#11021),.UNSPECIFIED.,
  .F.,.F.,(2,2),(-3.75,0.),.PIECEWISE_BEZIER_KNOTS.);
#11020 = CARTESIAN_POINT('',(12.,-3.75));
#11021 = CARTESIAN_POINT('',(12.,0.));
#11022 = ( GEOMETRIC_REPRESENTATION_CONTEXT(2) 
PARAMETRIC_REPRESENTATION_CONTEXT() REPRESENTATION_CONTEXT('2D SPACE',''
  ) );
#11023 = PCURVE('',#4997,#11024);
#11024 = DEFINITIONAL_REPRESENTATION('',(#11025),#11028);
#11025 = B_SPLINE_CURVE_WITH_KNOTS('',1,(#11026,#11027),.UNSPECIFIED.,
  .F.,.F.,(2,2),(-3.75,0.),.PIECEWISE_BEZIER_KNOTS.);
#11026 = CARTESIAN_POINT('',(76.5,3.75));
#11027 = CARTESIAN_POINT('',(76.5,0.));
#11028 = ( GEOMETRIC_REPRESENTATION_CONTEXT(2) 
PARAMETRIC_REPRESENTATION_CONTEXT() REPRESENTATION_CONTEXT('2D SPACE',''
  ) );
#11029 = ADVANCED_FACE('',(#11030),#4997,.T.);
#11030 = FACE_BOUND('',#11031,.T.);
#11031 = EDGE_LOOP('',(#11032,#11053,#11054,#11055));
#11032 = ORIENTED_EDGE('',*,*,#11033,.T.);
#11033 = EDGE_CURVE('',#11034,#4982,#11036,.T.);
#11034 = VERTEX_POINT('',#11035);
#11035 = CARTESIAN_POINT('',(72.5,6.25,12.));
#11036 = SURFACE_CURVE('',#11037,(#11041,#11047),.PCURVE_S1.);
#11037 = LINE('',#11038,#11039);
#11038 = CARTESIAN_POINT('',(72.5,2.5,12.));
#11039 = VECTOR('',#11040,1.);
#11040 = DIRECTION('',(0.,-1.,0.));
#11041 = PCURVE('',#4997,#11042);
#11042 = DEFINITIONAL_REPRESENTATION('',(#11043),#11046);
#11043 = B_SPLINE_CURVE_WITH_KNOTS('',1,(#11044,#11045),.UNSPECIFIED.,
  .F.,.F.,(2,2),(-3.75,0.),.PIECEWISE_BEZIER_KNOTS.);
#11044 = CARTESIAN_POINT('',(73.5,3.75));
#11045 = CARTESIAN_POINT('',(73.5,0.));
#11046 = ( GEOMETRIC_REPRESENTATION_CONTEXT(2) 
PARAMETRIC_REPRESENTATION_CONTEXT() REPRESENTATION_CONTEXT('2D SPACE',''
  ) );
#11047 = PCURVE('',#5025,#11048);
#11048 = DEFINITIONAL_REPRESENTATION('',(#11049),#11052);
#11049 = B_SPLINE_CURVE_WITH_KNOTS('',1,(#11050,#11051),.UNSPECIFIED.,
  .F.,.F.,(2,2),(-3.75,0.),.PIECEWISE_BEZIER_KNOTS.);
#11050 = CARTESIAN_POINT('',(12.,-3.75));
#11051 = CARTESIAN_POINT('',(12.,0.));
#11052 = ( GEOMETRIC_REPRESENTATION_CONTEXT(2) 
PARAMETRIC_REPRESENTATION_CONTEXT() REPRESENTATION_CONTEXT('2D SPACE',''
  ) );
#11053 = ORIENTED_EDGE('',*,*,#4981,.T.);
#11054 = ORIENTED_EDGE('',*,*,#11011,.F.);
#11055 = ORIENTED_EDGE('',*,*,#11056,.F.);
#11056 = EDGE_CURVE('',#11034,#10989,#11057,.T.);
#11057 = SURFACE_CURVE('',#11058,(#11062,#11068),.PCURVE_S1.);
#11058 = LINE('',#11059,#11060);
#11059 = CARTESIAN_POINT('',(35.75,6.25,12.));
#11060 = VECTOR('',#11061,1.);
#11061 = DIRECTION('',(1.,0.,0.));
#11062 = PCURVE('',#4997,#11063);
#11063 = DEFINITIONAL_REPRESENTATION('',(#11064),#11067);
#11064 = B_SPLINE_CURVE_WITH_KNOTS('',1,(#11065,#11066),.UNSPECIFIED.,
  .F.,.F.,(2,2),(36.75,39.75),.PIECEWISE_BEZIER_KNOTS.);
#11065 = CARTESIAN_POINT('',(73.5,3.75));
#11066 = CARTESIAN_POINT('',(76.5,3.75));
#11067 = ( GEOMETRIC_REPRESENTATION_CONTEXT(2) 
PARAMETRIC_REPRESENTATION_CONTEXT() REPRESENTATION_CONTEXT('2D SPACE',''
  ) );
#11068 = PCURVE('',#7042,#11069);
#11069 = DEFINITIONAL_REPRESENTATION('',(#11070),#11073);
#11070 = B_SPLINE_CURVE_WITH_KNOTS('',1,(#11071,#11072),.UNSPECIFIED.,
  .F.,.F.,(2,2),(36.75,39.75),.PIECEWISE_BEZIER_KNOTS.);
#11071 = CARTESIAN_POINT('',(12.,0.));
#11072 = CARTESIAN_POINT('',(12.,3.));
#11073 = ( GEOMETRIC_REPRESENTATION_CONTEXT(2) 
PARAMETRIC_REPRESENTATION_CONTEXT() REPRESENTATION_CONTEXT('2D SPACE',''
  ) );
#11074 = ADVANCED_FACE('',(#11075),#5025,.F.);
#11075 = FACE_BOUND('',#11076,.F.);
#11076 = EDGE_LOOP('',(#11077,#11078,#11079,#11100));
#11077 = ORIENTED_EDGE('',*,*,#5009,.F.);
#11078 = ORIENTED_EDGE('',*,*,#7054,.T.);
#11079 = ORIENTED_EDGE('',*,*,#11080,.T.);
#11080 = EDGE_CURVE('',#7027,#11034,#11081,.T.);
#11081 = SURFACE_CURVE('',#11082,(#11086,#11093),.PCURVE_S1.);
#11082 = LINE('',#11083,#11084);
#11083 = CARTESIAN_POINT('',(72.5,6.25,0.));
#11084 = VECTOR('',#11085,1.);
#11085 = DIRECTION('',(0.,0.,1.));
#11086 = PCURVE('',#5025,#11087);
#11087 = DEFINITIONAL_REPRESENTATION('',(#11088),#11092);
#11088 = LINE('',#11089,#11090);
#11089 = CARTESIAN_POINT('',(0.,-3.75));
#11090 = VECTOR('',#11091,1.);
#11091 = DIRECTION('',(1.,0.));
#11092 = ( GEOMETRIC_REPRESENTATION_CONTEXT(2) 
PARAMETRIC_REPRESENTATION_CONTEXT() REPRESENTATION_CONTEXT('2D SPACE',''
  ) );
#11093 = PCURVE('',#7042,#11094);
#11094 = DEFINITIONAL_REPRESENTATION('',(#11095),#11099);
#11095 = LINE('',#11096,#11097);
#11096 = CARTESIAN_POINT('',(0.,0.));
#11097 = VECTOR('',#11098,1.);
#11098 = DIRECTION('',(1.,0.));
#11099 = ( GEOMETRIC_REPRESENTATION_CONTEXT(2) 
PARAMETRIC_REPRESENTATION_CONTEXT() REPRESENTATION_CONTEXT('2D SPACE',''
  ) );
#11100 = ORIENTED_EDGE('',*,*,#11033,.T.);
#11101 = ADVANCED_FACE('',(#11102),#5076,.T.);
#11102 = FACE_BOUND('',#11103,.T.);
#11103 = EDGE_LOOP('',(#11104,#11105,#11106,#11129));
#11104 = ORIENTED_EDGE('',*,*,#5060,.F.);
#11105 = ORIENTED_EDGE('',*,*,#7076,.T.);
#11106 = ORIENTED_EDGE('',*,*,#11107,.T.);
#11107 = EDGE_CURVE('',#7077,#11108,#11110,.T.);
#11108 = VERTEX_POINT('',#11109);
#11109 = CARTESIAN_POINT('',(41.5,6.25,12.));
#11110 = SURFACE_CURVE('',#11111,(#11115,#11122),.PCURVE_S1.);
#11111 = LINE('',#11112,#11113);
#11112 = CARTESIAN_POINT('',(41.5,6.25,0.));
#11113 = VECTOR('',#11114,1.);
#11114 = DIRECTION('',(0.,0.,1.));
#11115 = PCURVE('',#5076,#11116);
#11116 = DEFINITIONAL_REPRESENTATION('',(#11117),#11121);
#11117 = LINE('',#11118,#11119);
#11118 = CARTESIAN_POINT('',(0.,-3.75));
#11119 = VECTOR('',#11120,1.);
#11120 = DIRECTION('',(1.,0.));
#11121 = ( GEOMETRIC_REPRESENTATION_CONTEXT(2) 
PARAMETRIC_REPRESENTATION_CONTEXT() REPRESENTATION_CONTEXT('2D SPACE',''
  ) );
#11122 = PCURVE('',#7115,#11123);
#11123 = DEFINITIONAL_REPRESENTATION('',(#11124),#11128);
#11124 = LINE('',#11125,#11126);
#11125 = CARTESIAN_POINT('',(0.,3.));
#11126 = VECTOR('',#11127,1.);
#11127 = DIRECTION('',(1.,0.));
#11128 = ( GEOMETRIC_REPRESENTATION_CONTEXT(2) 
PARAMETRIC_REPRESENTATION_CONTEXT() REPRESENTATION_CONTEXT('2D SPACE',''
  ) );
#11129 = ORIENTED_EDGE('',*,*,#11130,.T.);
#11130 = EDGE_CURVE('',#11108,#5061,#11131,.T.);
#11131 = SURFACE_CURVE('',#11132,(#11136,#11142),.PCURVE_S1.);
#11132 = LINE('',#11133,#11134);
#11133 = CARTESIAN_POINT('',(41.5,2.5,12.));
#11134 = VECTOR('',#11135,1.);
#11135 = DIRECTION('',(0.,-1.,0.));
#11136 = PCURVE('',#5076,#11137);
#11137 = DEFINITIONAL_REPRESENTATION('',(#11138),#11141);
#11138 = B_SPLINE_CURVE_WITH_KNOTS('',1,(#11139,#11140),.UNSPECIFIED.,
  .F.,.F.,(2,2),(-3.75,0.),.PIECEWISE_BEZIER_KNOTS.);
#11139 = CARTESIAN_POINT('',(12.,-3.75));
#11140 = CARTESIAN_POINT('',(12.,0.));
#11141 = ( GEOMETRIC_REPRESENTATION_CONTEXT(2) 
PARAMETRIC_REPRESENTATION_CONTEXT() REPRESENTATION_CONTEXT('2D SPACE',''
  ) );
#11142 = PCURVE('',#5104,#11143);
#11143 = DEFINITIONAL_REPRESENTATION('',(#11144),#11147);
#11144 = B_SPLINE_CURVE_WITH_KNOTS('',1,(#11145,#11146),.UNSPECIFIED.,
  .F.,.F.,(2,2),(-3.75,0.),.PIECEWISE_BEZIER_KNOTS.);
#11145 = CARTESIAN_POINT('',(42.5,3.75));
#11146 = CARTESIAN_POINT('',(42.5,0.));
#11147 = ( GEOMETRIC_REPRESENTATION_CONTEXT(2) 
PARAMETRIC_REPRESENTATION_CONTEXT() REPRESENTATION_CONTEXT('2D SPACE',''
  ) );
#11148 = ADVANCED_FACE('',(#11149),#5104,.T.);
#11149 = FACE_BOUND('',#11150,.T.);
#11150 = EDGE_LOOP('',(#11151,#11172,#11173,#11174));
#11151 = ORIENTED_EDGE('',*,*,#11152,.T.);
#11152 = EDGE_CURVE('',#11153,#5089,#11155,.T.);
#11153 = VERTEX_POINT('',#11154);
#11154 = CARTESIAN_POINT('',(38.5,6.25,12.));
#11155 = SURFACE_CURVE('',#11156,(#11160,#11166),.PCURVE_S1.);
#11156 = LINE('',#11157,#11158);
#11157 = CARTESIAN_POINT('',(38.5,2.5,12.));
#11158 = VECTOR('',#11159,1.);
#11159 = DIRECTION('',(0.,-1.,0.));
#11160 = PCURVE('',#5104,#11161);
#11161 = DEFINITIONAL_REPRESENTATION('',(#11162),#11165);
#11162 = B_SPLINE_CURVE_WITH_KNOTS('',1,(#11163,#11164),.UNSPECIFIED.,
  .F.,.F.,(2,2),(-3.75,0.),.PIECEWISE_BEZIER_KNOTS.);
#11163 = CARTESIAN_POINT('',(39.5,3.75));
#11164 = CARTESIAN_POINT('',(39.5,0.));
#11165 = ( GEOMETRIC_REPRESENTATION_CONTEXT(2) 
PARAMETRIC_REPRESENTATION_CONTEXT() REPRESENTATION_CONTEXT('2D SPACE',''
  ) );
#11166 = PCURVE('',#5132,#11167);
#11167 = DEFINITIONAL_REPRESENTATION('',(#11168),#11171);
#11168 = B_SPLINE_CURVE_WITH_KNOTS('',1,(#11169,#11170),.UNSPECIFIED.,
  .F.,.F.,(2,2),(-3.75,0.),.PIECEWISE_BEZIER_KNOTS.);
#11169 = CARTESIAN_POINT('',(12.,-3.75));
#11170 = CARTESIAN_POINT('',(12.,0.));
#11171 = ( GEOMETRIC_REPRESENTATION_CONTEXT(2) 
PARAMETRIC_REPRESENTATION_CONTEXT() REPRESENTATION_CONTEXT('2D SPACE',''
  ) );
#11172 = ORIENTED_EDGE('',*,*,#5088,.T.);
#11173 = ORIENTED_EDGE('',*,*,#11130,.F.);
#11174 = ORIENTED_EDGE('',*,*,#11175,.F.);
#11175 = EDGE_CURVE('',#11153,#11108,#11176,.T.);
#11176 = SURFACE_CURVE('',#11177,(#11181,#11187),.PCURVE_S1.);
#11177 = LINE('',#11178,#11179);
#11178 = CARTESIAN_POINT('',(18.75,6.25,12.));
#11179 = VECTOR('',#11180,1.);
#11180 = DIRECTION('',(1.,0.,0.));
#11181 = PCURVE('',#5104,#11182);
#11182 = DEFINITIONAL_REPRESENTATION('',(#11183),#11186);
#11183 = B_SPLINE_CURVE_WITH_KNOTS('',1,(#11184,#11185),.UNSPECIFIED.,
  .F.,.F.,(2,2),(19.75,22.75),.PIECEWISE_BEZIER_KNOTS.);
#11184 = CARTESIAN_POINT('',(39.5,3.75));
#11185 = CARTESIAN_POINT('',(42.5,3.75));
#11186 = ( GEOMETRIC_REPRESENTATION_CONTEXT(2) 
PARAMETRIC_REPRESENTATION_CONTEXT() REPRESENTATION_CONTEXT('2D SPACE',''
  ) );
#11187 = PCURVE('',#7115,#11188);
#11188 = DEFINITIONAL_REPRESENTATION('',(#11189),#11192);
#11189 = B_SPLINE_CURVE_WITH_KNOTS('',1,(#11190,#11191),.UNSPECIFIED.,
  .F.,.F.,(2,2),(19.75,22.75),.PIECEWISE_BEZIER_KNOTS.);
#11190 = CARTESIAN_POINT('',(12.,0.));
#11191 = CARTESIAN_POINT('',(12.,3.));
#11192 = ( GEOMETRIC_REPRESENTATION_CONTEXT(2) 
PARAMETRIC_REPRESENTATION_CONTEXT() REPRESENTATION_CONTEXT('2D SPACE',''
  ) );
#11193 = ADVANCED_FACE('',(#11194),#5132,.F.);
#11194 = FACE_BOUND('',#11195,.F.);
#11195 = EDGE_LOOP('',(#11196,#11197,#11198,#11219));
#11196 = ORIENTED_EDGE('',*,*,#5116,.F.);
#11197 = ORIENTED_EDGE('',*,*,#7127,.T.);
#11198 = ORIENTED_EDGE('',*,*,#11199,.T.);
#11199 = EDGE_CURVE('',#7100,#11153,#11200,.T.);
#11200 = SURFACE_CURVE('',#11201,(#11205,#11212),.PCURVE_S1.);
#11201 = LINE('',#11202,#11203);
#11202 = CARTESIAN_POINT('',(38.5,6.25,0.));
#11203 = VECTOR('',#11204,1.);
#11204 = DIRECTION('',(0.,0.,1.));
#11205 = PCURVE('',#5132,#11206);
#11206 = DEFINITIONAL_REPRESENTATION('',(#11207),#11211);
#11207 = LINE('',#11208,#11209);
#11208 = CARTESIAN_POINT('',(0.,-3.75));
#11209 = VECTOR('',#11210,1.);
#11210 = DIRECTION('',(1.,0.));
#11211 = ( GEOMETRIC_REPRESENTATION_CONTEXT(2) 
PARAMETRIC_REPRESENTATION_CONTEXT() REPRESENTATION_CONTEXT('2D SPACE',''
  ) );
#11212 = PCURVE('',#7115,#11213);
#11213 = DEFINITIONAL_REPRESENTATION('',(#11214),#11218);
#11214 = LINE('',#11215,#11216);
#11215 = CARTESIAN_POINT('',(0.,0.));
#11216 = VECTOR('',#11217,1.);
#11217 = DIRECTION('',(1.,0.));
#11218 = ( GEOMETRIC_REPRESENTATION_CONTEXT(2) 
PARAMETRIC_REPRESENTATION_CONTEXT() REPRESENTATION_CONTEXT('2D SPACE',''
  ) );
#11219 = ORIENTED_EDGE('',*,*,#11152,.T.);
#11220 = ADVANCED_FACE('',(#11221),#5183,.T.);
#11221 = FACE_BOUND('',#11222,.T.);
#11222 = EDGE_LOOP('',(#11223,#11224,#11225,#11226));
#11223 = ORIENTED_EDGE('',*,*,#5167,.F.);
#11224 = ORIENTED_EDGE('',*,*,#7149,.T.);
#11225 = ORIENTED_EDGE('',*,*,#6553,.T.);
#11226 = ORIENTED_EDGE('',*,*,#6482,.T.);
#11227 = ADVANCED_FACE('',(#11228),#6622,.T.);
#11228 = FACE_BOUND('',#11229,.T.);
#11229 = EDGE_LOOP('',(#11230,#11253,#11280,#11281));
#11230 = ORIENTED_EDGE('',*,*,#11231,.T.);
#11231 = EDGE_CURVE('',#6602,#11232,#11234,.T.);
#11232 = VERTEX_POINT('',#11233);
#11233 = CARTESIAN_POINT('',(5.75,9.25,6.));
#11234 = SEAM_CURVE('',#11235,(#11239,#11246),.PCURVE_S1.);
#11235 = LINE('',#11236,#11237);
#11236 = CARTESIAN_POINT('',(5.75,6.25,6.));
#11237 = VECTOR('',#11238,1.);
#11238 = DIRECTION('',(-0.,1.,-0.));
#11239 = PCURVE('',#6622,#11240);
#11240 = DEFINITIONAL_REPRESENTATION('',(#11241),#11245);
#11241 = LINE('',#11242,#11243);
#11242 = CARTESIAN_POINT('',(0.,0.));
#11243 = VECTOR('',#11244,1.);
#11244 = DIRECTION('',(0.,-1.));
#11245 = ( GEOMETRIC_REPRESENTATION_CONTEXT(2) 
PARAMETRIC_REPRESENTATION_CONTEXT() REPRESENTATION_CONTEXT('2D SPACE',''
  ) );
#11246 = PCURVE('',#6622,#11247);
#11247 = DEFINITIONAL_REPRESENTATION('',(#11248),#11252);
#11248 = LINE('',#11249,#11250);
#11249 = CARTESIAN_POINT('',(6.28318530718,0.));
#11250 = VECTOR('',#11251,1.);
#11251 = DIRECTION('',(0.,-1.));
#11252 = ( GEOMETRIC_REPRESENTATION_CONTEXT(2) 
PARAMETRIC_REPRESENTATION_CONTEXT() REPRESENTATION_CONTEXT('2D SPACE',''
  ) );
#11253 = ORIENTED_EDGE('',*,*,#11254,.T.);
#11254 = EDGE_CURVE('',#11232,#11232,#11255,.T.);
#11255 = SURFACE_CURVE('',#11256,(#11261,#11268),.PCURVE_S1.);
#11256 = CIRCLE('',#11257,2.);
#11257 = AXIS2_PLACEMENT_3D('',#11258,#11259,#11260);
#11258 = CARTESIAN_POINT('',(3.75,9.25,6.));
#11259 = DIRECTION('',(0.,-1.,-0.));
#11260 = DIRECTION('',(1.,0.,0.));
#11261 = PCURVE('',#6622,#11262);
#11262 = DEFINITIONAL_REPRESENTATION('',(#11263),#11267);
#11263 = LINE('',#11264,#11265);
#11264 = CARTESIAN_POINT('',(0.,-3.));
#11265 = VECTOR('',#11266,1.);
#11266 = DIRECTION('',(1.,0.));
#11267 = ( GEOMETRIC_REPRESENTATION_CONTEXT(2) 
PARAMETRIC_REPRESENTATION_CONTEXT() REPRESENTATION_CONTEXT('2D SPACE',''
  ) );
#11268 = PCURVE('',#11269,#11274);
#11269 = CONICAL_SURFACE('',#11270,2.,0.785398163397);
#11270 = AXIS2_PLACEMENT_3D('',#11271,#11272,#11273);
#11271 = CARTESIAN_POINT('',(3.75,9.25,6.));
#11272 = DIRECTION('',(0.,-1.,-0.));
#11273 = DIRECTION('',(1.,0.,0.));
#11274 = DEFINITIONAL_REPRESENTATION('',(#11275),#11279);
#11275 = LINE('',#11276,#11277);
#11276 = CARTESIAN_POINT('',(0.,-0.));
#11277 = VECTOR('',#11278,1.);
#11278 = DIRECTION('',(1.,-0.));
#11279 = ( GEOMETRIC_REPRESENTATION_CONTEXT(2) 
PARAMETRIC_REPRESENTATION_CONTEXT() REPRESENTATION_CONTEXT('2D SPACE',''
  ) );
#11280 = ORIENTED_EDGE('',*,*,#11231,.F.);
#11281 = ORIENTED_EDGE('',*,*,#6601,.F.);
#11282 = ADVANCED_FACE('',(#11283,#11289),#6677,.T.);
#11283 = FACE_BOUND('',#11284,.T.);
#11284 = EDGE_LOOP('',(#11285,#11286,#11287,#11288));
#11285 = ORIENTED_EDGE('',*,*,#7288,.F.);
#11286 = ORIENTED_EDGE('',*,*,#6661,.F.);
#11287 = ORIENTED_EDGE('',*,*,#10485,.T.);
#11288 = ORIENTED_EDGE('',*,*,#10440,.T.);
#11289 = FACE_BOUND('',#11290,.T.);
#11290 = EDGE_LOOP('',(#11291));
#11291 = ORIENTED_EDGE('',*,*,#11292,.T.);
#11292 = EDGE_CURVE('',#11293,#11293,#11295,.T.);
#11293 = VERTEX_POINT('',#11294);
#11294 = CARTESIAN_POINT('',(248.35,6.25,6.));
#11295 = SURFACE_CURVE('',#11296,(#11301,#11312),.PCURVE_S1.);
#11296 = CIRCLE('',#11297,2.1);
#11297 = AXIS2_PLACEMENT_3D('',#11298,#11299,#11300);
#11298 = CARTESIAN_POINT('',(246.25,6.25,6.));
#11299 = DIRECTION('',(0.,-1.,0.));
#11300 = DIRECTION('',(1.,0.,0.));
#11301 = PCURVE('',#6677,#11302);
#11302 = DEFINITIONAL_REPRESENTATION('',(#11303),#11311);
#11303 = ( BOUNDED_CURVE() B_SPLINE_CURVE(2,(#11304,#11305,#11306,#11307
    ,#11308,#11309,#11310),.UNSPECIFIED.,.T.,.F.) 
B_SPLINE_CURVE_WITH_KNOTS((1,2,2,2,2,1),(-2.094395102393,0.,
    2.094395102393,4.188790204786,6.28318530718,8.377580409573),
.UNSPECIFIED.) CURVE() GEOMETRIC_REPRESENTATION_ITEM() 
RATIONAL_B_SPLINE_CURVE((1.,0.5,1.,0.5,1.,0.5,1.)) REPRESENTATION_ITEM(
  '') );
#11304 = CARTESIAN_POINT('',(6.,5.85));
#11305 = CARTESIAN_POINT('',(9.637306695895,5.85));
#11306 = CARTESIAN_POINT('',(7.818653347947,2.7));
#11307 = CARTESIAN_POINT('',(6.,-0.45));
#11308 = CARTESIAN_POINT('',(4.181346652053,2.7));
#11309 = CARTESIAN_POINT('',(2.362693304105,5.85));
#11310 = CARTESIAN_POINT('',(6.,5.85));
#11311 = ( GEOMETRIC_REPRESENTATION_CONTEXT(2) 
PARAMETRIC_REPRESENTATION_CONTEXT() REPRESENTATION_CONTEXT('2D SPACE',''
  ) );
#11312 = PCURVE('',#11313,#11318);
#11313 = CYLINDRICAL_SURFACE('',#11314,2.1);
#11314 = AXIS2_PLACEMENT_3D('',#11315,#11316,#11317);
#11315 = CARTESIAN_POINT('',(246.25,2.25,6.));
#11316 = DIRECTION('',(0.,-1.,0.));
#11317 = DIRECTION('',(1.,0.,0.));
#11318 = DEFINITIONAL_REPRESENTATION('',(#11319),#11323);
#11319 = LINE('',#11320,#11321);
#11320 = CARTESIAN_POINT('',(0.,-4.));
#11321 = VECTOR('',#11322,1.);
#11322 = DIRECTION('',(1.,0.));
#11323 = ( GEOMETRIC_REPRESENTATION_CONTEXT(2) 
PARAMETRIC_REPRESENTATION_CONTEXT() REPRESENTATION_CONTEXT('2D SPACE',''
  ) );
#11324 = ADVANCED_FACE('',(#11325),#6750,.T.);
#11325 = FACE_BOUND('',#11326,.T.);
#11326 = EDGE_LOOP('',(#11327,#11328,#11329,#11330));
#11327 = ORIENTED_EDGE('',*,*,#10512,.F.);
#11328 = ORIENTED_EDGE('',*,*,#6734,.F.);
#11329 = ORIENTED_EDGE('',*,*,#10604,.T.);
#11330 = ORIENTED_EDGE('',*,*,#10559,.T.);
#11331 = ADVANCED_FACE('',(#11332),#6823,.T.);
#11332 = FACE_BOUND('',#11333,.T.);
#11333 = EDGE_LOOP('',(#11334,#11335,#11336,#11337));
#11334 = ORIENTED_EDGE('',*,*,#10631,.F.);
#11335 = ORIENTED_EDGE('',*,*,#6807,.F.);
#11336 = ORIENTED_EDGE('',*,*,#10723,.T.);
#11337 = ORIENTED_EDGE('',*,*,#10678,.T.);
#11338 = ADVANCED_FACE('',(#11339),#6896,.T.);
#11339 = FACE_BOUND('',#11340,.T.);
#11340 = EDGE_LOOP('',(#11341,#11342,#11343,#11344));
#11341 = ORIENTED_EDGE('',*,*,#10750,.F.);
#11342 = ORIENTED_EDGE('',*,*,#6880,.F.);
#11343 = ORIENTED_EDGE('',*,*,#10842,.T.);
#11344 = ORIENTED_EDGE('',*,*,#10797,.T.);
#11345 = ADVANCED_FACE('',(#11346),#6969,.T.);
#11346 = FACE_BOUND('',#11347,.T.);
#11347 = EDGE_LOOP('',(#11348,#11349,#11350,#11351));
#11348 = ORIENTED_EDGE('',*,*,#10869,.F.);
#11349 = ORIENTED_EDGE('',*,*,#6953,.F.);
#11350 = ORIENTED_EDGE('',*,*,#10961,.T.);
#11351 = ORIENTED_EDGE('',*,*,#10937,.T.);
#11352 = ADVANCED_FACE('',(#11353),#7042,.T.);
#11353 = FACE_BOUND('',#11354,.T.);
#11354 = EDGE_LOOP('',(#11355,#11356,#11357,#11358));
#11355 = ORIENTED_EDGE('',*,*,#10988,.F.);
#11356 = ORIENTED_EDGE('',*,*,#7026,.F.);
#11357 = ORIENTED_EDGE('',*,*,#11080,.T.);
#11358 = ORIENTED_EDGE('',*,*,#11056,.T.);
#11359 = ADVANCED_FACE('',(#11360),#7115,.T.);
#11360 = FACE_BOUND('',#11361,.T.);
#11361 = EDGE_LOOP('',(#11362,#11363,#11364,#11365));
#11362 = ORIENTED_EDGE('',*,*,#11107,.F.);
#11363 = ORIENTED_EDGE('',*,*,#7099,.F.);
#11364 = ORIENTED_EDGE('',*,*,#11199,.T.);
#11365 = ORIENTED_EDGE('',*,*,#11175,.T.);
#11366 = ADVANCED_FACE('',(#11367),#7450,.F.);
#11367 = FACE_BOUND('',#11368,.F.);
#11368 = EDGE_LOOP('',(#11369,#11392,#11393,#11394));
#11369 = ORIENTED_EDGE('',*,*,#11370,.T.);
#11370 = EDGE_CURVE('',#11371,#7430,#11373,.T.);
#11371 = VERTEX_POINT('',#11372);
#11372 = CARTESIAN_POINT('',(248.35,2.25,45.));
#11373 = SEAM_CURVE('',#11374,(#11378,#11385),.PCURVE_S1.);
#11374 = LINE('',#11375,#11376);
#11375 = CARTESIAN_POINT('',(248.35,2.25,45.));
#11376 = VECTOR('',#11377,1.);
#11377 = DIRECTION('',(-0.,1.,-0.));
#11378 = PCURVE('',#7450,#11379);
#11379 = DEFINITIONAL_REPRESENTATION('',(#11380),#11384);
#11380 = LINE('',#11381,#11382);
#11381 = CARTESIAN_POINT('',(0.,0.));
#11382 = VECTOR('',#11383,1.);
#11383 = DIRECTION('',(0.,-1.));
#11384 = ( GEOMETRIC_REPRESENTATION_CONTEXT(2) 
PARAMETRIC_REPRESENTATION_CONTEXT() REPRESENTATION_CONTEXT('2D SPACE',''
  ) );
#11385 = PCURVE('',#7450,#11386);
#11386 = DEFINITIONAL_REPRESENTATION('',(#11387),#11391);
#11387 = LINE('',#11388,#11389);
#11388 = CARTESIAN_POINT('',(6.28318530718,0.));
#11389 = VECTOR('',#11390,1.);
#11390 = DIRECTION('',(0.,-1.));
#11391 = ( GEOMETRIC_REPRESENTATION_CONTEXT(2) 
PARAMETRIC_REPRESENTATION_CONTEXT() REPRESENTATION_CONTEXT('2D SPACE',''
  ) );
#11392 = ORIENTED_EDGE('',*,*,#7429,.T.);
#11393 = ORIENTED_EDGE('',*,*,#11370,.F.);
#11394 = ORIENTED_EDGE('',*,*,#11395,.F.);
#11395 = EDGE_CURVE('',#11371,#11371,#11396,.T.);
#11396 = SURFACE_CURVE('',#11397,(#11402,#11409),.PCURVE_S1.);
#11397 = CIRCLE('',#11398,2.1);
#11398 = AXIS2_PLACEMENT_3D('',#11399,#11400,#11401);
#11399 = CARTESIAN_POINT('',(246.25,2.25,45.));
#11400 = DIRECTION('',(0.,-1.,0.));
#11401 = DIRECTION('',(1.,0.,0.));
#11402 = PCURVE('',#7450,#11403);
#11403 = DEFINITIONAL_REPRESENTATION('',(#11404),#11408);
#11404 = LINE('',#11405,#11406);
#11405 = CARTESIAN_POINT('',(0.,0.));
#11406 = VECTOR('',#11407,1.);
#11407 = DIRECTION('',(1.,0.));
#11408 = ( GEOMETRIC_REPRESENTATION_CONTEXT(2) 
PARAMETRIC_REPRESENTATION_CONTEXT() REPRESENTATION_CONTEXT('2D SPACE',''
  ) );
#11409 = PCURVE('',#11410,#11415);
#11410 = PLANE('',#11411);
#11411 = AXIS2_PLACEMENT_3D('',#11412,#11413,#11414);
#11412 = CARTESIAN_POINT('',(246.25,2.25,45.));
#11413 = DIRECTION('',(-0.,-1.,-0.));
#11414 = DIRECTION('',(0.,0.,-1.));
#11415 = DEFINITIONAL_REPRESENTATION('',(#11416),#11420);
#11416 = CIRCLE('',#11417,2.1);
#11417 = AXIS2_PLACEMENT_2D('',#11418,#11419);
#11418 = CARTESIAN_POINT('',(0.,2.84217094304E-14));
#11419 = DIRECTION('',(0.,1.));
#11420 = ( GEOMETRIC_REPRESENTATION_CONTEXT(2) 
PARAMETRIC_REPRESENTATION_CONTEXT() REPRESENTATION_CONTEXT('2D SPACE',''
  ) );
#11421 = ADVANCED_FACE('',(#11422),#7485,.F.);
#11422 = FACE_BOUND('',#11423,.F.);
#11423 = EDGE_LOOP('',(#11424,#11447,#11448,#11449));
#11424 = ORIENTED_EDGE('',*,*,#11425,.T.);
#11425 = EDGE_CURVE('',#11426,#7465,#11428,.T.);
#11426 = VERTEX_POINT('',#11427);
#11427 = CARTESIAN_POINT('',(248.35,2.25,105.));
#11428 = SEAM_CURVE('',#11429,(#11433,#11440),.PCURVE_S1.);
#11429 = LINE('',#11430,#11431);
#11430 = CARTESIAN_POINT('',(248.35,2.25,105.));
#11431 = VECTOR('',#11432,1.);
#11432 = DIRECTION('',(-0.,1.,-0.));
#11433 = PCURVE('',#7485,#11434);
#11434 = DEFINITIONAL_REPRESENTATION('',(#11435),#11439);
#11435 = LINE('',#11436,#11437);
#11436 = CARTESIAN_POINT('',(0.,0.));
#11437 = VECTOR('',#11438,1.);
#11438 = DIRECTION('',(0.,-1.));
#11439 = ( GEOMETRIC_REPRESENTATION_CONTEXT(2) 
PARAMETRIC_REPRESENTATION_CONTEXT() REPRESENTATION_CONTEXT('2D SPACE',''
  ) );
#11440 = PCURVE('',#7485,#11441);
#11441 = DEFINITIONAL_REPRESENTATION('',(#11442),#11446);
#11442 = LINE('',#11443,#11444);
#11443 = CARTESIAN_POINT('',(6.28318530718,0.));
#11444 = VECTOR('',#11445,1.);
#11445 = DIRECTION('',(0.,-1.));
#11446 = ( GEOMETRIC_REPRESENTATION_CONTEXT(2) 
PARAMETRIC_REPRESENTATION_CONTEXT() REPRESENTATION_CONTEXT('2D SPACE',''
  ) );
#11447 = ORIENTED_EDGE('',*,*,#7464,.T.);
#11448 = ORIENTED_EDGE('',*,*,#11425,.F.);
#11449 = ORIENTED_EDGE('',*,*,#11450,.F.);
#11450 = EDGE_CURVE('',#11426,#11426,#11451,.T.);
#11451 = SURFACE_CURVE('',#11452,(#11457,#11464),.PCURVE_S1.);
#11452 = CIRCLE('',#11453,2.1);
#11453 = AXIS2_PLACEMENT_3D('',#11454,#11455,#11456);
#11454 = CARTESIAN_POINT('',(246.25,2.25,105.));
#11455 = DIRECTION('',(0.,-1.,0.));
#11456 = DIRECTION('',(1.,0.,0.));
#11457 = PCURVE('',#7485,#11458);
#11458 = DEFINITIONAL_REPRESENTATION('',(#11459),#11463);
#11459 = LINE('',#11460,#11461);
#11460 = CARTESIAN_POINT('',(0.,0.));
#11461 = VECTOR('',#11462,1.);
#11462 = DIRECTION('',(1.,0.));
#11463 = ( GEOMETRIC_REPRESENTATION_CONTEXT(2) 
PARAMETRIC_REPRESENTATION_CONTEXT() REPRESENTATION_CONTEXT('2D SPACE',''
  ) );
#11464 = PCURVE('',#11465,#11470);
#11465 = PLANE('',#11466);
#11466 = AXIS2_PLACEMENT_3D('',#11467,#11468,#11469);
#11467 = CARTESIAN_POINT('',(246.25,2.25,105.));
#11468 = DIRECTION('',(-0.,-1.,-0.));
#11469 = DIRECTION('',(0.,0.,-1.));
#11470 = DEFINITIONAL_REPRESENTATION('',(#11471),#11475);
#11471 = CIRCLE('',#11472,2.1);
#11472 = AXIS2_PLACEMENT_2D('',#11473,#11474);
#11473 = CARTESIAN_POINT('',(0.,2.84217094304E-14));
#11474 = DIRECTION('',(0.,1.));
#11475 = ( GEOMETRIC_REPRESENTATION_CONTEXT(2) 
PARAMETRIC_REPRESENTATION_CONTEXT() REPRESENTATION_CONTEXT('2D SPACE',''
  ) );
#11476 = ADVANCED_FACE('',(#11477),#7520,.F.);
#11477 = FACE_BOUND('',#11478,.F.);
#11478 = EDGE_LOOP('',(#11479,#11502,#11503,#11504));
#11479 = ORIENTED_EDGE('',*,*,#11480,.T.);
#11480 = EDGE_CURVE('',#11481,#7500,#11483,.T.);
#11481 = VERTEX_POINT('',#11482);
#11482 = CARTESIAN_POINT('',(248.35,2.25,165.));
#11483 = SEAM_CURVE('',#11484,(#11488,#11495),.PCURVE_S1.);
#11484 = LINE('',#11485,#11486);
#11485 = CARTESIAN_POINT('',(248.35,2.25,165.));
#11486 = VECTOR('',#11487,1.);
#11487 = DIRECTION('',(-0.,1.,-0.));
#11488 = PCURVE('',#7520,#11489);
#11489 = DEFINITIONAL_REPRESENTATION('',(#11490),#11494);
#11490 = LINE('',#11491,#11492);
#11491 = CARTESIAN_POINT('',(0.,0.));
#11492 = VECTOR('',#11493,1.);
#11493 = DIRECTION('',(0.,-1.));
#11494 = ( GEOMETRIC_REPRESENTATION_CONTEXT(2) 
PARAMETRIC_REPRESENTATION_CONTEXT() REPRESENTATION_CONTEXT('2D SPACE',''
  ) );
#11495 = PCURVE('',#7520,#11496);
#11496 = DEFINITIONAL_REPRESENTATION('',(#11497),#11501);
#11497 = LINE('',#11498,#11499);
#11498 = CARTESIAN_POINT('',(6.28318530718,0.));
#11499 = VECTOR('',#11500,1.);
#11500 = DIRECTION('',(0.,-1.));
#11501 = ( GEOMETRIC_REPRESENTATION_CONTEXT(2) 
PARAMETRIC_REPRESENTATION_CONTEXT() REPRESENTATION_CONTEXT('2D SPACE',''
  ) );
#11502 = ORIENTED_EDGE('',*,*,#7499,.T.);
#11503 = ORIENTED_EDGE('',*,*,#11480,.F.);
#11504 = ORIENTED_EDGE('',*,*,#11505,.F.);
#11505 = EDGE_CURVE('',#11481,#11481,#11506,.T.);
#11506 = SURFACE_CURVE('',#11507,(#11512,#11519),.PCURVE_S1.);
#11507 = CIRCLE('',#11508,2.1);
#11508 = AXIS2_PLACEMENT_3D('',#11509,#11510,#11511);
#11509 = CARTESIAN_POINT('',(246.25,2.25,165.));
#11510 = DIRECTION('',(0.,-1.,0.));
#11511 = DIRECTION('',(1.,0.,0.));
#11512 = PCURVE('',#7520,#11513);
#11513 = DEFINITIONAL_REPRESENTATION('',(#11514),#11518);
#11514 = LINE('',#11515,#11516);
#11515 = CARTESIAN_POINT('',(0.,0.));
#11516 = VECTOR('',#11517,1.);
#11517 = DIRECTION('',(1.,0.));
#11518 = ( GEOMETRIC_REPRESENTATION_CONTEXT(2) 
PARAMETRIC_REPRESENTATION_CONTEXT() REPRESENTATION_CONTEXT('2D SPACE',''
  ) );
#11519 = PCURVE('',#11520,#11525);
#11520 = PLANE('',#11521);
#11521 = AXIS2_PLACEMENT_3D('',#11522,#11523,#11524);
#11522 = CARTESIAN_POINT('',(246.25,2.25,165.));
#11523 = DIRECTION('',(-0.,-1.,-0.));
#11524 = DIRECTION('',(0.,0.,-1.));
#11525 = DEFINITIONAL_REPRESENTATION('',(#11526),#11530);
#11526 = CIRCLE('',#11527,2.1);
#11527 = AXIS2_PLACEMENT_2D('',#11528,#11529);
#11528 = CARTESIAN_POINT('',(0.,2.84217094304E-14));
#11529 = DIRECTION('',(0.,1.));
#11530 = ( GEOMETRIC_REPRESENTATION_CONTEXT(2) 
PARAMETRIC_REPRESENTATION_CONTEXT() REPRESENTATION_CONTEXT('2D SPACE',''
  ) );
#11531 = ADVANCED_FACE('',(#11532),#7555,.F.);
#11532 = FACE_BOUND('',#11533,.F.);
#11533 = EDGE_LOOP('',(#11534,#11557,#11558,#11559));
#11534 = ORIENTED_EDGE('',*,*,#11535,.T.);
#11535 = EDGE_CURVE('',#11536,#7535,#11538,.T.);
#11536 = VERTEX_POINT('',#11537);
#11537 = CARTESIAN_POINT('',(248.35,2.25,198.));
#11538 = SEAM_CURVE('',#11539,(#11543,#11550),.PCURVE_S1.);
#11539 = LINE('',#11540,#11541);
#11540 = CARTESIAN_POINT('',(248.35,2.25,198.));
#11541 = VECTOR('',#11542,1.);
#11542 = DIRECTION('',(-0.,1.,-0.));
#11543 = PCURVE('',#7555,#11544);
#11544 = DEFINITIONAL_REPRESENTATION('',(#11545),#11549);
#11545 = LINE('',#11546,#11547);
#11546 = CARTESIAN_POINT('',(0.,0.));
#11547 = VECTOR('',#11548,1.);
#11548 = DIRECTION('',(0.,-1.));
#11549 = ( GEOMETRIC_REPRESENTATION_CONTEXT(2) 
PARAMETRIC_REPRESENTATION_CONTEXT() REPRESENTATION_CONTEXT('2D SPACE',''
  ) );
#11550 = PCURVE('',#7555,#11551);
#11551 = DEFINITIONAL_REPRESENTATION('',(#11552),#11556);
#11552 = LINE('',#11553,#11554);
#11553 = CARTESIAN_POINT('',(6.28318530718,0.));
#11554 = VECTOR('',#11555,1.);
#11555 = DIRECTION('',(0.,-1.));
#11556 = ( GEOMETRIC_REPRESENTATION_CONTEXT(2) 
PARAMETRIC_REPRESENTATION_CONTEXT() REPRESENTATION_CONTEXT('2D SPACE',''
  ) );
#11557 = ORIENTED_EDGE('',*,*,#7534,.T.);
#11558 = ORIENTED_EDGE('',*,*,#11535,.F.);
#11559 = ORIENTED_EDGE('',*,*,#11560,.F.);
#11560 = EDGE_CURVE('',#11536,#11536,#11561,.T.);
#11561 = SURFACE_CURVE('',#11562,(#11567,#11574),.PCURVE_S1.);
#11562 = CIRCLE('',#11563,2.1);
#11563 = AXIS2_PLACEMENT_3D('',#11564,#11565,#11566);
#11564 = CARTESIAN_POINT('',(246.25,2.25,198.));
#11565 = DIRECTION('',(0.,-1.,0.));
#11566 = DIRECTION('',(1.,0.,0.));
#11567 = PCURVE('',#7555,#11568);
#11568 = DEFINITIONAL_REPRESENTATION('',(#11569),#11573);
#11569 = LINE('',#11570,#11571);
#11570 = CARTESIAN_POINT('',(0.,0.));
#11571 = VECTOR('',#11572,1.);
#11572 = DIRECTION('',(1.,0.));
#11573 = ( GEOMETRIC_REPRESENTATION_CONTEXT(2) 
PARAMETRIC_REPRESENTATION_CONTEXT() REPRESENTATION_CONTEXT('2D SPACE',''
  ) );
#11574 = PCURVE('',#11575,#11580);
#11575 = PLANE('',#11576);
#11576 = AXIS2_PLACEMENT_3D('',#11577,#11578,#11579);
#11577 = CARTESIAN_POINT('',(246.25,2.25,198.));
#11578 = DIRECTION('',(-0.,-1.,-0.));
#11579 = DIRECTION('',(0.,0.,-1.));
#11580 = DEFINITIONAL_REPRESENTATION('',(#11581),#11585);
#11581 = CIRCLE('',#11582,2.1);
#11582 = AXIS2_PLACEMENT_2D('',#11583,#11584);
#11583 = CARTESIAN_POINT('',(0.,2.84217094304E-14));
#11584 = DIRECTION('',(0.,1.));
#11585 = ( GEOMETRIC_REPRESENTATION_CONTEXT(2) 
PARAMETRIC_REPRESENTATION_CONTEXT() REPRESENTATION_CONTEXT('2D SPACE',''
  ) );
#11586 = ADVANCED_FACE('',(#11587),#8647,.T.);
#11587 = FACE_BOUND('',#11588,.F.);
#11588 = EDGE_LOOP('',(#11589,#11610,#11611,#11612));
#11589 = ORIENTED_EDGE('',*,*,#11590,.F.);
#11590 = EDGE_CURVE('',#8610,#11591,#11593,.T.);
#11591 = VERTEX_POINT('',#11592);
#11592 = CARTESIAN_POINT('',(5.25,9.75,45.));
#11593 = SEAM_CURVE('',#11594,(#11598,#11604),.PCURVE_S1.);
#11594 = LINE('',#11595,#11596);
#11595 = CARTESIAN_POINT('',(5.75,9.25,45.));
#11596 = VECTOR('',#11597,1.);
#11597 = DIRECTION('',(-0.707106781187,0.707106781187,0.));
#11598 = PCURVE('',#8647,#11599);
#11599 = DEFINITIONAL_REPRESENTATION('',(#11600),#11603);
#11600 = B_SPLINE_CURVE_WITH_KNOTS('',1,(#11601,#11602),.UNSPECIFIED.,
  .F.,.F.,(2,2),(0.,0.707106781187),.PIECEWISE_BEZIER_KNOTS.);
#11601 = CARTESIAN_POINT('',(0.,0.));
#11602 = CARTESIAN_POINT('',(0.,-0.5));
#11603 = ( GEOMETRIC_REPRESENTATION_CONTEXT(2) 
PARAMETRIC_REPRESENTATION_CONTEXT() REPRESENTATION_CONTEXT('2D SPACE',''
  ) );
#11604 = PCURVE('',#8647,#11605);
#11605 = DEFINITIONAL_REPRESENTATION('',(#11606),#11609);
#11606 = B_SPLINE_CURVE_WITH_KNOTS('',1,(#11607,#11608),.UNSPECIFIED.,
  .F.,.F.,(2,2),(0.,0.707106781187),.PIECEWISE_BEZIER_KNOTS.);
#11607 = CARTESIAN_POINT('',(6.28318530718,0.));
#11608 = CARTESIAN_POINT('',(6.28318530718,-0.5));
#11609 = ( GEOMETRIC_REPRESENTATION_CONTEXT(2) 
PARAMETRIC_REPRESENTATION_CONTEXT() REPRESENTATION_CONTEXT('2D SPACE',''
  ) );
#11610 = ORIENTED_EDGE('',*,*,#8632,.T.);
#11611 = ORIENTED_EDGE('',*,*,#11590,.T.);
#11612 = ORIENTED_EDGE('',*,*,#11613,.F.);
#11613 = EDGE_CURVE('',#11591,#11591,#11614,.T.);
#11614 = SURFACE_CURVE('',#11615,(#11620,#11627),.PCURVE_S1.);
#11615 = CIRCLE('',#11616,1.5);
#11616 = AXIS2_PLACEMENT_3D('',#11617,#11618,#11619);
#11617 = CARTESIAN_POINT('',(3.75,9.75,45.));
#11618 = DIRECTION('',(0.,-1.,-0.));
#11619 = DIRECTION('',(1.,0.,0.));
#11620 = PCURVE('',#8647,#11621);
#11621 = DEFINITIONAL_REPRESENTATION('',(#11622),#11626);
#11622 = LINE('',#11623,#11624);
#11623 = CARTESIAN_POINT('',(0.,-0.5));
#11624 = VECTOR('',#11625,1.);
#11625 = DIRECTION('',(1.,-0.));
#11626 = ( GEOMETRIC_REPRESENTATION_CONTEXT(2) 
PARAMETRIC_REPRESENTATION_CONTEXT() REPRESENTATION_CONTEXT('2D SPACE',''
  ) );
#11627 = PCURVE('',#11628,#11633);
#11628 = PLANE('',#11629);
#11629 = AXIS2_PLACEMENT_3D('',#11630,#11631,#11632);
#11630 = CARTESIAN_POINT('',(3.75,9.75,45.));
#11631 = DIRECTION('',(-0.,-1.,-0.));
#11632 = DIRECTION('',(0.,0.,-1.));
#11633 = DEFINITIONAL_REPRESENTATION('',(#11634),#11638);
#11634 = CIRCLE('',#11635,1.5);
#11635 = AXIS2_PLACEMENT_2D('',#11636,#11637);
#11636 = CARTESIAN_POINT('',(0.,0.));
#11637 = DIRECTION('',(0.,1.));
#11638 = ( GEOMETRIC_REPRESENTATION_CONTEXT(2) 
PARAMETRIC_REPRESENTATION_CONTEXT() REPRESENTATION_CONTEXT('2D SPACE',''
  ) );
#11639 = ADVANCED_FACE('',(#11640),#8702,.T.);
#11640 = FACE_BOUND('',#11641,.F.);
#11641 = EDGE_LOOP('',(#11642,#11663,#11664,#11665));
#11642 = ORIENTED_EDGE('',*,*,#11643,.F.);
#11643 = EDGE_CURVE('',#8665,#11644,#11646,.T.);
#11644 = VERTEX_POINT('',#11645);
#11645 = CARTESIAN_POINT('',(5.25,9.75,105.));
#11646 = SEAM_CURVE('',#11647,(#11651,#11657),.PCURVE_S1.);
#11647 = LINE('',#11648,#11649);
#11648 = CARTESIAN_POINT('',(5.75,9.25,105.));
#11649 = VECTOR('',#11650,1.);
#11650 = DIRECTION('',(-0.707106781187,0.707106781187,0.));
#11651 = PCURVE('',#8702,#11652);
#11652 = DEFINITIONAL_REPRESENTATION('',(#11653),#11656);
#11653 = B_SPLINE_CURVE_WITH_KNOTS('',1,(#11654,#11655),.UNSPECIFIED.,
  .F.,.F.,(2,2),(0.,0.707106781187),.PIECEWISE_BEZIER_KNOTS.);
#11654 = CARTESIAN_POINT('',(0.,0.));
#11655 = CARTESIAN_POINT('',(0.,-0.5));
#11656 = ( GEOMETRIC_REPRESENTATION_CONTEXT(2) 
PARAMETRIC_REPRESENTATION_CONTEXT() REPRESENTATION_CONTEXT('2D SPACE',''
  ) );
#11657 = PCURVE('',#8702,#11658);
#11658 = DEFINITIONAL_REPRESENTATION('',(#11659),#11662);
#11659 = B_SPLINE_CURVE_WITH_KNOTS('',1,(#11660,#11661),.UNSPECIFIED.,
  .F.,.F.,(2,2),(0.,0.707106781187),.PIECEWISE_BEZIER_KNOTS.);
#11660 = CARTESIAN_POINT('',(6.28318530718,0.));
#11661 = CARTESIAN_POINT('',(6.28318530718,-0.5));
#11662 = ( GEOMETRIC_REPRESENTATION_CONTEXT(2) 
PARAMETRIC_REPRESENTATION_CONTEXT() REPRESENTATION_CONTEXT('2D SPACE',''
  ) );
#11663 = ORIENTED_EDGE('',*,*,#8687,.T.);
#11664 = ORIENTED_EDGE('',*,*,#11643,.T.);
#11665 = ORIENTED_EDGE('',*,*,#11666,.F.);
#11666 = EDGE_CURVE('',#11644,#11644,#11667,.T.);
#11667 = SURFACE_CURVE('',#11668,(#11673,#11680),.PCURVE_S1.);
#11668 = CIRCLE('',#11669,1.5);
#11669 = AXIS2_PLACEMENT_3D('',#11670,#11671,#11672);
#11670 = CARTESIAN_POINT('',(3.75,9.75,105.));
#11671 = DIRECTION('',(0.,-1.,-0.));
#11672 = DIRECTION('',(1.,0.,0.));
#11673 = PCURVE('',#8702,#11674);
#11674 = DEFINITIONAL_REPRESENTATION('',(#11675),#11679);
#11675 = LINE('',#11676,#11677);
#11676 = CARTESIAN_POINT('',(0.,-0.5));
#11677 = VECTOR('',#11678,1.);
#11678 = DIRECTION('',(1.,-0.));
#11679 = ( GEOMETRIC_REPRESENTATION_CONTEXT(2) 
PARAMETRIC_REPRESENTATION_CONTEXT() REPRESENTATION_CONTEXT('2D SPACE',''
  ) );
#11680 = PCURVE('',#11681,#11686);
#11681 = PLANE('',#11682);
#11682 = AXIS2_PLACEMENT_3D('',#11683,#11684,#11685);
#11683 = CARTESIAN_POINT('',(3.75,9.75,105.));
#11684 = DIRECTION('',(-0.,-1.,-0.));
#11685 = DIRECTION('',(0.,0.,-1.));
#11686 = DEFINITIONAL_REPRESENTATION('',(#11687),#11691);
#11687 = CIRCLE('',#11688,1.5);
#11688 = AXIS2_PLACEMENT_2D('',#11689,#11690);
#11689 = CARTESIAN_POINT('',(1.42108547152E-14,8.881784197001E-16));
#11690 = DIRECTION('',(0.,1.));
#11691 = ( GEOMETRIC_REPRESENTATION_CONTEXT(2) 
PARAMETRIC_REPRESENTATION_CONTEXT() REPRESENTATION_CONTEXT('2D SPACE',''
  ) );
#11692 = ADVANCED_FACE('',(#11693),#8757,.T.);
#11693 = FACE_BOUND('',#11694,.F.);
#11694 = EDGE_LOOP('',(#11695,#11716,#11717,#11718));
#11695 = ORIENTED_EDGE('',*,*,#11696,.F.);
#11696 = EDGE_CURVE('',#8720,#11697,#11699,.T.);
#11697 = VERTEX_POINT('',#11698);
#11698 = CARTESIAN_POINT('',(5.25,9.75,165.));
#11699 = SEAM_CURVE('',#11700,(#11704,#11710),.PCURVE_S1.);
#11700 = LINE('',#11701,#11702);
#11701 = CARTESIAN_POINT('',(5.75,9.25,165.));
#11702 = VECTOR('',#11703,1.);
#11703 = DIRECTION('',(-0.707106781187,0.707106781187,0.));
#11704 = PCURVE('',#8757,#11705);
#11705 = DEFINITIONAL_REPRESENTATION('',(#11706),#11709);
#11706 = B_SPLINE_CURVE_WITH_KNOTS('',1,(#11707,#11708),.UNSPECIFIED.,
  .F.,.F.,(2,2),(0.,0.707106781187),.PIECEWISE_BEZIER_KNOTS.);
#11707 = CARTESIAN_POINT('',(0.,0.));
#11708 = CARTESIAN_POINT('',(0.,-0.5));
#11709 = ( GEOMETRIC_REPRESENTATION_CONTEXT(2) 
PARAMETRIC_REPRESENTATION_CONTEXT() REPRESENTATION_CONTEXT('2D SPACE',''
  ) );
#11710 = PCURVE('',#8757,#11711);
#11711 = DEFINITIONAL_REPRESENTATION('',(#11712),#11715);
#11712 = B_SPLINE_CURVE_WITH_KNOTS('',1,(#11713,#11714),.UNSPECIFIED.,
  .F.,.F.,(2,2),(0.,0.707106781187),.PIECEWISE_BEZIER_KNOTS.);
#11713 = CARTESIAN_POINT('',(6.28318530718,0.));
#11714 = CARTESIAN_POINT('',(6.28318530718,-0.5));
#11715 = ( GEOMETRIC_REPRESENTATION_CONTEXT(2) 
PARAMETRIC_REPRESENTATION_CONTEXT() REPRESENTATION_CONTEXT('2D SPACE',''
  ) );
#11716 = ORIENTED_EDGE('',*,*,#8742,.T.);
#11717 = ORIENTED_EDGE('',*,*,#11696,.T.);
#11718 = ORIENTED_EDGE('',*,*,#11719,.F.);
#11719 = EDGE_CURVE('',#11697,#11697,#11720,.T.);
#11720 = SURFACE_CURVE('',#11721,(#11726,#11733),.PCURVE_S1.);
#11721 = CIRCLE('',#11722,1.5);
#11722 = AXIS2_PLACEMENT_3D('',#11723,#11724,#11725);
#11723 = CARTESIAN_POINT('',(3.75,9.75,165.));
#11724 = DIRECTION('',(0.,-1.,-0.));
#11725 = DIRECTION('',(1.,0.,0.));
#11726 = PCURVE('',#8757,#11727);
#11727 = DEFINITIONAL_REPRESENTATION('',(#11728),#11732);
#11728 = LINE('',#11729,#11730);
#11729 = CARTESIAN_POINT('',(0.,-0.5));
#11730 = VECTOR('',#11731,1.);
#11731 = DIRECTION('',(1.,-0.));
#11732 = ( GEOMETRIC_REPRESENTATION_CONTEXT(2) 
PARAMETRIC_REPRESENTATION_CONTEXT() REPRESENTATION_CONTEXT('2D SPACE',''
  ) );
#11733 = PCURVE('',#11734,#11739);
#11734 = PLANE('',#11735);
#11735 = AXIS2_PLACEMENT_3D('',#11736,#11737,#11738);
#11736 = CARTESIAN_POINT('',(3.75,9.75,165.));
#11737 = DIRECTION('',(-0.,-1.,-0.));
#11738 = DIRECTION('',(0.,0.,-1.));
#11739 = DEFINITIONAL_REPRESENTATION('',(#11740),#11744);
#11740 = CIRCLE('',#11741,1.5);
#11741 = AXIS2_PLACEMENT_2D('',#11742,#11743);
#11742 = CARTESIAN_POINT('',(0.,-1.33226762955E-15));
#11743 = DIRECTION('',(0.,1.));
#11744 = ( GEOMETRIC_REPRESENTATION_CONTEXT(2) 
PARAMETRIC_REPRESENTATION_CONTEXT() REPRESENTATION_CONTEXT('2D SPACE',''
  ) );
#11745 = ADVANCED_FACE('',(#11746),#8812,.T.);
#11746 = FACE_BOUND('',#11747,.F.);
#11747 = EDGE_LOOP('',(#11748,#11769,#11770,#11771));
#11748 = ORIENTED_EDGE('',*,*,#11749,.F.);
#11749 = EDGE_CURVE('',#8775,#11750,#11752,.T.);
#11750 = VERTEX_POINT('',#11751);
#11751 = CARTESIAN_POINT('',(5.25,9.75,198.));
#11752 = SEAM_CURVE('',#11753,(#11757,#11763),.PCURVE_S1.);
#11753 = LINE('',#11754,#11755);
#11754 = CARTESIAN_POINT('',(5.75,9.25,198.));
#11755 = VECTOR('',#11756,1.);
#11756 = DIRECTION('',(-0.707106781187,0.707106781187,0.));
#11757 = PCURVE('',#8812,#11758);
#11758 = DEFINITIONAL_REPRESENTATION('',(#11759),#11762);
#11759 = B_SPLINE_CURVE_WITH_KNOTS('',1,(#11760,#11761),.UNSPECIFIED.,
  .F.,.F.,(2,2),(0.,0.707106781187),.PIECEWISE_BEZIER_KNOTS.);
#11760 = CARTESIAN_POINT('',(0.,0.));
#11761 = CARTESIAN_POINT('',(0.,-0.5));
#11762 = ( GEOMETRIC_REPRESENTATION_CONTEXT(2) 
PARAMETRIC_REPRESENTATION_CONTEXT() REPRESENTATION_CONTEXT('2D SPACE',''
  ) );
#11763 = PCURVE('',#8812,#11764);
#11764 = DEFINITIONAL_REPRESENTATION('',(#11765),#11768);
#11765 = B_SPLINE_CURVE_WITH_KNOTS('',1,(#11766,#11767),.UNSPECIFIED.,
  .F.,.F.,(2,2),(0.,0.707106781187),.PIECEWISE_BEZIER_KNOTS.);
#11766 = CARTESIAN_POINT('',(6.28318530718,0.));
#11767 = CARTESIAN_POINT('',(6.28318530718,-0.5));
#11768 = ( GEOMETRIC_REPRESENTATION_CONTEXT(2) 
PARAMETRIC_REPRESENTATION_CONTEXT() REPRESENTATION_CONTEXT('2D SPACE',''
  ) );
#11769 = ORIENTED_EDGE('',*,*,#8797,.T.);
#11770 = ORIENTED_EDGE('',*,*,#11749,.T.);
#11771 = ORIENTED_EDGE('',*,*,#11772,.F.);
#11772 = EDGE_CURVE('',#11750,#11750,#11773,.T.);
#11773 = SURFACE_CURVE('',#11774,(#11779,#11786),.PCURVE_S1.);
#11774 = CIRCLE('',#11775,1.5);
#11775 = AXIS2_PLACEMENT_3D('',#11776,#11777,#11778);
#11776 = CARTESIAN_POINT('',(3.75,9.75,198.));
#11777 = DIRECTION('',(0.,-1.,-0.));
#11778 = DIRECTION('',(1.,0.,0.));
#11779 = PCURVE('',#8812,#11780);
#11780 = DEFINITIONAL_REPRESENTATION('',(#11781),#11785);
#11781 = LINE('',#11782,#11783);
#11782 = CARTESIAN_POINT('',(0.,-0.5));
#11783 = VECTOR('',#11784,1.);
#11784 = DIRECTION('',(1.,-0.));
#11785 = ( GEOMETRIC_REPRESENTATION_CONTEXT(2) 
PARAMETRIC_REPRESENTATION_CONTEXT() REPRESENTATION_CONTEXT('2D SPACE',''
  ) );
#11786 = PCURVE('',#11787,#11792);
#11787 = PLANE('',#11788);
#11788 = AXIS2_PLACEMENT_3D('',#11789,#11790,#11791);
#11789 = CARTESIAN_POINT('',(3.75,9.75,198.));
#11790 = DIRECTION('',(-0.,-1.,-0.));
#11791 = DIRECTION('',(0.,0.,-1.));
#11792 = DEFINITIONAL_REPRESENTATION('',(#11793),#11797);
#11793 = CIRCLE('',#11794,1.5);
#11794 = AXIS2_PLACEMENT_2D('',#11795,#11796);
#11795 = CARTESIAN_POINT('',(2.84217094304E-14,-1.33226762955E-15));
#11796 = DIRECTION('',(0.,1.));
#11797 = ( GEOMETRIC_REPRESENTATION_CONTEXT(2) 
PARAMETRIC_REPRESENTATION_CONTEXT() REPRESENTATION_CONTEXT('2D SPACE',''
  ) );
#11798 = ADVANCED_FACE('',(#11799),#11269,.T.);
#11799 = FACE_BOUND('',#11800,.F.);
#11800 = EDGE_LOOP('',(#11801,#11822,#11823,#11824));
#11801 = ORIENTED_EDGE('',*,*,#11802,.F.);
#11802 = EDGE_CURVE('',#11232,#11803,#11805,.T.);
#11803 = VERTEX_POINT('',#11804);
#11804 = CARTESIAN_POINT('',(5.25,9.75,6.));
#11805 = SEAM_CURVE('',#11806,(#11810,#11816),.PCURVE_S1.);
#11806 = LINE('',#11807,#11808);
#11807 = CARTESIAN_POINT('',(5.75,9.25,6.));
#11808 = VECTOR('',#11809,1.);
#11809 = DIRECTION('',(-0.707106781187,0.707106781187,0.));
#11810 = PCURVE('',#11269,#11811);
#11811 = DEFINITIONAL_REPRESENTATION('',(#11812),#11815);
#11812 = B_SPLINE_CURVE_WITH_KNOTS('',1,(#11813,#11814),.UNSPECIFIED.,
  .F.,.F.,(2,2),(0.,0.707106781187),.PIECEWISE_BEZIER_KNOTS.);
#11813 = CARTESIAN_POINT('',(0.,0.));
#11814 = CARTESIAN_POINT('',(0.,-0.5));
#11815 = ( GEOMETRIC_REPRESENTATION_CONTEXT(2) 
PARAMETRIC_REPRESENTATION_CONTEXT() REPRESENTATION_CONTEXT('2D SPACE',''
  ) );
#11816 = PCURVE('',#11269,#11817);
#11817 = DEFINITIONAL_REPRESENTATION('',(#11818),#11821);
#11818 = B_SPLINE_CURVE_WITH_KNOTS('',1,(#11819,#11820),.UNSPECIFIED.,
  .F.,.F.,(2,2),(0.,0.707106781187),.PIECEWISE_BEZIER_KNOTS.);
#11819 = CARTESIAN_POINT('',(6.28318530718,0.));
#11820 = CARTESIAN_POINT('',(6.28318530718,-0.5));
#11821 = ( GEOMETRIC_REPRESENTATION_CONTEXT(2) 
PARAMETRIC_REPRESENTATION_CONTEXT() REPRESENTATION_CONTEXT('2D SPACE',''
  ) );
#11822 = ORIENTED_EDGE('',*,*,#11254,.T.);
#11823 = ORIENTED_EDGE('',*,*,#11802,.T.);
#11824 = ORIENTED_EDGE('',*,*,#11825,.F.);
#11825 = EDGE_CURVE('',#11803,#11803,#11826,.T.);
#11826 = SURFACE_CURVE('',#11827,(#11832,#11839),.PCURVE_S1.);
#11827 = CIRCLE('',#11828,1.5);
#11828 = AXIS2_PLACEMENT_3D('',#11829,#11830,#11831);
#11829 = CARTESIAN_POINT('',(3.75,9.75,6.));
#11830 = DIRECTION('',(0.,-1.,-0.));
#11831 = DIRECTION('',(1.,0.,0.));
#11832 = PCURVE('',#11269,#11833);
#11833 = DEFINITIONAL_REPRESENTATION('',(#11834),#11838);
#11834 = LINE('',#11835,#11836);
#11835 = CARTESIAN_POINT('',(0.,-0.5));
#11836 = VECTOR('',#11837,1.);
#11837 = DIRECTION('',(1.,-0.));
#11838 = ( GEOMETRIC_REPRESENTATION_CONTEXT(2) 
PARAMETRIC_REPRESENTATION_CONTEXT() REPRESENTATION_CONTEXT('2D SPACE',''
  ) );
#11839 = PCURVE('',#11840,#11845);
#11840 = PLANE('',#11841);
#11841 = AXIS2_PLACEMENT_3D('',#11842,#11843,#11844);
#11842 = CARTESIAN_POINT('',(3.75,9.75,6.));
#11843 = DIRECTION('',(-0.,-1.,-0.));
#11844 = DIRECTION('',(0.,0.,-1.));
#11845 = DEFINITIONAL_REPRESENTATION('',(#11846),#11850);
#11846 = CIRCLE('',#11847,1.5);
#11847 = AXIS2_PLACEMENT_2D('',#11848,#11849);
#11848 = CARTESIAN_POINT('',(8.881784197001E-16,-4.440892098501E-16));
#11849 = DIRECTION('',(0.,1.));
#11850 = ( GEOMETRIC_REPRESENTATION_CONTEXT(2) 
PARAMETRIC_REPRESENTATION_CONTEXT() REPRESENTATION_CONTEXT('2D SPACE',''
  ) );
#11851 = ADVANCED_FACE('',(#11852),#11313,.F.);
#11852 = FACE_BOUND('',#11853,.F.);
#11853 = EDGE_LOOP('',(#11854,#11877,#11878,#11879));
#11854 = ORIENTED_EDGE('',*,*,#11855,.T.);
#11855 = EDGE_CURVE('',#11856,#11293,#11858,.T.);
#11856 = VERTEX_POINT('',#11857);
#11857 = CARTESIAN_POINT('',(248.35,2.25,6.));
#11858 = SEAM_CURVE('',#11859,(#11863,#11870),.PCURVE_S1.);
#11859 = LINE('',#11860,#11861);
#11860 = CARTESIAN_POINT('',(248.35,2.25,6.));
#11861 = VECTOR('',#11862,1.);
#11862 = DIRECTION('',(-0.,1.,-0.));
#11863 = PCURVE('',#11313,#11864);
#11864 = DEFINITIONAL_REPRESENTATION('',(#11865),#11869);
#11865 = LINE('',#11866,#11867);
#11866 = CARTESIAN_POINT('',(0.,0.));
#11867 = VECTOR('',#11868,1.);
#11868 = DIRECTION('',(0.,-1.));
#11869 = ( GEOMETRIC_REPRESENTATION_CONTEXT(2) 
PARAMETRIC_REPRESENTATION_CONTEXT() REPRESENTATION_CONTEXT('2D SPACE',''
  ) );
#11870 = PCURVE('',#11313,#11871);
#11871 = DEFINITIONAL_REPRESENTATION('',(#11872),#11876);
#11872 = LINE('',#11873,#11874);
#11873 = CARTESIAN_POINT('',(6.28318530718,0.));
#11874 = VECTOR('',#11875,1.);
#11875 = DIRECTION('',(0.,-1.));
#11876 = ( GEOMETRIC_REPRESENTATION_CONTEXT(2) 
PARAMETRIC_REPRESENTATION_CONTEXT() REPRESENTATION_CONTEXT('2D SPACE',''
  ) );
#11877 = ORIENTED_EDGE('',*,*,#11292,.T.);
#11878 = ORIENTED_EDGE('',*,*,#11855,.F.);
#11879 = ORIENTED_EDGE('',*,*,#11880,.F.);
#11880 = EDGE_CURVE('',#11856,#11856,#11881,.T.);
#11881 = SURFACE_CURVE('',#11882,(#11887,#11894),.PCURVE_S1.);
#11882 = CIRCLE('',#11883,2.1);
#11883 = AXIS2_PLACEMENT_3D('',#11884,#11885,#11886);
#11884 = CARTESIAN_POINT('',(246.25,2.25,6.));
#11885 = DIRECTION('',(0.,-1.,0.));
#11886 = DIRECTION('',(1.,0.,0.));
#11887 = PCURVE('',#11313,#11888);
#11888 = DEFINITIONAL_REPRESENTATION('',(#11889),#11893);
#11889 = LINE('',#11890,#11891);
#11890 = CARTESIAN_POINT('',(0.,0.));
#11891 = VECTOR('',#11892,1.);
#11892 = DIRECTION('',(1.,0.));
#11893 = ( GEOMETRIC_REPRESENTATION_CONTEXT(2) 
PARAMETRIC_REPRESENTATION_CONTEXT() REPRESENTATION_CONTEXT('2D SPACE',''
  ) );
#11894 = PCURVE('',#11895,#11900);
#11895 = PLANE('',#11896);
#11896 = AXIS2_PLACEMENT_3D('',#11897,#11898,#11899);
#11897 = CARTESIAN_POINT('',(246.25,2.25,6.));
#11898 = DIRECTION('',(-0.,-1.,-0.));
#11899 = DIRECTION('',(0.,0.,-1.));
#11900 = DEFINITIONAL_REPRESENTATION('',(#11901),#11905);
#11901 = CIRCLE('',#11902,2.1);
#11902 = AXIS2_PLACEMENT_2D('',#11903,#11904);
#11903 = CARTESIAN_POINT('',(-8.881784197001E-16,2.84217094304E-14));
#11904 = DIRECTION('',(0.,1.));
#11905 = ( GEOMETRIC_REPRESENTATION_CONTEXT(2) 
PARAMETRIC_REPRESENTATION_CONTEXT() REPRESENTATION_CONTEXT('2D SPACE',''
  ) );
#11906 = ADVANCED_FACE('',(#11907),#11410,.F.);
#11907 = FACE_BOUND('',#11908,.F.);
#11908 = EDGE_LOOP('',(#11909));
#11909 = ORIENTED_EDGE('',*,*,#11395,.T.);
#11910 = ADVANCED_FACE('',(#11911),#11465,.F.);
#11911 = FACE_BOUND('',#11912,.F.);
#11912 = EDGE_LOOP('',(#11913));
#11913 = ORIENTED_EDGE('',*,*,#11450,.T.);
#11914 = ADVANCED_FACE('',(#11915),#11520,.F.);
#11915 = FACE_BOUND('',#11916,.F.);
#11916 = EDGE_LOOP('',(#11917));
#11917 = ORIENTED_EDGE('',*,*,#11505,.T.);
#11918 = ADVANCED_FACE('',(#11919),#11575,.F.);
#11919 = FACE_BOUND('',#11920,.F.);
#11920 = EDGE_LOOP('',(#11921));
#11921 = ORIENTED_EDGE('',*,*,#11560,.T.);
#11922 = ADVANCED_FACE('',(#11923),#11628,.F.);
#11923 = FACE_BOUND('',#11924,.F.);
#11924 = EDGE_LOOP('',(#11925));
#11925 = ORIENTED_EDGE('',*,*,#11613,.T.);
#11926 = ADVANCED_FACE('',(#11927),#11681,.F.);
#11927 = FACE_BOUND('',#11928,.F.);
#11928 = EDGE_LOOP('',(#11929));
#11929 = ORIENTED_EDGE('',*,*,#11666,.T.);
#11930 = ADVANCED_FACE('',(#11931),#11734,.F.);
#11931 = FACE_BOUND('',#11932,.F.);
#11932 = EDGE_LOOP('',(#11933));
#11933 = ORIENTED_EDGE('',*,*,#11719,.T.);
#11934 = ADVANCED_FACE('',(#11935),#11787,.F.);
#11935 = FACE_BOUND('',#11936,.F.);
#11936 = EDGE_LOOP('',(#11937));
#11937 = ORIENTED_EDGE('',*,*,#11772,.T.);
#11938 = ADVANCED_FACE('',(#11939),#11840,.F.);
#11939 = FACE_BOUND('',#11940,.F.);
#11940 = EDGE_LOOP('',(#11941));
#11941 = ORIENTED_EDGE('',*,*,#11825,.T.);
#11942 = ADVANCED_FACE('',(#11943),#11895,.F.);
#11943 = FACE_BOUND('',#11944,.F.);
#11944 = EDGE_LOOP('',(#11945));
#11945 = ORIENTED_EDGE('',*,*,#11880,.T.);
#11946 = ( GEOMETRIC_REPRESENTATION_CONTEXT(3) 
GLOBAL_UNCERTAINTY_ASSIGNED_CONTEXT((#11950)) 
GLOBAL_UNIT_ASSIGNED_CONTEXT((#11947,#11948,#11949)) 
REPRESENTATION_CONTEXT('Context #1',
  '3D Context with UNIT and UNCERTAINTY') );
#11947 = ( LENGTH_UNIT() NAMED_UNIT(*) SI_UNIT(.MILLI.,.METRE.) );
#11948 = ( NAMED_UNIT(*) PLANE_ANGLE_UNIT() SI_UNIT($,.RADIAN.) );
#11949 = ( NAMED_UNIT(*) SI_UNIT($,.STERADIAN.) SOLID_ANGLE_UNIT() );
#11950 = UNCERTAINTY_MEASURE_WITH_UNIT(LENGTH_MEASURE(1.E-05),#11947,
  'distance_accuracy_value','confusion accuracy');
#11951 = PRODUCT_RELATED_PRODUCT_CATEGORY('part',$,(#7));
ENDSEC;
END-ISO-10303-21;
